handle,title,message_text_sample,localities_detected,tehran_quote,herat_quote,sulaymaniyah_quote,erbil_quote,baghdad_quote,iraq_quote,dubai_quote,istanbul_quote,hamburg_quote,berlin_quote,germany_quote,london_quote,frankfurt_quote,doha_quote,qatar_quote,yerevan_quote,armenia_quote,inferred_unit,normalized_irr_values,buy_quote,sell_quote,midpoint,freshness_indicator,parseability_score,quote_density_score,source_type,timestamp_iso,locality_name,normalized_rate_irr,quote_basis,quote_currency_guess
navasan_public_currency_board,Public Currency Board,Public currency board: Armenia 745 toman; Dubai 74000 toman; Germany 303100 toman; Iran 269200 toman; Iraq 205.94 toman; Qatar 74010 toman; Turkey 5480 toman; UK 355630 toman,Armenia|Dubai|Germany|Iran|Iraq|Qatar|Turkey|UK,,,,,,2697814.00,2717650.00,,,,2658771.93,,,,2693964.00,,2905500.00,toman,"{""Armenia"": 2905500.0, ""Dubai"": 2717650.0, ""Germany"": 2658771.93, ""Iran"": 2692000.0, ""Iraq"": 2697814.0, ""Qatar"": 2693964.0, ""Turkey"": 2475864.0, ""UK"": 2735615.38}",,,7450.00,fresh,94,100,regional_fx_board,2026-10-04T17:30:36+00:00,Armenia,2905500.0,provider_currency_board,AMD
navasan_public_currency_board,Public Currency Board,Public currency board: Armenia 745 toman; Dubai 74000 toman; Germany 303100 toman; Iran 269200 toman; Iraq 205.94 toman; Qatar 74010 toman; Turkey 5480 toman; UK 355630 toman,Armenia|Dubai|Germany|Iran|Iraq|Qatar|Turkey|UK,,,,,,2697814.00,2717650.00,,,,2658771.93,,,,2693964.00,,2905500.00,toman,"{""Armenia"": 2905500.0, ""Dubai"": 2717650.0, ""Germany"": 2658771.93, ""Iran"": 2692000.0, ""Iraq"": 2697814.0, ""Qatar"": 2693964.0, ""Turkey"": 2475864.0, ""UK"": 2735615.38}",,,740000.00,fresh,94,100,regional_fx_board,2026-10-04T20:10:05+00:00,Dubai,2717650.0,provider_currency_board,AED
navasan_public_currency_board,Public Currency Board,Public currency board: Armenia 745 toman; Dubai 74000 toman; Germany 303100 toman; Iran 269200 toman; Iraq 205.94 toman; Qatar 74010 toman; Turkey 5480 toman; UK 355630 toman,Armenia|Dubai|Germany|Iran|Iraq|Qatar|Turkey|UK,,,,,,2697814.00,2717650.00,,,,2658771.93,,,,2693964.00,,2905500.00,toman,"{""Armenia"": 2905500.0, ""Dubai"": 2717650.0, ""Germany"": 2658771.93, ""Iran"": 2692000.0, ""Iraq"": 2697814.0, ""Qatar"": 2693964.0, ""Turkey"": 2475864.0, ""UK"": 2735615.38}",,,3031000.00,fresh,94,100,regional_fx_board,2026-10-04T17:30:36+00:00,Germany,2658771.929824562,provider_currency_board,EUR
navasan_public_currency_board,Public Currency Board,Public currency board: Armenia 745 toman; Dubai 74000 toman; Germany 303100 toman; Iran 269200 toman; Iraq 205.94 toman; Qatar 74010 toman; Turkey 5480 toman; UK 355630 toman,Armenia|Dubai|Germany|Iran|Iraq|Qatar|Turkey|UK,,,,,,2697814.00,2717650.00,,,,2658771.93,,,,2693964.00,,2905500.00,toman,"{""Armenia"": 2905500.0, ""Dubai"": 2717650.0, ""Germany"": 2658771.93, ""Iran"": 2692000.0, ""Iraq"": 2697814.0, ""Qatar"": 2693964.0, ""Turkey"": 2475864.0, ""UK"": 2735615.38}",,,2692000.00,fresh,94,100,regional_fx_board,2026-10-04T17:30:36+00:00,Iran,2692000.0,provider_currency_board,USD
navasan_public_currency_board,Public Currency Board,Public currency board: Armenia 745 toman; Dubai 74000 toman; Germany 303100 toman; Iran 269200 toman; Iraq 205.94 toman; Qatar 74010 toman; Turkey 5480 toman; UK 355630 toman,Armenia|Dubai|Germany|Iran|Iraq|Qatar|Turkey|UK,,,,,,2697814.00,2717650.00,,,,2658771.93,,,,2693964.00,,2905500.00,toman,"{""Armenia"": 2905500.0, ""Dubai"": 2717650.0, ""Germany"": 2658771.93, ""Iran"": 2692000.0, ""Iraq"": 2697814.0, ""Qatar"": 2693964.0, ""Turkey"": 2475864.0, ""UK"": 2735615.38}",,,2059.40,fresh,94,100,regional_fx_board,2026-10-04T17:30:36+00:00,Iraq,2697814.0,provider_currency_board,IQD
navasan_public_currency_board,Public Currency Board,Public currency board: Armenia 745 toman; Dubai 74000 toman; Germany 303100 toman; Iran 269200 toman; Iraq 205.94 toman; Qatar 74010 toman; Turkey 5480 toman; UK 355630 toman,Armenia|Dubai|Germany|Iran|Iraq|Qatar|Turkey|UK,,,,,,2697814.00,2717650.00,,,,2658771.93,,,,2693964.00,,2905500.00,toman,"{""Armenia"": 2905500.0, ""Dubai"": 2717650.0, ""Germany"": 2658771.93, ""Iran"": 2692000.0, ""Iraq"": 2697814.0, ""Qatar"": 2693964.0, ""Turkey"": 2475864.0, ""UK"": 2735615.38}",,,740100.00,fresh,94,100,regional_fx_board,2026-10-04T17:30:36+00:00,Qatar,2693964.0,provider_currency_board,QAR
navasan_public_currency_board,Public Currency Board,Public currency board: Armenia 745 toman; Dubai 74000 toman; Germany 303100 toman; Iran 269200 toman; Iraq 205.94 toman; Qatar 74010 toman; Turkey 5480 toman; UK 355630 toman,Armenia|Dubai|Germany|Iran|Iraq|Qatar|Turkey|UK,,,,,,2697814.00,2717650.00,,,,2658771.93,,,,2693964.00,,2905500.00,toman,"{""Armenia"": 2905500.0, ""Dubai"": 2717650.0, ""Germany"": 2658771.93, ""Iran"": 2692000.0, ""Iraq"": 2697814.0, ""Qatar"": 2693964.0, ""Turkey"": 2475864.0, ""UK"": 2735615.38}",,,54800.00,fresh,94,100,regional_fx_board,2026-10-04T17:30:36+00:00,Turkey,2475864.0,provider_currency_board,TRY
navasan_public_currency_board,Public Currency Board,Public currency board: Armenia 745 toman; Dubai 74000 toman; Germany 303100 toman; Iran 269200 toman; Iraq 205.94 toman; Qatar 74010 toman; Turkey 5480 toman; UK 355630 toman,Armenia|Dubai|Germany|Iran|Iraq|Qatar|Turkey|UK,,,,,,2697814.00,2717650.00,,,,2658771.93,,,,2693964.00,,2905500.00,toman,"{""Armenia"": 2905500.0, ""Dubai"": 2717650.0, ""Germany"": 2658771.93, ""Iran"": 2692000.0, ""Iraq"": 2697814.0, ""Qatar"": 2693964.0, ""Turkey"": 2475864.0, ""UK"": 2735615.38}",,,3556300.00,fresh,94,100,regional_fx_board,2026-10-04T17:30:36+00:00,UK,2735615.3846153845,provider_currency_board,GBP
arzchande,ارز چنده؟ | Bonbast | بن بست,قیمت طلا 💰 هر اونس طلا : 0 دلار 🔻 کاهش: 1815 دلار 💰 یک مثقال طلای 17 عیار : 0 تومان 🔻 کاهش: 9733000 تومان 💰 یک گرم طلای 18 عیار : 0 تومان 🔻 کاهش: 2246871 تومان 💰 سکه تمام بهار آزادی : 0 تومان 🔻 کاهش: 24600000 تومان 💰 نیم سکه بهار آزادی : 0 ...,Armenia|Turkey,,,,,,,,,,,,,,,,,4641000.00,toman,"{""Armenia"": 4641000.0, ""Turkey"": 4766490.0}",,,,old,92,100,regional_fx_board,2025-01-28T16:37:10+00:00,Armenia,4641000.0,single_value,AMD
arzchande,ارز چنده؟ | Bonbast | بن بست,قیمت طلا 💰 هر اونس طلا : 0 دلار 🔻 کاهش: 1815 دلار 💰 یک مثقال طلای 17 عیار : 0 تومان 🔻 کاهش: 9733000 تومان 💰 یک گرم طلای 18 عیار : 0 تومان 🔻 کاهش: 2246871 تومان 💰 سکه تمام بهار آزادی : 0 تومان 🔻 کاهش: 24600000 تومان 💰 نیم سکه بهار آزادی : 0 ...,Armenia|Turkey,,,,,,,,,,,,,,,,,4641000.00,toman,"{""Armenia"": 4641000.0, ""Turkey"": 4766490.0}",,,,old,92,100,regional_fx_board,2025-01-28T16:37:10+00:00,Armenia,4641000.0,single_value,AMD
arzchande,ارز چنده؟ | Bonbast | بن بست,قیمت طلا 💰 هر اونس طلا : 0 دلار 🔻 کاهش: 1815 دلار 💰 یک مثقال طلای 17 عیار : 0 تومان 🔻 کاهش: 9733000 تومان 💰 یک گرم طلای 18 عیار : 0 تومان 🔻 کاهش: 2246871 تومان 💰 سکه تمام بهار آزادی : 0 تومان 🔻 کاهش: 24600000 تومان 💰 نیم سکه بهار آزادی : 0 ...,Armenia|Turkey,,,,,,,,,,,,,,,,,4641000.00,toman,"{""Armenia"": 4641000.0, ""Turkey"": 4766490.0}",,,,old,92,100,regional_fx_board,2025-01-28T16:37:10+00:00,Armenia,4641000.0,single_value,AMD
arzchande,ارز چنده؟ | Bonbast | بن بست,قیمت طلا 💰 هر اونس طلا : 0 دلار 🔻 کاهش: 1815 دلار 💰 یک مثقال طلای 17 عیار : 0 تومان 🔻 کاهش: 9733000 تومان 💰 یک گرم طلای 18 عیار : 0 تومان 🔻 کاهش: 2246871 تومان 💰 سکه تمام بهار آزادی : 0 تومان 🔻 کاهش: 24600000 تومان 💰 نیم سکه بهار آزادی : 0 ...,Armenia|Turkey,,,,,,,,,,,,,,,,,4641000.00,toman,"{""Armenia"": 4641000.0, ""Turkey"": 4766490.0}",,,,old,92,100,regional_fx_board,2025-01-28T16:37:17+00:00,Armenia,4641000.0,single_value,AMD
arzchande,ارز چنده؟ | Bonbast | بن بست,قیمت طلا 💰 هر اونس طلا : 0 دلار 🔻 کاهش: 1815 دلار 💰 یک مثقال طلای 17 عیار : 0 تومان 🔻 کاهش: 9733000 تومان 💰 یک گرم طلای 18 عیار : 0 تومان 🔻 کاهش: 2246871 تومان 💰 سکه تمام بهار آزادی : 0 تومان 🔻 کاهش: 24600000 تومان 💰 نیم سکه بهار آزادی : 0 ...,Armenia|Turkey,,,,,,,,,,,,,,,,,4641000.00,toman,"{""Armenia"": 4641000.0, ""Turkey"": 4766490.0}",,,,old,92,100,regional_fx_board,2025-01-28T16:37:17+00:00,Armenia,4641000.0,single_value,AMD
arzchande,ارز چنده؟ | Bonbast | بن بست,قیمت طلا 💰 هر اونس طلا : 0 دلار 🔻 کاهش: 1815 دلار 💰 یک مثقال طلای 17 عیار : 0 تومان 🔻 کاهش: 9733000 تومان 💰 یک گرم طلای 18 عیار : 0 تومان 🔻 کاهش: 2246871 تومان 💰 سکه تمام بهار آزادی : 0 تومان 🔻 کاهش: 24600000 تومان 💰 نیم سکه بهار آزادی : 0 ...,Armenia|Turkey,,,,,,,,,,,,,,,,,,toman,"{""Turkey"": 4766490.0}",,,,old,92,100,regional_fx_board,2025-01-28T16:37:10+00:00,Turkey,4766490.0,single_value,TRY
arzchande,ارز چنده؟ | Bonbast | بن بست,قیمت طلا 💰 هر اونس طلا : 0 دلار 🔻 کاهش: 1815 دلار 💰 یک مثقال طلای 17 عیار : 0 تومان 🔻 کاهش: 9733000 تومان 💰 یک گرم طلای 18 عیار : 0 تومان 🔻 کاهش: 2246871 تومان 💰 سکه تمام بهار آزادی : 0 تومان 🔻 کاهش: 24600000 تومان 💰 نیم سکه بهار آزادی : 0 ...,Armenia|Turkey,,,,,,,,,,,,,,,,,,toman,"{""Turkey"": 4766490.0}",,,,old,92,100,regional_fx_board,2025-01-28T16:37:10+00:00,Turkey,4766490.0,single_value,TRY
arzchande,ارز چنده؟ | Bonbast | بن بست,قیمت طلا 💰 هر اونس طلا : 0 دلار 🔻 کاهش: 1815 دلار 💰 یک مثقال طلای 17 عیار : 0 تومان 🔻 کاهش: 9733000 تومان 💰 یک گرم طلای 18 عیار : 0 تومان 🔻 کاهش: 2246871 تومان 💰 سکه تمام بهار آزادی : 0 تومان 🔻 کاهش: 24600000 تومان 💰 نیم سکه بهار آزادی : 0 ...,Armenia|Turkey,,,,,,,,,,,,,,,,,,toman,"{""Turkey"": 4766490.0}",,,,old,92,100,regional_fx_board,2025-01-28T16:37:10+00:00,Turkey,4766490.0,single_value,TRY
arzchande,ارز چنده؟ | Bonbast | بن بست,قیمت طلا 💰 هر اونس طلا : 0 دلار 🔻 کاهش: 1815 دلار 💰 یک مثقال طلای 17 عیار : 0 تومان 🔻 کاهش: 9733000 تومان 💰 یک گرم طلای 18 عیار : 0 تومان 🔻 کاهش: 2246871 تومان 💰 سکه تمام بهار آزادی : 0 تومان 🔻 کاهش: 24600000 تومان 💰 نیم سکه بهار آزادی : 0 ...,Armenia|Turkey,,,,,,,,,,,,,,,,,,toman,"{""Turkey"": 4766490.0}",,,,old,92,100,regional_fx_board,2025-01-28T16:37:17+00:00,Turkey,4766490.0,single_value,TRY
arzchande,ارز چنده؟ | Bonbast | بن بست,قیمت طلا 💰 هر اونس طلا : 0 دلار 🔻 کاهش: 1815 دلار 💰 یک مثقال طلای 17 عیار : 0 تومان 🔻 کاهش: 9733000 تومان 💰 یک گرم طلای 18 عیار : 0 تومان 🔻 کاهش: 2246871 تومان 💰 سکه تمام بهار آزادی : 0 تومان 🔻 کاهش: 24600000 تومان 💰 نیم سکه بهار آزادی : 0 ...,Armenia|Turkey,,,,,,,,,,,,,,,,,,toman,"{""Turkey"": 4766490.0}",,,,old,92,100,regional_fx_board,2025-01-28T16:37:17+00:00,Turkey,4766490.0,single_value,TRY
dollariraqi,سعر الدولار في العراق لحظة بلحظة بورصة الكفاح و الحارثية $,"🟢 آخر أسعار الدولار في البورصات المحلية 🕰 🔒 🔒 : الاقفال الاسبوعي: ▣بغداد: 157,350 عرض ▣اربيل: 157,400 عرض ▣السليمانية: 157,500 عرض ▣كربلاء: 157,450 عرض ▣النجف: 157,450 عرض ▣البصرة: 157,350 عرض ▣كركوك: 157,600 عرض ▣الموصل: 157,500 عرض ▣دهوك:...",Baghdad|Erbil|Sulaymaniyah,,,1574000.00,1573500.00,1573500.00,,,,,,,,,,,,,toman,"{""Baghdad"": 1573500.0, ""Erbil"": 1573500.0, ""Sulaymaniyah"": 1574000.0}",,,,recent,92,100,regional_fx_board,2026-10-01T21:00:34+00:00,Baghdad,1573500.0,single_value,USD
dollariraqi,سعر الدولار في العراق لحظة بلحظة بورصة الكفاح و الحارثية $,"🟢 آخر أسعار الدولار في البورصات المحلية 🕰 🔒 🔒 : الاقفال الاسبوعي: ▣بغداد: 157,350 عرض ▣اربيل: 157,400 عرض ▣السليمانية: 157,500 عرض ▣كربلاء: 157,450 عرض ▣النجف: 157,450 عرض ▣البصرة: 157,350 عرض ▣كركوك: 157,600 عرض ▣الموصل: 157,500 عرض ▣دهوك:...",Baghdad|Erbil|Sulaymaniyah,,,1574000.00,1573500.00,,,,,,,,,,,,,,toman,"{""Erbil"": 1573500.0, ""Sulaymaniyah"": 1574000.0}",,,,recent,92,100,regional_fx_board,2026-10-01T21:00:34+00:00,Erbil,1573500.0,single_value,USD
dollariraqi,سعر الدولار في العراق لحظة بلحظة بورصة الكفاح و الحارثية $,"🟢 آخر أسعار الدولار في البورصات المحلية 🕰 🔒 🔒 : الاقفال الاسبوعي: ▣بغداد: 157,350 عرض ▣اربيل: 157,400 عرض ▣السليمانية: 157,500 عرض ▣كربلاء: 157,450 عرض ▣النجف: 157,450 عرض ▣البصرة: 157,350 عرض ▣كركوك: 157,600 عرض ▣الموصل: 157,500 عرض ▣دهوك:...",Baghdad|Erbil|Sulaymaniyah,,,1574000.00,,,,,,,,,,,,,,,toman,"{""Sulaymaniyah"": 1574000.0}",,,,recent,92,100,regional_fx_board,2026-10-01T21:00:34+00:00,Sulaymaniyah,1574000.0,single_value,USD
exchangeratescountries,نرخ ارز ساعتی £ $ €,". ⭕️ قیمت ارزهای آزاد | سه شنبه 31 شهریور 1405 - 18:58 🇺🇸 دلار : 2,335,000 ریال 🇪🇺 یورو : 2,674,600 ریال 🇬🇧 پوند انگلیس : 3,116,000 ریال 🇦🇪 درهم امارات : 636,080 ریال 🇹🇷 لیر ترکیه : 48,765 ریال 🇨🇭 فرانک سوئیس : 2,846,700 ریال 🇩🇰 کرون دانمار...",Armenia|Dubai|Iraq|Qatar|Turkey|UK,,,,,,1944040.00,2336003.80,,,,,,,,2334696.00,,2577900.00,rial,"{""Armenia"": 2577900.0, ""Dubai"": 2336003.8, ""Iraq"": 1944040.0, ""Qatar"": 2334696.0, ""Turkey"": 2203202.7, ""UK"": 2396923.08}",,,,stale,92,100,regional_fx_board,2026-09-23T11:01:18+00:00,Armenia,2577900.0,single_value,AMD
exchangeratescountries,نرخ ارز ساعتی £ $ €,". ⭕️ قیمت ارزهای آزاد | شنبه 4 مهر 1405 - 12:11 🇺🇸 دلار : 2,341,950 ریال 🇪🇺 یورو : 2,669,700 ریال 🇬🇧 پوند انگلیس : 3,104,600 ریال 🇦🇪 درهم امارات : 637,710 ریال 🇹🇷 لیر ترکیه : 48,865 ریال 🇨🇭 فرانک سوئیس : 2,828,700 ریال 🇩🇰 کرون دانمارک : 356...",Armenia|Dubai|Iraq|Qatar|Turkey|UK,,,,,,1965000.00,2341989.98,,,,,,,,2340884.00,,2511600.00,rial,"{""Armenia"": 2511600.0, ""Dubai"": 2341989.98, ""Iraq"": 1965000.0, ""Qatar"": 2340884.0, ""Turkey"": 2207720.7, ""UK"": 2388153.85}",,,,stale,92,100,regional_fx_board,2026-09-26T09:21:12+00:00,Armenia,2511600.0,single_value,AMD
exchangeratescountries,نرخ ارز ساعتی £ $ €,". ⭕️ قیمت ارزهای آزاد | سه شنبه 31 شهریور 1405 - 18:58 🇺🇸 دلار : 2,335,000 ریال 🇪🇺 یورو : 2,674,600 ریال 🇬🇧 پوند انگلیس : 3,116,000 ریال 🇦🇪 درهم امارات : 636,080 ریال 🇹🇷 لیر ترکیه : 48,765 ریال 🇨🇭 فرانک سوئیس : 2,846,700 ریال 🇩🇰 کرون دانمار...",Armenia|Dubai|Iraq|Qatar|Turkey|UK,,,,,,1944040.00,2336003.80,,,,,,,,,,,rial,"{""Dubai"": 2336003.8, ""Iraq"": 1944040.0}",,,,stale,92,100,regional_fx_board,2026-09-23T11:01:18+00:00,Dubai,2336003.8,single_value,AED
exchangeratescountries,نرخ ارز ساعتی £ $ €,". ⭕️ قیمت ارزهای آزاد | شنبه 4 مهر 1405 - 12:11 🇺🇸 دلار : 2,341,950 ریال 🇪🇺 یورو : 2,669,700 ریال 🇬🇧 پوند انگلیس : 3,104,600 ریال 🇦🇪 درهم امارات : 637,710 ریال 🇹🇷 لیر ترکیه : 48,865 ریال 🇨🇭 فرانک سوئیس : 2,828,700 ریال 🇩🇰 کرون دانمارک : 356...",Armenia|Dubai|Iraq|Qatar|Turkey|UK,,,,,,1965000.00,2341989.98,,,,,,,,,,,rial,"{""Dubai"": 2341989.98, ""Iraq"": 1965000.0}",,,,stale,92,100,regional_fx_board,2026-09-26T09:21:12+00:00,Dubai,2341989.975,single_value,AED
exchangeratescountries,نرخ ارز ساعتی £ $ €,". ⭕️ قیمت ارزهای آزاد | سه شنبه 31 شهریور 1405 - 18:58 🇺🇸 دلار : 2,335,000 ریال 🇪🇺 یورو : 2,674,600 ریال 🇬🇧 پوند انگلیس : 3,116,000 ریال 🇦🇪 درهم امارات : 636,080 ریال 🇹🇷 لیر ترکیه : 48,765 ریال 🇨🇭 فرانک سوئیس : 2,846,700 ریال 🇩🇰 کرون دانمار...",Armenia|Dubai|Iraq|Qatar|Turkey|UK,,,,,,1944040.00,,,,,,,,,,,,rial,"{""Iraq"": 1944040.0}",,,,stale,92,100,regional_fx_board,2026-09-23T11:01:18+00:00,Iraq,1944040.0,single_value,IQD
exchangeratescountries,نرخ ارز ساعتی £ $ €,". ⭕️ قیمت ارزهای آزاد | شنبه 4 مهر 1405 - 12:11 🇺🇸 دلار : 2,341,950 ریال 🇪🇺 یورو : 2,669,700 ریال 🇬🇧 پوند انگلیس : 3,104,600 ریال 🇦🇪 درهم امارات : 637,710 ریال 🇹🇷 لیر ترکیه : 48,865 ریال 🇨🇭 فرانک سوئیس : 2,828,700 ریال 🇩🇰 کرون دانمارک : 356...",Armenia|Dubai|Iraq|Qatar|Turkey|UK,,,,,,1965000.00,,,,,,,,,,,,rial,"{""Iraq"": 1965000.0}",,,,stale,92,100,regional_fx_board,2026-09-26T09:21:12+00:00,Iraq,1965000.0,single_value,IQD
exchangeratescountries,نرخ ارز ساعتی £ $ €,". ⭕️ قیمت ارزهای آزاد | سه شنبه 31 شهریور 1405 - 18:58 🇺🇸 دلار : 2,335,000 ریال 🇪🇺 یورو : 2,674,600 ریال 🇬🇧 پوند انگلیس : 3,116,000 ریال 🇦🇪 درهم امارات : 636,080 ریال 🇹🇷 لیر ترکیه : 48,765 ریال 🇨🇭 فرانک سوئیس : 2,846,700 ریال 🇩🇰 کرون دانمار...",Armenia|Dubai|Iraq|Qatar|Turkey|UK,,,,,,1944040.00,2336003.80,,,,,,,,2334696.00,,,rial,"{""Dubai"": 2336003.8, ""Iraq"": 1944040.0, ""Qatar"": 2334696.0, ""Turkey"": 2203202.7, ""UK"": 2396923.08}",,,,stale,92,100,regional_fx_board,2026-09-23T11:01:18+00:00,Qatar,2334696.0,single_value,QAR
exchangeratescountries,نرخ ارز ساعتی £ $ €,". ⭕️ قیمت ارزهای آزاد | شنبه 4 مهر 1405 - 12:11 🇺🇸 دلار : 2,341,950 ریال 🇪🇺 یورو : 2,669,700 ریال 🇬🇧 پوند انگلیس : 3,104,600 ریال 🇦🇪 درهم امارات : 637,710 ریال 🇹🇷 لیر ترکیه : 48,865 ریال 🇨🇭 فرانک سوئیس : 2,828,700 ریال 🇩🇰 کرون دانمارک : 356...",Armenia|Dubai|Iraq|Qatar|Turkey|UK,,,,,,1965000.00,2341989.98,,,,,,,,2340884.00,,,rial,"{""Dubai"": 2341989.98, ""Iraq"": 1965000.0, ""Qatar"": 2340884.0, ""Turkey"": 2207720.7, ""UK"": 2388153.85}",,,,stale,92,100,regional_fx_board,2026-09-26T09:21:12+00:00,Qatar,2340884.0,single_value,QAR
exchangeratescountries,نرخ ارز ساعتی £ $ €,". ⭕️ قیمت ارزهای آزاد | سه شنبه 31 شهریور 1405 - 18:58 🇺🇸 دلار : 2,335,000 ریال 🇪🇺 یورو : 2,674,600 ریال 🇬🇧 پوند انگلیس : 3,116,000 ریال 🇦🇪 درهم امارات : 636,080 ریال 🇹🇷 لیر ترکیه : 48,765 ریال 🇨🇭 فرانک سوئیس : 2,846,700 ریال 🇩🇰 کرون دانمار...",Armenia|Dubai|Iraq|Qatar|Turkey|UK,,,,,,1944040.00,2336003.80,,,,,,,,,,,rial,"{""Dubai"": 2336003.8, ""Iraq"": 1944040.0, ""Turkey"": 2203202.7}",,,,stale,92,100,regional_fx_board,2026-09-23T11:01:18+00:00,Turkey,2203202.7,single_value,TRY
exchangeratescountries,نرخ ارز ساعتی £ $ €,". ⭕️ قیمت ارزهای آزاد | شنبه 4 مهر 1405 - 12:11 🇺🇸 دلار : 2,341,950 ریال 🇪🇺 یورو : 2,669,700 ریال 🇬🇧 پوند انگلیس : 3,104,600 ریال 🇦🇪 درهم امارات : 637,710 ریال 🇹🇷 لیر ترکیه : 48,865 ریال 🇨🇭 فرانک سوئیس : 2,828,700 ریال 🇩🇰 کرون دانمارک : 356...",Armenia|Dubai|Iraq|Qatar|Turkey|UK,,,,,,1965000.00,2341989.98,,,,,,,,,,,rial,"{""Dubai"": 2341989.98, ""Iraq"": 1965000.0, ""Turkey"": 2207720.7}",,,,stale,92,100,regional_fx_board,2026-09-26T09:21:12+00:00,Turkey,2207720.7,single_value,TRY
exchangeratescountries,نرخ ارز ساعتی £ $ €,". ⭕️ قیمت ارزهای آزاد | سه شنبه 31 شهریور 1405 - 18:58 🇺🇸 دلار : 2,335,000 ریال 🇪🇺 یورو : 2,674,600 ریال 🇬🇧 پوند انگلیس : 3,116,000 ریال 🇦🇪 درهم امارات : 636,080 ریال 🇹🇷 لیر ترکیه : 48,765 ریال 🇨🇭 فرانک سوئیس : 2,846,700 ریال 🇩🇰 کرون دانمار...",Armenia|Dubai|Iraq|Qatar|Turkey|UK,,,,,,1944040.00,2336003.80,,,,,,,,,,,rial,"{""Dubai"": 2336003.8, ""Iraq"": 1944040.0, ""Turkey"": 2203202.7, ""UK"": 2396923.08}",,,,stale,92,100,regional_fx_board,2026-09-23T11:01:18+00:00,UK,2396923.076923077,single_value,GBP
exchangeratescountries,نرخ ارز ساعتی £ $ €,". ⭕️ قیمت ارزهای آزاد | شنبه 4 مهر 1405 - 12:11 🇺🇸 دلار : 2,341,950 ریال 🇪🇺 یورو : 2,669,700 ریال 🇬🇧 پوند انگلیس : 3,104,600 ریال 🇦🇪 درهم امارات : 637,710 ریال 🇹🇷 لیر ترکیه : 48,865 ریال 🇨🇭 فرانک سوئیس : 2,828,700 ریال 🇩🇰 کرون دانمارک : 356...",Armenia|Dubai|Iraq|Qatar|Turkey|UK,,,,,,1965000.00,2341989.98,,,,,,,,,,,rial,"{""Dubai"": 2341989.98, ""Iraq"": 1965000.0, ""Turkey"": 2207720.7, ""UK"": 2388153.85}",,,,stale,92,100,regional_fx_board,2026-09-26T09:21:12+00:00,UK,2388153.846153846,single_value,GBP
moneytransfersarafi,Money Transfer Sarafi مانی حواله صرافي,". ⭕️ قیمت ارزهای آزاد | سه شنبه 31 شهریور 1405 - 18:58 🇺🇸 دلار : 2,335,000 ریال 🇪🇺 یورو : 2,674,600 ریال 🇬🇧 پوند انگلیس : 3,116,000 ریال 🇦🇪 درهم امارات : 636,080 ریال 🇹🇷 لیر ترکیه : 48,765 ریال 🇨🇭 فرانک سوئیس : 2,846,700 ریال 🇩🇰 کرون دانمار...",Armenia|Dubai|Iraq|Qatar|Turkey|UK,,,,,,1944040.00,2336003.80,,,,,,,,2334696.00,,2577900.00,rial,"{""Armenia"": 2577900.0, ""Dubai"": 2336003.8, ""Iraq"": 1944040.0, ""Qatar"": 2334696.0, ""Turkey"": 2203202.7, ""UK"": 2396923.08}",,,,stale,92,100,regional_fx_board,2026-09-23T11:01:18+00:00,Armenia,2577900.0,single_value,AMD
moneytransfersarafi,Money Transfer Sarafi مانی حواله صرافي,". ⭕️ قیمت ارزهای آزاد | شنبه 4 مهر 1405 - 12:11 🇺🇸 دلار : 2,341,950 ریال 🇪🇺 یورو : 2,669,700 ریال 🇬🇧 پوند انگلیس : 3,104,600 ریال 🇦🇪 درهم امارات : 637,710 ریال 🇹🇷 لیر ترکیه : 48,865 ریال 🇨🇭 فرانک سوئیس : 2,828,700 ریال 🇩🇰 کرون دانمارک : 356...",Armenia|Dubai|Iraq|Qatar|Turkey|UK,,,,,,1965000.00,2341989.98,,,,,,,,2340884.00,,2511600.00,rial,"{""Armenia"": 2511600.0, ""Dubai"": 2341989.98, ""Iraq"": 1965000.0, ""Qatar"": 2340884.0, ""Turkey"": 2207720.7, ""UK"": 2388153.85}",,,,stale,92,100,regional_fx_board,2026-09-26T09:21:12+00:00,Armenia,2511600.0,single_value,AMD
moneytransfersarafi,Money Transfer Sarafi مانی حواله صرافي,". ⭕️ قیمت ارزهای آزاد | سه شنبه 31 شهریور 1405 - 18:58 🇺🇸 دلار : 2,335,000 ریال 🇪🇺 یورو : 2,674,600 ریال 🇬🇧 پوند انگلیس : 3,116,000 ریال 🇦🇪 درهم امارات : 636,080 ریال 🇹🇷 لیر ترکیه : 48,765 ریال 🇨🇭 فرانک سوئیس : 2,846,700 ریال 🇩🇰 کرون دانمار...",Armenia|Dubai|Iraq|Qatar|Turkey|UK,,,,,,1944040.00,2336003.80,,,,,,,,,,,rial,"{""Dubai"": 2336003.8, ""Iraq"": 1944040.0}",,,,stale,92,100,regional_fx_board,2026-09-23T11:01:18+00:00,Dubai,2336003.8,single_value,AED
moneytransfersarafi,Money Transfer Sarafi مانی حواله صرافي,". ⭕️ قیمت ارزهای آزاد | شنبه 4 مهر 1405 - 12:11 🇺🇸 دلار : 2,341,950 ریال 🇪🇺 یورو : 2,669,700 ریال 🇬🇧 پوند انگلیس : 3,104,600 ریال 🇦🇪 درهم امارات : 637,710 ریال 🇹🇷 لیر ترکیه : 48,865 ریال 🇨🇭 فرانک سوئیس : 2,828,700 ریال 🇩🇰 کرون دانمارک : 356...",Armenia|Dubai|Iraq|Qatar|Turkey|UK,,,,,,1965000.00,2341989.98,,,,,,,,,,,rial,"{""Dubai"": 2341989.98, ""Iraq"": 1965000.0}",,,,stale,92,100,regional_fx_board,2026-09-26T09:21:12+00:00,Dubai,2341989.975,single_value,AED
moneytransfersarafi,Money Transfer Sarafi مانی حواله صرافي,". ⭕️ قیمت ارزهای آزاد | سه شنبه 31 شهریور 1405 - 18:58 🇺🇸 دلار : 2,335,000 ریال 🇪🇺 یورو : 2,674,600 ریال 🇬🇧 پوند انگلیس : 3,116,000 ریال 🇦🇪 درهم امارات : 636,080 ریال 🇹🇷 لیر ترکیه : 48,765 ریال 🇨🇭 فرانک سوئیس : 2,846,700 ریال 🇩🇰 کرون دانمار...",Armenia|Dubai|Iraq|Qatar|Turkey|UK,,,,,,1944040.00,,,,,,,,,,,,rial,"{""Iraq"": 1944040.0}",,,,stale,92,100,regional_fx_board,2026-09-23T11:01:18+00:00,Iraq,1944040.0,single_value,IQD
moneytransfersarafi,Money Transfer Sarafi مانی حواله صرافي,". ⭕️ قیمت ارزهای آزاد | شنبه 4 مهر 1405 - 12:11 🇺🇸 دلار : 2,341,950 ریال 🇪🇺 یورو : 2,669,700 ریال 🇬🇧 پوند انگلیس : 3,104,600 ریال 🇦🇪 درهم امارات : 637,710 ریال 🇹🇷 لیر ترکیه : 48,865 ریال 🇨🇭 فرانک سوئیس : 2,828,700 ریال 🇩🇰 کرون دانمارک : 356...",Armenia|Dubai|Iraq|Qatar|Turkey|UK,,,,,,1965000.00,,,,,,,,,,,,rial,"{""Iraq"": 1965000.0}",,,,stale,92,100,regional_fx_board,2026-09-26T09:21:12+00:00,Iraq,1965000.0,single_value,IQD
moneytransfersarafi,Money Transfer Sarafi مانی حواله صرافي,". ⭕️ قیمت ارزهای آزاد | سه شنبه 31 شهریور 1405 - 18:58 🇺🇸 دلار : 2,335,000 ریال 🇪🇺 یورو : 2,674,600 ریال 🇬🇧 پوند انگلیس : 3,116,000 ریال 🇦🇪 درهم امارات : 636,080 ریال 🇹🇷 لیر ترکیه : 48,765 ریال 🇨🇭 فرانک سوئیس : 2,846,700 ریال 🇩🇰 کرون دانمار...",Armenia|Dubai|Iraq|Qatar|Turkey|UK,,,,,,1944040.00,2336003.80,,,,,,,,2334696.00,,,rial,"{""Dubai"": 2336003.8, ""Iraq"": 1944040.0, ""Qatar"": 2334696.0, ""Turkey"": 2203202.7, ""UK"": 2396923.08}",,,,stale,92,100,regional_fx_board,2026-09-23T11:01:18+00:00,Qatar,2334696.0,single_value,QAR
moneytransfersarafi,Money Transfer Sarafi مانی حواله صرافي,". ⭕️ قیمت ارزهای آزاد | شنبه 4 مهر 1405 - 12:11 🇺🇸 دلار : 2,341,950 ریال 🇪🇺 یورو : 2,669,700 ریال 🇬🇧 پوند انگلیس : 3,104,600 ریال 🇦🇪 درهم امارات : 637,710 ریال 🇹🇷 لیر ترکیه : 48,865 ریال 🇨🇭 فرانک سوئیس : 2,828,700 ریال 🇩🇰 کرون دانمارک : 356...",Armenia|Dubai|Iraq|Qatar|Turkey|UK,,,,,,1965000.00,2341989.98,,,,,,,,2340884.00,,,rial,"{""Dubai"": 2341989.98, ""Iraq"": 1965000.0, ""Qatar"": 2340884.0, ""Turkey"": 2207720.7, ""UK"": 2388153.85}",,,,stale,92,100,regional_fx_board,2026-09-26T09:21:12+00:00,Qatar,2340884.0,single_value,QAR
moneytransfersarafi,Money Transfer Sarafi مانی حواله صرافي,". ⭕️ قیمت ارزهای آزاد | سه شنبه 31 شهریور 1405 - 18:58 🇺🇸 دلار : 2,335,000 ریال 🇪🇺 یورو : 2,674,600 ریال 🇬🇧 پوند انگلیس : 3,116,000 ریال 🇦🇪 درهم امارات : 636,080 ریال 🇹🇷 لیر ترکیه : 48,765 ریال 🇨🇭 فرانک سوئیس : 2,846,700 ریال 🇩🇰 کرون دانمار...",Armenia|Dubai|Iraq|Qatar|Turkey|UK,,,,,,1944040.00,2336003.80,,,,,,,,,,,rial,"{""Dubai"": 2336003.8, ""Iraq"": 1944040.0, ""Turkey"": 2203202.7}",,,,stale,92,100,regional_fx_board,2026-09-23T11:01:18+00:00,Turkey,2203202.7,single_value,TRY
moneytransfersarafi,Money Transfer Sarafi مانی حواله صرافي,". ⭕️ قیمت ارزهای آزاد | شنبه 4 مهر 1405 - 12:11 🇺🇸 دلار : 2,341,950 ریال 🇪🇺 یورو : 2,669,700 ریال 🇬🇧 پوند انگلیس : 3,104,600 ریال 🇦🇪 درهم امارات : 637,710 ریال 🇹🇷 لیر ترکیه : 48,865 ریال 🇨🇭 فرانک سوئیس : 2,828,700 ریال 🇩🇰 کرون دانمارک : 356...",Armenia|Dubai|Iraq|Qatar|Turkey|UK,,,,,,1965000.00,2341989.98,,,,,,,,,,,rial,"{""Dubai"": 2341989.98, ""Iraq"": 1965000.0, ""Turkey"": 2207720.7}",,,,stale,92,100,regional_fx_board,2026-09-26T09:21:12+00:00,Turkey,2207720.7,single_value,TRY
moneytransfersarafi,Money Transfer Sarafi مانی حواله صرافي,". ⭕️ قیمت ارزهای آزاد | سه شنبه 31 شهریور 1405 - 18:58 🇺🇸 دلار : 2,335,000 ریال 🇪🇺 یورو : 2,674,600 ریال 🇬🇧 پوند انگلیس : 3,116,000 ریال 🇦🇪 درهم امارات : 636,080 ریال 🇹🇷 لیر ترکیه : 48,765 ریال 🇨🇭 فرانک سوئیس : 2,846,700 ریال 🇩🇰 کرون دانمار...",Armenia|Dubai|Iraq|Qatar|Turkey|UK,,,,,,1944040.00,2336003.80,,,,,,,,,,,rial,"{""Dubai"": 2336003.8, ""Iraq"": 1944040.0, ""Turkey"": 2203202.7, ""UK"": 2396923.08}",,,,stale,92,100,regional_fx_board,2026-09-23T11:01:18+00:00,UK,2396923.076923077,single_value,GBP
moneytransfersarafi,Money Transfer Sarafi مانی حواله صرافي,". ⭕️ قیمت ارزهای آزاد | شنبه 4 مهر 1405 - 12:11 🇺🇸 دلار : 2,341,950 ریال 🇪🇺 یورو : 2,669,700 ریال 🇬🇧 پوند انگلیس : 3,104,600 ریال 🇦🇪 درهم امارات : 637,710 ریال 🇹🇷 لیر ترکیه : 48,865 ریال 🇨🇭 فرانک سوئیس : 2,828,700 ریال 🇩🇰 کرون دانمارک : 356...",Armenia|Dubai|Iraq|Qatar|Turkey|UK,,,,,,1965000.00,2341989.98,,,,,,,,,,,rial,"{""Dubai"": 2341989.98, ""Iraq"": 1965000.0, ""Turkey"": 2207720.7, ""UK"": 2388153.85}",,,,stale,92,100,regional_fx_board,2026-09-26T09:21:12+00:00,UK,2388153.846153846,single_value,GBP
nerkh_uk,نرخ ارز Nerkh_Uk,". ⭕️ قیمت ارزهای آزاد | سه شنبه 31 شهریور 1405 - 18:58 🇺🇸 دلار : 2,335,000 ریال 🇪🇺 یورو : 2,674,600 ریال 🇬🇧 پوند انگلیس : 3,116,000 ریال 🇦🇪 درهم امارات : 636,080 ریال 🇹🇷 لیر ترکیه : 48,765 ریال 🇨🇭 فرانک سوئیس : 2,846,700 ریال 🇩🇰 کرون دانمار...",Armenia|Dubai|Iraq|Qatar|Turkey|UK,,,,,,1944040.00,2336003.80,,,,,,,,2334696.00,,2577900.00,rial,"{""Armenia"": 2577900.0, ""Dubai"": 2336003.8, ""Iraq"": 1944040.0, ""Qatar"": 2334696.0, ""Turkey"": 2203202.7, ""UK"": 2396923.08}",,,,stale,92,100,regional_fx_board,2026-09-23T11:01:18+00:00,Armenia,2577900.0,single_value,AMD
nerkh_uk,نرخ ارز Nerkh_Uk,". ⭕️ قیمت ارزهای آزاد | شنبه 4 مهر 1405 - 12:11 🇺🇸 دلار : 2,341,950 ریال 🇪🇺 یورو : 2,669,700 ریال 🇬🇧 پوند انگلیس : 3,104,600 ریال 🇦🇪 درهم امارات : 637,710 ریال 🇹🇷 لیر ترکیه : 48,865 ریال 🇨🇭 فرانک سوئیس : 2,828,700 ریال 🇩🇰 کرون دانمارک : 356...",Armenia|Dubai|Iraq|Qatar|Turkey|UK,,,,,,1965000.00,2341989.98,,,,,,,,2340884.00,,2511600.00,rial,"{""Armenia"": 2511600.0, ""Dubai"": 2341989.98, ""Iraq"": 1965000.0, ""Qatar"": 2340884.0, ""Turkey"": 2207720.7, ""UK"": 2388153.85}",,,,stale,92,100,regional_fx_board,2026-09-26T09:21:12+00:00,Armenia,2511600.0,single_value,AMD
nerkh_uk,نرخ ارز Nerkh_Uk,". ⭕️ قیمت ارزهای آزاد | سه شنبه 31 شهریور 1405 - 18:58 🇺🇸 دلار : 2,335,000 ریال 🇪🇺 یورو : 2,674,600 ریال 🇬🇧 پوند انگلیس : 3,116,000 ریال 🇦🇪 درهم امارات : 636,080 ریال 🇹🇷 لیر ترکیه : 48,765 ریال 🇨🇭 فرانک سوئیس : 2,846,700 ریال 🇩🇰 کرون دانمار...",Armenia|Dubai|Iraq|Qatar|Turkey|UK,,,,,,1944040.00,2336003.80,,,,,,,,,,,rial,"{""Dubai"": 2336003.8, ""Iraq"": 1944040.0}",,,,stale,92,100,regional_fx_board,2026-09-23T11:01:18+00:00,Dubai,2336003.8,single_value,AED
nerkh_uk,نرخ ارز Nerkh_Uk,". ⭕️ قیمت ارزهای آزاد | شنبه 4 مهر 1405 - 12:11 🇺🇸 دلار : 2,341,950 ریال 🇪🇺 یورو : 2,669,700 ریال 🇬🇧 پوند انگلیس : 3,104,600 ریال 🇦🇪 درهم امارات : 637,710 ریال 🇹🇷 لیر ترکیه : 48,865 ریال 🇨🇭 فرانک سوئیس : 2,828,700 ریال 🇩🇰 کرون دانمارک : 356...",Armenia|Dubai|Iraq|Qatar|Turkey|UK,,,,,,1965000.00,2341989.98,,,,,,,,,,,rial,"{""Dubai"": 2341989.98, ""Iraq"": 1965000.0}",,,,stale,92,100,regional_fx_board,2026-09-26T09:21:12+00:00,Dubai,2341989.975,single_value,AED
nerkh_uk,نرخ ارز Nerkh_Uk,". ⭕️ قیمت ارزهای آزاد | سه شنبه 31 شهریور 1405 - 18:58 🇺🇸 دلار : 2,335,000 ریال 🇪🇺 یورو : 2,674,600 ریال 🇬🇧 پوند انگلیس : 3,116,000 ریال 🇦🇪 درهم امارات : 636,080 ریال 🇹🇷 لیر ترکیه : 48,765 ریال 🇨🇭 فرانک سوئیس : 2,846,700 ریال 🇩🇰 کرون دانمار...",Armenia|Dubai|Iraq|Qatar|Turkey|UK,,,,,,1944040.00,,,,,,,,,,,,rial,"{""Iraq"": 1944040.0}",,,,stale,92,100,regional_fx_board,2026-09-23T11:01:18+00:00,Iraq,1944040.0,single_value,IQD
nerkh_uk,نرخ ارز Nerkh_Uk,". ⭕️ قیمت ارزهای آزاد | شنبه 4 مهر 1405 - 12:11 🇺🇸 دلار : 2,341,950 ریال 🇪🇺 یورو : 2,669,700 ریال 🇬🇧 پوند انگلیس : 3,104,600 ریال 🇦🇪 درهم امارات : 637,710 ریال 🇹🇷 لیر ترکیه : 48,865 ریال 🇨🇭 فرانک سوئیس : 2,828,700 ریال 🇩🇰 کرون دانمارک : 356...",Armenia|Dubai|Iraq|Qatar|Turkey|UK,,,,,,1965000.00,,,,,,,,,,,,rial,"{""Iraq"": 1965000.0}",,,,stale,92,100,regional_fx_board,2026-09-26T09:21:12+00:00,Iraq,1965000.0,single_value,IQD
nerkh_uk,نرخ ارز Nerkh_Uk,". ⭕️ قیمت ارزهای آزاد | سه شنبه 31 شهریور 1405 - 18:58 🇺🇸 دلار : 2,335,000 ریال 🇪🇺 یورو : 2,674,600 ریال 🇬🇧 پوند انگلیس : 3,116,000 ریال 🇦🇪 درهم امارات : 636,080 ریال 🇹🇷 لیر ترکیه : 48,765 ریال 🇨🇭 فرانک سوئیس : 2,846,700 ریال 🇩🇰 کرون دانمار...",Armenia|Dubai|Iraq|Qatar|Turkey|UK,,,,,,1944040.00,2336003.80,,,,,,,,2334696.00,,,rial,"{""Dubai"": 2336003.8, ""Iraq"": 1944040.0, ""Qatar"": 2334696.0, ""Turkey"": 2203202.7, ""UK"": 2396923.08}",,,,stale,92,100,regional_fx_board,2026-09-23T11:01:18+00:00,Qatar,2334696.0,single_value,QAR
nerkh_uk,نرخ ارز Nerkh_Uk,". ⭕️ قیمت ارزهای آزاد | شنبه 4 مهر 1405 - 12:11 🇺🇸 دلار : 2,341,950 ریال 🇪🇺 یورو : 2,669,700 ریال 🇬🇧 پوند انگلیس : 3,104,600 ریال 🇦🇪 درهم امارات : 637,710 ریال 🇹🇷 لیر ترکیه : 48,865 ریال 🇨🇭 فرانک سوئیس : 2,828,700 ریال 🇩🇰 کرون دانمارک : 356...",Armenia|Dubai|Iraq|Qatar|Turkey|UK,,,,,,1965000.00,2341989.98,,,,,,,,2340884.00,,,rial,"{""Dubai"": 2341989.98, ""Iraq"": 1965000.0, ""Qatar"": 2340884.0, ""Turkey"": 2207720.7, ""UK"": 2388153.85}",,,,stale,92,100,regional_fx_board,2026-09-26T09:21:12+00:00,Qatar,2340884.0,single_value,QAR
nerkh_uk,نرخ ارز Nerkh_Uk,". ⭕️ قیمت ارزهای آزاد | سه شنبه 31 شهریور 1405 - 18:58 🇺🇸 دلار : 2,335,000 ریال 🇪🇺 یورو : 2,674,600 ریال 🇬🇧 پوند انگلیس : 3,116,000 ریال 🇦🇪 درهم امارات : 636,080 ریال 🇹🇷 لیر ترکیه : 48,765 ریال 🇨🇭 فرانک سوئیس : 2,846,700 ریال 🇩🇰 کرون دانمار...",Armenia|Dubai|Iraq|Qatar|Turkey|UK,,,,,,1944040.00,2336003.80,,,,,,,,,,,rial,"{""Dubai"": 2336003.8, ""Iraq"": 1944040.0, ""Turkey"": 2203202.7}",,,,stale,92,100,regional_fx_board,2026-09-23T11:01:18+00:00,Turkey,2203202.7,single_value,TRY
nerkh_uk,نرخ ارز Nerkh_Uk,". ⭕️ قیمت ارزهای آزاد | شنبه 4 مهر 1405 - 12:11 🇺🇸 دلار : 2,341,950 ریال 🇪🇺 یورو : 2,669,700 ریال 🇬🇧 پوند انگلیس : 3,104,600 ریال 🇦🇪 درهم امارات : 637,710 ریال 🇹🇷 لیر ترکیه : 48,865 ریال 🇨🇭 فرانک سوئیس : 2,828,700 ریال 🇩🇰 کرون دانمارک : 356...",Armenia|Dubai|Iraq|Qatar|Turkey|UK,,,,,,1965000.00,2341989.98,,,,,,,,,,,rial,"{""Dubai"": 2341989.98, ""Iraq"": 1965000.0, ""Turkey"": 2207720.7}",,,,stale,92,100,regional_fx_board,2026-09-26T09:21:12+00:00,Turkey,2207720.7,single_value,TRY
nerkh_uk,نرخ ارز Nerkh_Uk,". ⭕️ قیمت ارزهای آزاد | سه شنبه 31 شهریور 1405 - 18:58 🇺🇸 دلار : 2,335,000 ریال 🇪🇺 یورو : 2,674,600 ریال 🇬🇧 پوند انگلیس : 3,116,000 ریال 🇦🇪 درهم امارات : 636,080 ریال 🇹🇷 لیر ترکیه : 48,765 ریال 🇨🇭 فرانک سوئیس : 2,846,700 ریال 🇩🇰 کرون دانمار...",Armenia|Dubai|Iraq|Qatar|Turkey|UK,,,,,,1944040.00,2336003.80,,,,,,,,,,,rial,"{""Dubai"": 2336003.8, ""Iraq"": 1944040.0, ""Turkey"": 2203202.7, ""UK"": 2396923.08}",,,,stale,92,100,regional_fx_board,2026-09-23T11:01:18+00:00,UK,2396923.076923077,single_value,GBP
nerkh_uk,نرخ ارز Nerkh_Uk,". ⭕️ قیمت ارزهای آزاد | شنبه 4 مهر 1405 - 12:11 🇺🇸 دلار : 2,341,950 ریال 🇪🇺 یورو : 2,669,700 ریال 🇬🇧 پوند انگلیس : 3,104,600 ریال 🇦🇪 درهم امارات : 637,710 ریال 🇹🇷 لیر ترکیه : 48,865 ریال 🇨🇭 فرانک سوئیس : 2,828,700 ریال 🇩🇰 کرون دانمارک : 356...",Armenia|Dubai|Iraq|Qatar|Turkey|UK,,,,,,1965000.00,2341989.98,,,,,,,,,,,rial,"{""Dubai"": 2341989.98, ""Iraq"": 1965000.0, ""Turkey"": 2207720.7, ""UK"": 2388153.85}",,,,stale,92,100,regional_fx_board,2026-09-26T09:21:12+00:00,UK,2388153.846153846,single_value,GBP
nerkhsarafionline,Nerkh Sarafi Online نرخ صرافي,". ⭕️ قیمت ارزهای آزاد | سه شنبه 31 شهریور 1405 - 18:58 🇺🇸 دلار : 2,335,000 ریال 🇪🇺 یورو : 2,674,600 ریال 🇬🇧 پوند انگلیس : 3,116,000 ریال 🇦🇪 درهم امارات : 636,080 ریال 🇹🇷 لیر ترکیه : 48,765 ریال 🇨🇭 فرانک سوئیس : 2,846,700 ریال 🇩🇰 کرون دانمار...",Armenia|Dubai|Iraq|Qatar|Turkey|UK,,,,,,1944040.00,2336003.80,,,,,,,,2334696.00,,2577900.00,rial,"{""Armenia"": 2577900.0, ""Dubai"": 2336003.8, ""Iraq"": 1944040.0, ""Qatar"": 2334696.0, ""Turkey"": 2203202.7, ""UK"": 2396923.08}",,,,stale,92,100,regional_fx_board,2026-09-23T11:01:18+00:00,Armenia,2577900.0,single_value,AMD
nerkhsarafionline,Nerkh Sarafi Online نرخ صرافي,". ⭕️ قیمت ارزهای آزاد | شنبه 4 مهر 1405 - 12:11 🇺🇸 دلار : 2,341,950 ریال 🇪🇺 یورو : 2,669,700 ریال 🇬🇧 پوند انگلیس : 3,104,600 ریال 🇦🇪 درهم امارات : 637,710 ریال 🇹🇷 لیر ترکیه : 48,865 ریال 🇨🇭 فرانک سوئیس : 2,828,700 ریال 🇩🇰 کرون دانمارک : 356...",Armenia|Dubai|Iraq|Qatar|Turkey|UK,,,,,,1965000.00,2341989.98,,,,,,,,2340884.00,,2511600.00,rial,"{""Armenia"": 2511600.0, ""Dubai"": 2341989.98, ""Iraq"": 1965000.0, ""Qatar"": 2340884.0, ""Turkey"": 2207720.7, ""UK"": 2388153.85}",,,,stale,92,100,regional_fx_board,2026-09-26T09:21:12+00:00,Armenia,2511600.0,single_value,AMD
nerkhsarafionline,Nerkh Sarafi Online نرخ صرافي,". ⭕️ قیمت ارزهای آزاد | سه شنبه 31 شهریور 1405 - 18:58 🇺🇸 دلار : 2,335,000 ریال 🇪🇺 یورو : 2,674,600 ریال 🇬🇧 پوند انگلیس : 3,116,000 ریال 🇦🇪 درهم امارات : 636,080 ریال 🇹🇷 لیر ترکیه : 48,765 ریال 🇨🇭 فرانک سوئیس : 2,846,700 ریال 🇩🇰 کرون دانمار...",Armenia|Dubai|Iraq|Qatar|Turkey|UK,,,,,,1944040.00,2336003.80,,,,,,,,,,,rial,"{""Dubai"": 2336003.8, ""Iraq"": 1944040.0}",,,,stale,92,100,regional_fx_board,2026-09-23T11:01:18+00:00,Dubai,2336003.8,single_value,AED
nerkhsarafionline,Nerkh Sarafi Online نرخ صرافي,". ⭕️ قیمت ارزهای آزاد | شنبه 4 مهر 1405 - 12:11 🇺🇸 دلار : 2,341,950 ریال 🇪🇺 یورو : 2,669,700 ریال 🇬🇧 پوند انگلیس : 3,104,600 ریال 🇦🇪 درهم امارات : 637,710 ریال 🇹🇷 لیر ترکیه : 48,865 ریال 🇨🇭 فرانک سوئیس : 2,828,700 ریال 🇩🇰 کرون دانمارک : 356...",Armenia|Dubai|Iraq|Qatar|Turkey|UK,,,,,,1965000.00,2341989.98,,,,,,,,,,,rial,"{""Dubai"": 2341989.98, ""Iraq"": 1965000.0}",,,,stale,92,100,regional_fx_board,2026-09-26T09:21:12+00:00,Dubai,2341989.975,single_value,AED
nerkhsarafionline,Nerkh Sarafi Online نرخ صرافي,". ⭕️ قیمت ارزهای آزاد | سه شنبه 31 شهریور 1405 - 18:58 🇺🇸 دلار : 2,335,000 ریال 🇪🇺 یورو : 2,674,600 ریال 🇬🇧 پوند انگلیس : 3,116,000 ریال 🇦🇪 درهم امارات : 636,080 ریال 🇹🇷 لیر ترکیه : 48,765 ریال 🇨🇭 فرانک سوئیس : 2,846,700 ریال 🇩🇰 کرون دانمار...",Armenia|Dubai|Iraq|Qatar|Turkey|UK,,,,,,1944040.00,,,,,,,,,,,,rial,"{""Iraq"": 1944040.0}",,,,stale,92,100,regional_fx_board,2026-09-23T11:01:18+00:00,Iraq,1944040.0,single_value,IQD
nerkhsarafionline,Nerkh Sarafi Online نرخ صرافي,". ⭕️ قیمت ارزهای آزاد | شنبه 4 مهر 1405 - 12:11 🇺🇸 دلار : 2,341,950 ریال 🇪🇺 یورو : 2,669,700 ریال 🇬🇧 پوند انگلیس : 3,104,600 ریال 🇦🇪 درهم امارات : 637,710 ریال 🇹🇷 لیر ترکیه : 48,865 ریال 🇨🇭 فرانک سوئیس : 2,828,700 ریال 🇩🇰 کرون دانمارک : 356...",Armenia|Dubai|Iraq|Qatar|Turkey|UK,,,,,,1965000.00,,,,,,,,,,,,rial,"{""Iraq"": 1965000.0}",,,,stale,92,100,regional_fx_board,2026-09-26T09:21:12+00:00,Iraq,1965000.0,single_value,IQD
nerkhsarafionline,Nerkh Sarafi Online نرخ صرافي,". ⭕️ قیمت ارزهای آزاد | سه شنبه 31 شهریور 1405 - 18:58 🇺🇸 دلار : 2,335,000 ریال 🇪🇺 یورو : 2,674,600 ریال 🇬🇧 پوند انگلیس : 3,116,000 ریال 🇦🇪 درهم امارات : 636,080 ریال 🇹🇷 لیر ترکیه : 48,765 ریال 🇨🇭 فرانک سوئیس : 2,846,700 ریال 🇩🇰 کرون دانمار...",Armenia|Dubai|Iraq|Qatar|Turkey|UK,,,,,,1944040.00,2336003.80,,,,,,,,2334696.00,,,rial,"{""Dubai"": 2336003.8, ""Iraq"": 1944040.0, ""Qatar"": 2334696.0, ""Turkey"": 2203202.7, ""UK"": 2396923.08}",,,,stale,92,100,regional_fx_board,2026-09-23T11:01:18+00:00,Qatar,2334696.0,single_value,QAR
nerkhsarafionline,Nerkh Sarafi Online نرخ صرافي,". ⭕️ قیمت ارزهای آزاد | شنبه 4 مهر 1405 - 12:11 🇺🇸 دلار : 2,341,950 ریال 🇪🇺 یورو : 2,669,700 ریال 🇬🇧 پوند انگلیس : 3,104,600 ریال 🇦🇪 درهم امارات : 637,710 ریال 🇹🇷 لیر ترکیه : 48,865 ریال 🇨🇭 فرانک سوئیس : 2,828,700 ریال 🇩🇰 کرون دانمارک : 356...",Armenia|Dubai|Iraq|Qatar|Turkey|UK,,,,,,1965000.00,2341989.98,,,,,,,,2340884.00,,,rial,"{""Dubai"": 2341989.98, ""Iraq"": 1965000.0, ""Qatar"": 2340884.0, ""Turkey"": 2207720.7, ""UK"": 2388153.85}",,,,stale,92,100,regional_fx_board,2026-09-26T09:21:12+00:00,Qatar,2340884.0,single_value,QAR
nerkhsarafionline,Nerkh Sarafi Online نرخ صرافي,". ⭕️ قیمت ارزهای آزاد | سه شنبه 31 شهریور 1405 - 18:58 🇺🇸 دلار : 2,335,000 ریال 🇪🇺 یورو : 2,674,600 ریال 🇬🇧 پوند انگلیس : 3,116,000 ریال 🇦🇪 درهم امارات : 636,080 ریال 🇹🇷 لیر ترکیه : 48,765 ریال 🇨🇭 فرانک سوئیس : 2,846,700 ریال 🇩🇰 کرون دانمار...",Armenia|Dubai|Iraq|Qatar|Turkey|UK,,,,,,1944040.00,2336003.80,,,,,,,,,,,rial,"{""Dubai"": 2336003.8, ""Iraq"": 1944040.0, ""Turkey"": 2203202.7}",,,,stale,92,100,regional_fx_board,2026-09-23T11:01:18+00:00,Turkey,2203202.7,single_value,TRY
nerkhsarafionline,Nerkh Sarafi Online نرخ صرافي,". ⭕️ قیمت ارزهای آزاد | شنبه 4 مهر 1405 - 12:11 🇺🇸 دلار : 2,341,950 ریال 🇪🇺 یورو : 2,669,700 ریال 🇬🇧 پوند انگلیس : 3,104,600 ریال 🇦🇪 درهم امارات : 637,710 ریال 🇹🇷 لیر ترکیه : 48,865 ریال 🇨🇭 فرانک سوئیس : 2,828,700 ریال 🇩🇰 کرون دانمارک : 356...",Armenia|Dubai|Iraq|Qatar|Turkey|UK,,,,,,1965000.00,2341989.98,,,,,,,,,,,rial,"{""Dubai"": 2341989.98, ""Iraq"": 1965000.0, ""Turkey"": 2207720.7}",,,,stale,92,100,regional_fx_board,2026-09-26T09:21:12+00:00,Turkey,2207720.7,single_value,TRY
nerkhsarafionline,Nerkh Sarafi Online نرخ صرافي,". ⭕️ قیمت ارزهای آزاد | سه شنبه 31 شهریور 1405 - 18:58 🇺🇸 دلار : 2,335,000 ریال 🇪🇺 یورو : 2,674,600 ریال 🇬🇧 پوند انگلیس : 3,116,000 ریال 🇦🇪 درهم امارات : 636,080 ریال 🇹🇷 لیر ترکیه : 48,765 ریال 🇨🇭 فرانک سوئیس : 2,846,700 ریال 🇩🇰 کرون دانمار...",Armenia|Dubai|Iraq|Qatar|Turkey|UK,,,,,,1944040.00,2336003.80,,,,,,,,,,,rial,"{""Dubai"": 2336003.8, ""Iraq"": 1944040.0, ""Turkey"": 2203202.7, ""UK"": 2396923.08}",,,,stale,92,100,regional_fx_board,2026-09-23T11:01:18+00:00,UK,2396923.076923077,single_value,GBP
nerkhsarafionline,Nerkh Sarafi Online نرخ صرافي,". ⭕️ قیمت ارزهای آزاد | شنبه 4 مهر 1405 - 12:11 🇺🇸 دلار : 2,341,950 ریال 🇪🇺 یورو : 2,669,700 ریال 🇬🇧 پوند انگلیس : 3,104,600 ریال 🇦🇪 درهم امارات : 637,710 ریال 🇹🇷 لیر ترکیه : 48,865 ریال 🇨🇭 فرانک سوئیس : 2,828,700 ریال 🇩🇰 کرون دانمارک : 356...",Armenia|Dubai|Iraq|Qatar|Turkey|UK,,,,,,1965000.00,2341989.98,,,,,,,,,,,rial,"{""Dubai"": 2341989.98, ""Iraq"": 1965000.0, ""Turkey"": 2207720.7, ""UK"": 2388153.85}",,,,stale,92,100,regional_fx_board,2026-09-26T09:21:12+00:00,UK,2388153.846153846,single_value,GBP
sarafionline7groupuk,Nerkh Sarafi Online 7 Group Uk,"04/10/2026 ✓ قیمت پوند انگلستان 🇬🇧 ✓ خرید نقدی پوند 320,000 ✓ فروش نقدی پوند 340,000 ✓ واریزی فوری 1 روزه ✓ خرید حسابی پوند 325,000 فروش حساب شخصی 345,000 فروش حساب شرکتی 350,000 ✓ واریزی فوری 1 ساعته و 1روزه ✓ کارمزد کمتر 1,000پوند5 تا 10پ...",UK,,,,,,,,,,,,,,,,,,toman,"{""UK"": 3200000.0}",320000,320000,320000.00,fresh,91,100,regional_fx_board,2026-10-04T08:02:43+00:00,UK,3200000.0,midpoint,USD
sarafionlineuk,Sarafi Online 7 Seven Uk,"04/10/2026 ‌‏ ‎نرخ امروز لندن ✓قیمت خرید پوند, ‎خريد حساب رسمی: 330,000 ‎نقدی/حساب از ۵،۰۰۰: 325,000 ‎ نقدی/حساب از ۲،۰۰۰: 320,000 ‎ نقدی/حساب از ۱۰۰: 315,000 ✓قیمت فروش پوند; ‎فروش پوند نقدی:340,000 ‎حساب عادی:350,000 ‎ حساب فوری: 355,000 ...",UK,,,,,,,,,,,,,,,,,,toman,"{""UK"": 2480769.23}",330000,315000,322500.00,fresh,91,100,regional_fx_board,2026-10-04T08:51:25+00:00,UK,2480769.2307692305,midpoint,GBP
arz_tala_online,قیمت ارز، طلا و سکه,"نرخ‌های فروش تکمیلی بازار -- تغییر نسبت به دیروز - درصد ‏ 🇯🇵 ین: 1,710 تومان 10 🔼 %0.59+ ‏ 🇷🇺 روبل: 3,230 تومان 20 🔼 %0.62+ ‏ 🇮🇳 روپیه: 2,800 تومان 10 🔼 %0.36+ ‏ 🇦🇲 درام: 744 تومان 2 🔼 %0.27+ ‏ 🇰🇼 دینار کویت: 871,350 تومان 1950 🔼 %0.22+ ‏ 🇶...",Qatar,,,,,,,,,,,,,,,2693600.00,,,toman,"{""Qatar"": 2693600.0}",871350,74000,472675.00,fresh,88,100,regional_fx_board,2026-10-04T17:55:24+00:00,Qatar,2693600.0,single_value,QAR
eurobazaar,یورو بازار بانکی,"یورو بازار بانکی pinned « #لیست درخواست ها جهت خرید یورو حواله بانکی: 👈 مناسب برای فروشندگان یورو حواله بانکی 🆔 @EuroBazaarBot 🔷 حواله 79686: نرخ: 255,000 مبلغ: 600 یورو 🔷 حواله 79718: نرخ: 255,000 مبلغ: 1000 یورو 🔷 حواله 79771: نرخ: 255,00...",Germany,,,,,,,,,,,1467921.05,,,,,,,toman,"{""Germany"": 1467921.05}",79686,255000,167343.00,fresh,88,100,regional_market_channel,2026-10-04T20:30:00+00:00,Germany,1467921.052631579,midpoint,EUR
eurobazaar,یورو بازار بانکی,"یورو بازار بانکی pinned « #لیست درخواست ها جهت فروش یورو حواله بانکی: 👈 مناسب برای خریداران یورو حواله بانکی 🆔 @EuroBazaarBot 🔷 حواله 79706: نرخ: 255,000 مبلغ: 50 یورو 🔷 حواله 79741: نرخ: 255,000 مبلغ: 100 یورو 🔷 حواله 79753: نرخ: 255,000 م...",Germany,,,,,,,,,,,1468008.77,,,,,,,toman,"{""Germany"": 1468008.77}",79706,255000,167353.00,fresh,88,100,regional_market_channel,2026-10-04T20:30:01+00:00,Germany,1468008.7719298247,midpoint,EUR
eurobazaar,یورو بازار بانکی,"یورو بازار بانکی pinned « #لیست درخواست ها جهت خرید یورو پی پال: 👈 مناسب برای فروشندگان یورو پی پال 🆔 @EuroBazaarBot 🔷 حواله 79671: نرخ: 255,000 مبلغ: 100 یورو 🔷 حواله 79776: نرخ: 255,000 مبلغ: 1000 یورو 🔷 حواله 79833: نرخ: 255,000 مبلغ: 10...",Germany,,,,,,,,,,,1467855.26,,,,,,,toman,"{""Germany"": 1467855.26}",79671,255000,167335.50,fresh,88,100,regional_market_channel,2026-10-04T20:30:05+00:00,Germany,1467855.2631578948,midpoint,EUR
eurobazaar,یورو بازار بانکی,"یورو بازار بانکی pinned « #لیست درخواست ها جهت فروش یورو پی پال: 👈 مناسب برای خریداران یورو پی پال 🆔 @EuroBazaarBot 🔷 حواله 79679: نرخ: 250,000 مبلغ: 250 یورو 🔷 حواله 79708: نرخ: 255,000 مبلغ: 100 یورو 🔷 حواله 79724: نرخ: 255,000 مبلغ: 50 ی...",Germany,,,,,,,,,,,1445960.53,,,,,,,toman,"{""Germany"": 1445960.53}",79679,250000,164839.50,fresh,88,100,regional_market_channel,2026-10-04T20:30:06+00:00,Germany,1445960.5263157897,midpoint,EUR
irancurrency,قیمت لحظه ای دلار ، ارز ، سکه و طلا,"نرخ فروش #دلار ، #ارز ، #سکه و #طلا در بازار -- تغییر نسبت به دیروز - درصد 💵 دلار: 269,290 تومان بدون تغییر ➖ 💶 یورو: 303,240 تومان 140 🔼 %0.05+ 💷 پوند: 356,470 تومان 90 🔼 %0.03+ ‏ 🇨🇦 دلار کانادا: 188,940 تومان 10 🔼 ‏ 🇦🇺 دلار استرالیا: 187,...",Iran,,,,,,,,,,,,,,,,,,toman,"{""Iran"": 2862650.0}",269290,303240,286265.00,fresh,88,100,regional_fx_board,2026-10-04T17:01:33+00:00,Iran,2862650.0,midpoint,USD
irancurrency,قیمت لحظه ای دلار ، ارز ، سکه و طلا,"نرخ‌های فروش تکمیلی بازار -- تغییر نسبت به دیروز - درصد ‏ 🇯🇵 ین: 1,710 تومان 10 🔼 %0.59+ ‏ 🇷🇺 روبل: 3,230 تومان 20 🔼 %0.62+ ‏ 🇮🇳 روپیه: 2,800 تومان 10 🔼 %0.36+ ‏ 🇦🇲 درام: 744 تومان 2 🔼 %0.27+ ‏ 🇰🇼 دینار کویت: 871,350 تومان 1950 🔼 %0.22+ ‏ 🇶...",Qatar,,,,,,,,,,,,,,,2693600.00,,,toman,"{""Qatar"": 2693600.0}",871350,74000,472675.00,fresh,88,100,regional_fx_board,2026-10-04T17:26:20+00:00,Qatar,2693600.0,single_value,QAR
navasanchannel,نوسان - اعلان لحظه ای نرخ ارز و سکه,"💵 دلار آمریکا فروش 🔴 : 268,500 تومان 💵 دلار آمریکا خرید 🔵 : 268,100 تومان 💶 یورو فروش : 302,310 تومان دلار کانادا فروش 🇨🇦 : 192,430 تومان درهم امارات 🇦🇪 : 73,720 تومان سکه امامی ✴️ : 271,000,000 تومان سکه بهار آزادی ✴️ : 260,000,000 تومان ن...",Dubai,,,,,,,2707367.00,,,,,,,,,,,toman,"{""Dubai"": 2707367.0}",268500,268500,268500.00,fresh,88,100,regional_fx_board,2026-10-04T16:08:18+00:00,Dubai,2707367.0,single_value,AED
navasanchannel,نوسان - اعلان لحظه ای نرخ ارز و سکه,"💵 دلار آمریکا فروش 🔴 : 268,800 تومان 💵 دلار آمریکا خرید 🔵 : 268,400 تومان 💶 یورو فروش : 302,650 تومان دلار کانادا فروش 🇨🇦 : 193,100 تومان درهم امارات 🇦🇪 : 73,810 تومان سکه امامی ✴️ : 271,000,000 تومان سکه بهار آزادی ✴️ : 260,000,000 تومان ن...",Dubai,,,,,,,2710672.25,,,,,,,,,,,toman,"{""Dubai"": 2710672.25}",268800,268800,268800.00,fresh,88,100,regional_fx_board,2026-10-04T16:23:19+00:00,Dubai,2710672.25,single_value,AED
navasanchannel,نوسان - اعلان لحظه ای نرخ ارز و سکه,"💵 دلار آمریکا فروش 🔴 : 268,700 تومان 💵 دلار آمریکا خرید 🔵 : 268,300 تومان 💶 یورو فروش : 302,540 تومان دلار کانادا فروش 🇨🇦 : 193,300 تومان درهم امارات 🇦🇪 : 73,890 تومان سکه امامی ✴️ : 271,000,000 تومان سکه بهار آزادی ✴️ : 260,000,000 تومان ن...",Dubai,,,,,,,2713610.25,,,,,,,,,,,toman,"{""Dubai"": 2713610.25}",268700,268700,268700.00,fresh,88,100,regional_fx_board,2026-10-04T16:38:22+00:00,Dubai,2713610.25,single_value,AED
navasanchannel,نوسان - اعلان لحظه ای نرخ ارز و سکه,"💵 دلار آمریکا فروش 🔴 : 268,700 تومان 💵 دلار آمریکا خرید 🔵 : 268,300 تومان 💶 یورو فروش : 302,540 تومان دلار کانادا فروش 🇨🇦 : 193,000 تومان درهم امارات 🇦🇪 : 73,860 تومان سکه امامی ✴️ : 271,000,000 تومان سکه بهار آزادی ✴️ : 260,000,000 تومان ن...",Dubai,,,,,,,2712508.50,,,,,,,,,,,toman,"{""Dubai"": 2712508.5}",268700,268700,268700.00,fresh,88,100,regional_fx_board,2026-10-04T16:53:23+00:00,Dubai,2712508.5,single_value,AED
navasanchannel,نوسان - اعلان لحظه ای نرخ ارز و سکه,"💵 دلار آمریکا فروش 🔴 : 269,000 تومان 💵 دلار آمریکا خرید 🔵 : 268,600 تومان 💶 یورو فروش : 302,880 تومان دلار کانادا فروش 🇨🇦 : 193,030 تومان درهم امارات 🇦🇪 : 73,940 تومان سکه امامی ✴️ : 271,000,000 تومان سکه بهار آزادی ✴️ : 260,000,000 تومان ن...",Dubai,,,,,,,2715446.50,,,,,,,,,,,toman,"{""Dubai"": 2715446.5}",269000,269000,269000.00,fresh,88,100,regional_fx_board,2026-10-04T17:23:23+00:00,Dubai,2715446.5,single_value,AED
sarafionline7groupuk,Nerkh Sarafi Online 7 Group Uk,"03/10/2026 ✓ قیمت پوند انگلستان 🇬🇧 ✓ خرید نقدی پوند 310,000 ✓ فروش نقدی پوند 330,000 ✓ واریزی فوری 1 روزه ✓ خرید حسابی پوند 320,000 فروش حساب شخصی 335,000 فروش حساب شرکتی 345,000 ✓ واریزی فوری 1 ساعته و 1روزه ✓ کارمزد کمتر 1,000پوند5 تا 10پ...",UK,,,,,,,,,,,,,,,,,,toman,"{""UK"": 3100000.0}",310000,310000,310000.00,recent,87,100,regional_fx_board,2026-10-03T07:59:56+00:00,UK,3100000.0,midpoint,USD
sarafionlineuk,Sarafi Online 7 Seven Uk,"03/10/2026 ‌‏ ‎نرخ امروز لندن ✓قیمت خرید پوند, ‎خريد حساب رسمی: 320,000 ‎نقدی/حساب از ۵،۰۰۰: 315,000 ‎ نقدی/حساب از ۲،۰۰۰: 310,000 ‎ نقدی/حساب از ۱۰۰: 305,000 ✓قیمت فروش پوند; ‎فروش پوند نقدی:339,000 ‎حساب عادی:345,000 ‎ حساب فوری: 348,000 ...",UK,,,,,,,,,,,,,,,,,,toman,"{""UK"": 2403846.15}",320000,305000,312500.00,recent,87,100,regional_fx_board,2026-10-03T08:59:30+00:00,UK,2403846.153846154,midpoint,GBP
hmtransfer,تبادل ارز اروپا,"🔄 حواله 363 بابت #خرید_یورو 🗣 خریدار : Amir Pourtehrani 💚 💚 💚 💚 💚 💶 مبلغ: 1,000 یورو 💰 نرخ پیشنهادی: 285,000 تومان 💳 نوع حواله: حواله بانکی حساب شخص به آلمان پیشنهادهای ارسال شده: ❌ 301,000 تومان در 13 مهر 00:28 توسط ص.ن 🆔 👉 @HmTransfer",Germany,,,,,,,,,,,2500000.00,,,,,,,toman,"{""Germany"": 2500000.0}",285000,301000,293000.00,fresh,86,100,regional_fx_board,2026-10-04T19:21:32+00:00,Germany,2500000.0,single_value,EUR
sarafijavan,SARAFI JAVAN | صرافی جوان لندن پوند خرید و فروش قیمت پوند نرخ ارز حواله دلار کانادا آمریکا درهم CAD EURO انگلیس یورو,"🟢 335,000 تومـــان خـــریـــ‌‌ـد ما ( پوند حسابی) 🔴 350,000 تومـــان فــــــروش ما (پــوند حسابی) ⭐️ انتقال سریع، مطمئن و شفاف ⭐️ ⸻ 📞 WhatsApp استعلام بهترین و آخرین قیمت 💬 👇 👇 👇 👇 https://wa.me/447577175916 ⸻ 📌 قیمت‌های فروش در تهران 💸 پون...",UK,,,,,,,,,,,,,,,,,,toman,"{""UK"": 2680925.0}",,356000,,fresh,86,100,regional_fx_board,2026-10-04T08:07:38+00:00,UK,2680925.0,single_value,AED
aksoygold,صرافی عابدی,‏نرخ ارز - صرافی عابدی ‏2026/10/04 19:00 (ساعت استانبول) ‏ 🇺🇸 دلار آمریکا: ۲۶۸٬۰۰۰ تومان ‏ 🇪🇺 یورو: ۳۰۲٬۳۱۰ تومان ‏ 🇹🇷 لیر ترکیه: ۵٬۵۳۰ تومان ‏ 🇦🇪 درهم امارات: ۷۳٬۳۶۰ تومان ‏ 💵 تتر: ۲۶۸٬۳۹۱ تومان ‏ 🇨🇳 یوان چین: روی خط ‏تایم‌لاین نرخ ارز www...,Dubai|Turkey,,,,,,,2694146.00,,,,,,,,,,,toman,"{""Dubai"": 2694146.0}",,,,fresh,85,100,regional_fx_board,2026-10-04T16:00:21+00:00,Dubai,2694146.0,single_value,AED
aksoygold,صرافی عابدی,‏نرخ ارز - صرافی عابدی ‏2026/10/04 19:15 (ساعت استانبول) ‏ 🇺🇸 دلار آمریکا: ۲۶۸٬۰۰۰ تومان ‏ 🇪🇺 یورو: ۳۰۲٬۶۶۰ تومان ‏ 🇹🇷 لیر ترکیه: ۵٬۵۳۰ تومان ‏ 🇦🇪 درهم امارات: ۷۳٬۳۶۷ تومان ‏ 💵 تتر: ۲۶۸٬۴۹۸ تومان ‏ 🇨🇳 یوان چین: روی خط ‏تایم‌لاین نرخ ارز www...,Dubai|Turkey,,,,,,,2694403.07,,,,,,,,,,,toman,"{""Dubai"": 2694403.07}",,,,fresh,85,100,regional_fx_board,2026-10-04T16:15:21+00:00,Dubai,2694403.0749999997,single_value,AED
aksoygold,صرافی عابدی,‏نرخ ارز - صرافی عابدی ‏2026/10/04 19:30 (ساعت استانبول) ‏ 🇺🇸 دلار آمریکا: ۲۶۸٬۲۸۰ تومان ‏ 🇪🇺 یورو: ۳۰۲٬۹۷۰ تومان ‏ 🇹🇷 لیر ترکیه: ۵٬۵۳۰ تومان ‏ 🇦🇪 درهم امارات: ۷۳٬۴۴۲ تومان ‏ 💵 تتر: ۲۶۸٬۱۵۱ تومان ‏ 🇨🇳 یوان چین: روی خط ‏تایم‌لاین نرخ ارز www...,Dubai|Turkey,,,,,,,2697157.45,,,,,,,,,,,toman,"{""Dubai"": 2697157.45}",,,,fresh,85,100,regional_fx_board,2026-10-04T16:30:21+00:00,Dubai,2697157.4499999997,single_value,AED
aksoygold,صرافی عابدی,‏نرخ ارز - صرافی عابدی ‏2026/10/04 19:45 (ساعت استانبول) ‏ 🇺🇸 دلار آمریکا: ۲۶۸٬۳۰۰ تومان ‏ 🇪🇺 یورو: ۳۰۲٬۹۶۰ تومان ‏ 🇹🇷 لیر ترکیه: ۵٬۵۳۰ تومان ‏ 🇦🇪 درهم امارات: ۷۳٬۴۴۰ تومان ‏ 💵 تتر: ۲۶۸٬۳۰۰ تومان ‏ 🇨🇳 یوان چین: روی خط ‏تایم‌لاین نرخ ارز www...,Dubai|Turkey,,,,,,,2697084.00,,,,,,,,,,,toman,"{""Dubai"": 2697084.0}",,,,fresh,85,100,regional_fx_board,2026-10-04T16:45:22+00:00,Dubai,2697084.0,single_value,AED
aksoygold,صرافی عابدی,‏نرخ ارز - صرافی عابدی ‏2026/10/04 20:00 (ساعت استانبول) ‏ 🇺🇸 دلار آمریکا: ۲۶۸٬۳۰۰ تومان ‏ 🇪🇺 یورو: ۳۰۲٬۹۶۰ تومان ‏ 🇹🇷 لیر ترکیه: ۵٬۵۳۰ تومان ‏ 🇦🇪 درهم امارات: ۷۳٬۴۴۰ تومان ‏ 💵 تتر: ۲۶۸٬۵۰۰ تومان ‏ 🇨🇳 یوان چین: روی خط ‏تایم‌لاین نرخ ارز www...,Dubai|Turkey,,,,,,,2697084.00,,,,,,,,,,,toman,"{""Dubai"": 2697084.0}",,,,fresh,85,100,regional_fx_board,2026-10-04T17:00:22+00:00,Dubai,2697084.0,single_value,AED
aksoygold,صرافی عابدی,‏نرخ ارز - صرافی عابدی ‏2026/10/04 20:15 (ساعت استانبول) ‏ 🇺🇸 دلار آمریکا: ۲۶۸٬۳۰۰ تومان ‏ 🇪🇺 یورو: ۳۰۲٬۹۶۰ تومان ‏ 🇹🇷 لیر ترکیه: ۵٬۵۳۰ تومان ‏ 🇦🇪 درهم امارات: ۷۳٬۴۴۰ تومان ‏ 💵 تتر: ۲۶۸٬۹۵۰ تومان ‏ 🇨🇳 یوان چین: روی خط ‏تایم‌لاین نرخ ارز www...,Dubai|Turkey,,,,,,,2697084.00,,,,,,,,,,,toman,"{""Dubai"": 2697084.0}",,,,fresh,85,100,regional_fx_board,2026-10-04T17:15:23+00:00,Dubai,2697084.0,single_value,AED
aksoygold,صرافی عابدی,‏نرخ ارز - صرافی عابدی ‏2026/10/04 20:30 (ساعت استانبول) ‏ 🇺🇸 دلار آمریکا: ۲۶۸٬۳۰۰ تومان ‏ 🇪🇺 یورو: ۳۰۲٬۹۶۰ تومان ‏ 🇹🇷 لیر ترکیه: ۵٬۵۳۰ تومان ‏ 🇦🇪 درهم امارات: ۷۳٬۴۴۰ تومان ‏ 💵 تتر: ۲۶۸٬۸۱۰ تومان ‏ 🇨🇳 یوان چین: روی خط ‏تایم‌لاین نرخ ارز www...,Dubai|Turkey,,,,,,,2697084.00,,,,,,,,,,,toman,"{""Dubai"": 2697084.0}",,,,fresh,85,100,regional_fx_board,2026-10-04T17:30:23+00:00,Dubai,2697084.0,single_value,AED
aksoygold,صرافی عابدی,‏نرخ ارز - صرافی عابدی ‏2026/10/04 20:45 (ساعت استانبول) ‏ 🇺🇸 دلار آمریکا: ۲۶۸٬۳۰۰ تومان ‏ 🇪🇺 یورو: ۳۰۲٬۹۶۰ تومان ‏ 🇹🇷 لیر ترکیه: ۵٬۵۳۰ تومان ‏ 🇦🇪 درهم امارات: ۷۳٬۴۴۰ تومان ‏ 💵 تتر: ۲۶۹٬۴۸۵ تومان ‏ 🇨🇳 یوان چین: روی خط ‏تایم‌لاین نرخ ارز www...,Dubai|Turkey,,,,,,,2697084.00,,,,,,,,,,,toman,"{""Dubai"": 2697084.0}",,,,fresh,85,100,regional_fx_board,2026-10-04T17:45:24+00:00,Dubai,2697084.0,single_value,AED
aksoygold,صرافی عابدی,‏نرخ ارز - صرافی عابدی ‏2026/10/04 21:00 (ساعت استانبول) ‏ 🇺🇸 دلار آمریکا: ۲۶۸٬۳۰۰ تومان ‏ 🇪🇺 یورو: ۳۰۲٬۹۶۰ تومان ‏ 🇹🇷 لیر ترکیه: ۵٬۵۳۰ تومان ‏ 🇦🇪 درهم امارات: ۷۳٬۴۴۰ تومان ‏ 💵 تتر: ۲۶۹٬۴۸۵ تومان ‏ 🇨🇳 یوان چین: روی خط ‏تایم‌لاین نرخ ارز www...,Dubai|Turkey,,,,,,,2697084.00,,,,,,,,,,,toman,"{""Dubai"": 2697084.0}",,,,fresh,85,100,regional_fx_board,2026-10-04T18:00:24+00:00,Dubai,2697084.0,single_value,AED
aksoygold,صرافی عابدی,‏نرخ ارز - صرافی عابدی ‏2026/10/04 21:15 (ساعت استانبول) ‏ 🇺🇸 دلار آمریکا: ۲۶۸٬۳۰۰ تومان ‏ 🇪🇺 یورو: ۳۰۲٬۹۶۰ تومان ‏ 🇹🇷 لیر ترکیه: ۵٬۵۳۰ تومان ‏ 🇦🇪 درهم امارات: ۷۳٬۴۴۰ تومان ‏ 💵 تتر: ۲۶۹٬۴۸۵ تومان ‏ 🇨🇳 یوان چین: روی خط ‏تایم‌لاین نرخ ارز www...,Dubai|Turkey,,,,,,,2697084.00,,,,,,,,,,,toman,"{""Dubai"": 2697084.0}",,,,fresh,85,100,regional_fx_board,2026-10-04T18:15:25+00:00,Dubai,2697084.0,single_value,AED
aksoygold,صرافی عابدی,‏نرخ ارز - صرافی عابدی ‏2026/10/04 21:30 (ساعت استانبول) ‏ 🇺🇸 دلار آمریکا: ۲۶۸٬۳۰۰ تومان ‏ 🇪🇺 یورو: ۳۰۲٬۹۶۰ تومان ‏ 🇹🇷 لیر ترکیه: ۵٬۵۳۰ تومان ‏ 🇦🇪 درهم امارات: ۷۳٬۴۴۰ تومان ‏ 💵 تتر: ۲۶۹٬۴۸۵ تومان ‏ 🇨🇳 یوان چین: روی خط ‏تایم‌لاین نرخ ارز www...,Dubai|Turkey,,,,,,,2697084.00,,,,,,,,,,,toman,"{""Dubai"": 2697084.0}",,,,fresh,85,100,regional_fx_board,2026-10-04T18:30:25+00:00,Dubai,2697084.0,single_value,AED
aksoygold,صرافی عابدی,‏نرخ ارز - صرافی عابدی ‏2026/10/04 21:45 (ساعت استانبول) ‏ 🇺🇸 دلار آمریکا: ۲۶۸٬۳۰۰ تومان ‏ 🇪🇺 یورو: ۳۰۲٬۹۶۰ تومان ‏ 🇹🇷 لیر ترکیه: ۵٬۵۳۰ تومان ‏ 🇦🇪 درهم امارات: ۷۳٬۴۴۰ تومان ‏ 💵 تتر: ۲۶۹٬۴۸۵ تومان ‏ 🇨🇳 یوان چین: روی خط ‏تایم‌لاین نرخ ارز www...,Dubai|Turkey,,,,,,,2697084.00,,,,,,,,,,,toman,"{""Dubai"": 2697084.0}",,,,fresh,85,100,regional_fx_board,2026-10-04T18:45:26+00:00,Dubai,2697084.0,single_value,AED
aksoygold,صرافی عابدی,‏نرخ ارز - صرافی عابدی ‏2026/10/04 22:00 (ساعت استانبول) ‏ 🇺🇸 دلار آمریکا: ۲۶۸٬۳۰۰ تومان ‏ 🇪🇺 یورو: ۳۰۲٬۹۶۰ تومان ‏ 🇹🇷 لیر ترکیه: ۵٬۵۳۰ تومان ‏ 🇦🇪 درهم امارات: ۷۳٬۴۴۰ تومان ‏ 💵 تتر: ۲۶۹٬۰۰۰ تومان ‏ 🇨🇳 یوان چین: روی خط ‏تایم‌لاین نرخ ارز www...,Dubai|Turkey,,,,,,,2697084.00,,,,,,,,,,,toman,"{""Dubai"": 2697084.0}",,,,fresh,85,100,regional_fx_board,2026-10-04T19:00:26+00:00,Dubai,2697084.0,single_value,AED
aksoygold,صرافی عابدی,‏نرخ ارز - صرافی عابدی ‏2026/10/04 22:15 (ساعت استانبول) ‏ 🇺🇸 دلار آمریکا: ۲۶۸٬۳۰۰ تومان ‏ 🇪🇺 یورو: ۳۰۲٬۹۶۰ تومان ‏ 🇹🇷 لیر ترکیه: ۵٬۵۳۰ تومان ‏ 🇦🇪 درهم امارات: ۷۳٬۴۴۰ تومان ‏ 💵 تتر: ۲۶۹٬۰۰۰ تومان ‏ 🇨🇳 یوان چین: روی خط ‏تایم‌لاین نرخ ارز www...,Dubai|Turkey,,,,,,,2697084.00,,,,,,,,,,,toman,"{""Dubai"": 2697084.0}",,,,fresh,85,100,regional_fx_board,2026-10-04T19:15:27+00:00,Dubai,2697084.0,single_value,AED
aksoygold,صرافی عابدی,‏نرخ ارز - صرافی عابدی ‏2026/10/04 22:30 (ساعت استانبول) ‏ 🇺🇸 دلار آمریکا: ۲۶۸٬۳۰۰ تومان ‏ 🇪🇺 یورو: ۳۰۲٬۹۶۰ تومان ‏ 🇹🇷 لیر ترکیه: ۵٬۵۳۰ تومان ‏ 🇦🇪 درهم امارات: ۷۳٬۴۴۰ تومان ‏ 💵 تتر: ۲۶۹٬۰۰۰ تومان ‏ 🇨🇳 یوان چین: روی خط ‏تایم‌لاین نرخ ارز www...,Dubai|Turkey,,,,,,,2697084.00,,,,,,,,,,,toman,"{""Dubai"": 2697084.0}",,,,fresh,85,100,regional_fx_board,2026-10-04T19:30:27+00:00,Dubai,2697084.0,single_value,AED
aksoygold,صرافی عابدی,‏نرخ ارز - صرافی عابدی ‏2026/10/04 22:45 (ساعت استانبول) ‏ 🇺🇸 دلار آمریکا: ۲۶۸٬۳۰۰ تومان ‏ 🇪🇺 یورو: ۳۰۲٬۹۶۰ تومان ‏ 🇹🇷 لیر ترکیه: ۵٬۵۳۰ تومان ‏ 🇦🇪 درهم امارات: ۷۳٬۴۴۰ تومان ‏ 💵 تتر: ۲۶۷٬۷۵۳ تومان ‏ 🇨🇳 یوان چین: روی خط ‏تایم‌لاین نرخ ارز www...,Dubai|Turkey,,,,,,,2697084.00,,,,,,,,,,,toman,"{""Dubai"": 2697084.0}",,,,fresh,85,100,regional_fx_board,2026-10-04T19:45:28+00:00,Dubai,2697084.0,single_value,AED
aksoygold,صرافی عابدی,‏نرخ ارز - صرافی عابدی ‏2026/10/04 23:00 (ساعت استانبول) ‏ 🇺🇸 دلار آمریکا: ۲۶۸٬۳۰۰ تومان ‏ 🇪🇺 یورو: ۳۰۲٬۹۶۰ تومان ‏ 🇹🇷 لیر ترکیه: ۵٬۵۳۰ تومان ‏ 🇦🇪 درهم امارات: ۷۳٬۴۴۰ تومان ‏ 💵 تتر: ۲۶۹٬۳۰۰ تومان ‏ 🇨🇳 یوان چین: روی خط ‏تایم‌لاین نرخ ارز www...,Dubai|Turkey,,,,,,,2697084.00,,,,,,,,,,,toman,"{""Dubai"": 2697084.0}",,,,fresh,85,100,regional_fx_board,2026-10-04T20:00:28+00:00,Dubai,2697084.0,single_value,AED
aksoygold,صرافی عابدی,‏نرخ ارز - صرافی عابدی ‏2026/10/04 23:15 (ساعت استانبول) ‏ 🇺🇸 دلار آمریکا: ۲۶۸٬۳۰۰ تومان ‏ 🇪🇺 یورو: ۳۰۲٬۹۶۰ تومان ‏ 🇹🇷 لیر ترکیه: ۵٬۵۳۰ تومان ‏ 🇦🇪 درهم امارات: ۷۳٬۴۴۰ تومان ‏ 💵 تتر: ۲۶۹٬۳۰۰ تومان ‏ 🇨🇳 یوان چین: روی خط ‏تایم‌لاین نرخ ارز www...,Dubai|Turkey,,,,,,,2697084.00,,,,,,,,,,,toman,"{""Dubai"": 2697084.0}",,,,fresh,85,100,regional_fx_board,2026-10-04T20:15:28+00:00,Dubai,2697084.0,single_value,AED
aksoygold,صرافی عابدی,‏نرخ ارز - صرافی عابدی ‏2026/10/04 23:30 (ساعت استانبول) ‏ 🇺🇸 دلار آمریکا: ۲۶۸٬۳۰۰ تومان ‏ 🇪🇺 یورو: ۳۰۲٬۹۶۰ تومان ‏ 🇹🇷 لیر ترکیه: ۵٬۵۳۰ تومان ‏ 🇦🇪 درهم امارات: ۷۳٬۴۴۰ تومان ‏ 💵 تتر: ۲۶۹٬۳۰۰ تومان ‏ 🇨🇳 یوان چین: روی خط ‏تایم‌لاین نرخ ارز www...,Dubai|Turkey,,,,,,,2697084.00,,,,,,,,,,,toman,"{""Dubai"": 2697084.0}",,,,fresh,85,100,regional_fx_board,2026-10-04T20:30:29+00:00,Dubai,2697084.0,single_value,AED
aksoygold,صرافی عابدی,‏نرخ ارز - صرافی عابدی ‏2026/10/04 19:00 (ساعت استانبول) ‏ 🇺🇸 دلار آمریکا: ۲۶۸٬۰۰۰ تومان ‏ 🇪🇺 یورو: ۳۰۲٬۳۱۰ تومان ‏ 🇹🇷 لیر ترکیه: ۵٬۵۳۰ تومان ‏ 🇦🇪 درهم امارات: ۷۳٬۳۶۰ تومان ‏ 💵 تتر: ۲۶۸٬۳۹۱ تومان ‏ 🇨🇳 یوان چین: روی خط ‏تایم‌لاین نرخ ارز www...,Dubai|Turkey,,,,,,,2694146.00,,,,,,,,,,,toman,"{""Dubai"": 2694146.0, ""Turkey"": 2498454.0}",,,,fresh,85,100,regional_fx_board,2026-10-04T16:00:21+00:00,Turkey,2498454.0,single_value,TRY
aksoygold,صرافی عابدی,‏نرخ ارز - صرافی عابدی ‏2026/10/04 19:15 (ساعت استانبول) ‏ 🇺🇸 دلار آمریکا: ۲۶۸٬۰۰۰ تومان ‏ 🇪🇺 یورو: ۳۰۲٬۶۶۰ تومان ‏ 🇹🇷 لیر ترکیه: ۵٬۵۳۰ تومان ‏ 🇦🇪 درهم امارات: ۷۳٬۳۶۷ تومان ‏ 💵 تتر: ۲۶۸٬۴۹۸ تومان ‏ 🇨🇳 یوان چین: روی خط ‏تایم‌لاین نرخ ارز www...,Dubai|Turkey,,,,,,,2694403.07,,,,,,,,,,,toman,"{""Dubai"": 2694403.07, ""Turkey"": 2498454.0}",,,,fresh,85,100,regional_fx_board,2026-10-04T16:15:21+00:00,Turkey,2498454.0,single_value,TRY
aksoygold,صرافی عابدی,‏نرخ ارز - صرافی عابدی ‏2026/10/04 19:30 (ساعت استانبول) ‏ 🇺🇸 دلار آمریکا: ۲۶۸٬۲۸۰ تومان ‏ 🇪🇺 یورو: ۳۰۲٬۹۷۰ تومان ‏ 🇹🇷 لیر ترکیه: ۵٬۵۳۰ تومان ‏ 🇦🇪 درهم امارات: ۷۳٬۴۴۲ تومان ‏ 💵 تتر: ۲۶۸٬۱۵۱ تومان ‏ 🇨🇳 یوان چین: روی خط ‏تایم‌لاین نرخ ارز www...,Dubai|Turkey,,,,,,,2697157.45,,,,,,,,,,,toman,"{""Dubai"": 2697157.45, ""Turkey"": 2498454.0}",,,,fresh,85,100,regional_fx_board,2026-10-04T16:30:21+00:00,Turkey,2498454.0,single_value,TRY
aksoygold,صرافی عابدی,‏نرخ ارز - صرافی عابدی ‏2026/10/04 19:45 (ساعت استانبول) ‏ 🇺🇸 دلار آمریکا: ۲۶۸٬۳۰۰ تومان ‏ 🇪🇺 یورو: ۳۰۲٬۹۶۰ تومان ‏ 🇹🇷 لیر ترکیه: ۵٬۵۳۰ تومان ‏ 🇦🇪 درهم امارات: ۷۳٬۴۴۰ تومان ‏ 💵 تتر: ۲۶۸٬۳۰۰ تومان ‏ 🇨🇳 یوان چین: روی خط ‏تایم‌لاین نرخ ارز www...,Dubai|Turkey,,,,,,,2697084.00,,,,,,,,,,,toman,"{""Dubai"": 2697084.0, ""Turkey"": 2498454.0}",,,,fresh,85,100,regional_fx_board,2026-10-04T16:45:22+00:00,Turkey,2498454.0,single_value,TRY
aksoygold,صرافی عابدی,‏نرخ ارز - صرافی عابدی ‏2026/10/04 20:00 (ساعت استانبول) ‏ 🇺🇸 دلار آمریکا: ۲۶۸٬۳۰۰ تومان ‏ 🇪🇺 یورو: ۳۰۲٬۹۶۰ تومان ‏ 🇹🇷 لیر ترکیه: ۵٬۵۳۰ تومان ‏ 🇦🇪 درهم امارات: ۷۳٬۴۴۰ تومان ‏ 💵 تتر: ۲۶۸٬۵۰۰ تومان ‏ 🇨🇳 یوان چین: روی خط ‏تایم‌لاین نرخ ارز www...,Dubai|Turkey,,,,,,,2697084.00,,,,,,,,,,,toman,"{""Dubai"": 2697084.0, ""Turkey"": 2498454.0}",,,,fresh,85,100,regional_fx_board,2026-10-04T17:00:22+00:00,Turkey,2498454.0,single_value,TRY
aksoygold,صرافی عابدی,‏نرخ ارز - صرافی عابدی ‏2026/10/04 20:15 (ساعت استانبول) ‏ 🇺🇸 دلار آمریکا: ۲۶۸٬۳۰۰ تومان ‏ 🇪🇺 یورو: ۳۰۲٬۹۶۰ تومان ‏ 🇹🇷 لیر ترکیه: ۵٬۵۳۰ تومان ‏ 🇦🇪 درهم امارات: ۷۳٬۴۴۰ تومان ‏ 💵 تتر: ۲۶۸٬۹۵۰ تومان ‏ 🇨🇳 یوان چین: روی خط ‏تایم‌لاین نرخ ارز www...,Dubai|Turkey,,,,,,,2697084.00,,,,,,,,,,,toman,"{""Dubai"": 2697084.0, ""Turkey"": 2498454.0}",,,,fresh,85,100,regional_fx_board,2026-10-04T17:15:23+00:00,Turkey,2498454.0,single_value,TRY
aksoygold,صرافی عابدی,‏نرخ ارز - صرافی عابدی ‏2026/10/04 20:30 (ساعت استانبول) ‏ 🇺🇸 دلار آمریکا: ۲۶۸٬۳۰۰ تومان ‏ 🇪🇺 یورو: ۳۰۲٬۹۶۰ تومان ‏ 🇹🇷 لیر ترکیه: ۵٬۵۳۰ تومان ‏ 🇦🇪 درهم امارات: ۷۳٬۴۴۰ تومان ‏ 💵 تتر: ۲۶۸٬۸۱۰ تومان ‏ 🇨🇳 یوان چین: روی خط ‏تایم‌لاین نرخ ارز www...,Dubai|Turkey,,,,,,,2697084.00,,,,,,,,,,,toman,"{""Dubai"": 2697084.0, ""Turkey"": 2498454.0}",,,,fresh,85,100,regional_fx_board,2026-10-04T17:30:23+00:00,Turkey,2498454.0,single_value,TRY
aksoygold,صرافی عابدی,‏نرخ ارز - صرافی عابدی ‏2026/10/04 20:45 (ساعت استانبول) ‏ 🇺🇸 دلار آمریکا: ۲۶۸٬۳۰۰ تومان ‏ 🇪🇺 یورو: ۳۰۲٬۹۶۰ تومان ‏ 🇹🇷 لیر ترکیه: ۵٬۵۳۰ تومان ‏ 🇦🇪 درهم امارات: ۷۳٬۴۴۰ تومان ‏ 💵 تتر: ۲۶۹٬۴۸۵ تومان ‏ 🇨🇳 یوان چین: روی خط ‏تایم‌لاین نرخ ارز www...,Dubai|Turkey,,,,,,,2697084.00,,,,,,,,,,,toman,"{""Dubai"": 2697084.0, ""Turkey"": 2498454.0}",,,,fresh,85,100,regional_fx_board,2026-10-04T17:45:24+00:00,Turkey,2498454.0,single_value,TRY
aksoygold,صرافی عابدی,‏نرخ ارز - صرافی عابدی ‏2026/10/04 21:00 (ساعت استانبول) ‏ 🇺🇸 دلار آمریکا: ۲۶۸٬۳۰۰ تومان ‏ 🇪🇺 یورو: ۳۰۲٬۹۶۰ تومان ‏ 🇹🇷 لیر ترکیه: ۵٬۵۳۰ تومان ‏ 🇦🇪 درهم امارات: ۷۳٬۴۴۰ تومان ‏ 💵 تتر: ۲۶۹٬۴۸۵ تومان ‏ 🇨🇳 یوان چین: روی خط ‏تایم‌لاین نرخ ارز www...,Dubai|Turkey,,,,,,,2697084.00,,,,,,,,,,,toman,"{""Dubai"": 2697084.0, ""Turkey"": 2498454.0}",,,,fresh,85,100,regional_fx_board,2026-10-04T18:00:24+00:00,Turkey,2498454.0,single_value,TRY
aksoygold,صرافی عابدی,‏نرخ ارز - صرافی عابدی ‏2026/10/04 21:15 (ساعت استانبول) ‏ 🇺🇸 دلار آمریکا: ۲۶۸٬۳۰۰ تومان ‏ 🇪🇺 یورو: ۳۰۲٬۹۶۰ تومان ‏ 🇹🇷 لیر ترکیه: ۵٬۵۳۰ تومان ‏ 🇦🇪 درهم امارات: ۷۳٬۴۴۰ تومان ‏ 💵 تتر: ۲۶۹٬۴۸۵ تومان ‏ 🇨🇳 یوان چین: روی خط ‏تایم‌لاین نرخ ارز www...,Dubai|Turkey,,,,,,,2697084.00,,,,,,,,,,,toman,"{""Dubai"": 2697084.0, ""Turkey"": 2498454.0}",,,,fresh,85,100,regional_fx_board,2026-10-04T18:15:25+00:00,Turkey,2498454.0,single_value,TRY
aksoygold,صرافی عابدی,‏نرخ ارز - صرافی عابدی ‏2026/10/04 21:30 (ساعت استانبول) ‏ 🇺🇸 دلار آمریکا: ۲۶۸٬۳۰۰ تومان ‏ 🇪🇺 یورو: ۳۰۲٬۹۶۰ تومان ‏ 🇹🇷 لیر ترکیه: ۵٬۵۳۰ تومان ‏ 🇦🇪 درهم امارات: ۷۳٬۴۴۰ تومان ‏ 💵 تتر: ۲۶۹٬۴۸۵ تومان ‏ 🇨🇳 یوان چین: روی خط ‏تایم‌لاین نرخ ارز www...,Dubai|Turkey,,,,,,,2697084.00,,,,,,,,,,,toman,"{""Dubai"": 2697084.0, ""Turkey"": 2498454.0}",,,,fresh,85,100,regional_fx_board,2026-10-04T18:30:25+00:00,Turkey,2498454.0,single_value,TRY
aksoygold,صرافی عابدی,‏نرخ ارز - صرافی عابدی ‏2026/10/04 21:45 (ساعت استانبول) ‏ 🇺🇸 دلار آمریکا: ۲۶۸٬۳۰۰ تومان ‏ 🇪🇺 یورو: ۳۰۲٬۹۶۰ تومان ‏ 🇹🇷 لیر ترکیه: ۵٬۵۳۰ تومان ‏ 🇦🇪 درهم امارات: ۷۳٬۴۴۰ تومان ‏ 💵 تتر: ۲۶۹٬۴۸۵ تومان ‏ 🇨🇳 یوان چین: روی خط ‏تایم‌لاین نرخ ارز www...,Dubai|Turkey,,,,,,,2697084.00,,,,,,,,,,,toman,"{""Dubai"": 2697084.0, ""Turkey"": 2498454.0}",,,,fresh,85,100,regional_fx_board,2026-10-04T18:45:26+00:00,Turkey,2498454.0,single_value,TRY
aksoygold,صرافی عابدی,‏نرخ ارز - صرافی عابدی ‏2026/10/04 22:00 (ساعت استانبول) ‏ 🇺🇸 دلار آمریکا: ۲۶۸٬۳۰۰ تومان ‏ 🇪🇺 یورو: ۳۰۲٬۹۶۰ تومان ‏ 🇹🇷 لیر ترکیه: ۵٬۵۳۰ تومان ‏ 🇦🇪 درهم امارات: ۷۳٬۴۴۰ تومان ‏ 💵 تتر: ۲۶۹٬۰۰۰ تومان ‏ 🇨🇳 یوان چین: روی خط ‏تایم‌لاین نرخ ارز www...,Dubai|Turkey,,,,,,,2697084.00,,,,,,,,,,,toman,"{""Dubai"": 2697084.0, ""Turkey"": 2498454.0}",,,,fresh,85,100,regional_fx_board,2026-10-04T19:00:26+00:00,Turkey,2498454.0,single_value,TRY
aksoygold,صرافی عابدی,‏نرخ ارز - صرافی عابدی ‏2026/10/04 22:15 (ساعت استانبول) ‏ 🇺🇸 دلار آمریکا: ۲۶۸٬۳۰۰ تومان ‏ 🇪🇺 یورو: ۳۰۲٬۹۶۰ تومان ‏ 🇹🇷 لیر ترکیه: ۵٬۵۳۰ تومان ‏ 🇦🇪 درهم امارات: ۷۳٬۴۴۰ تومان ‏ 💵 تتر: ۲۶۹٬۰۰۰ تومان ‏ 🇨🇳 یوان چین: روی خط ‏تایم‌لاین نرخ ارز www...,Dubai|Turkey,,,,,,,2697084.00,,,,,,,,,,,toman,"{""Dubai"": 2697084.0, ""Turkey"": 2498454.0}",,,,fresh,85,100,regional_fx_board,2026-10-04T19:15:27+00:00,Turkey,2498454.0,single_value,TRY
aksoygold,صرافی عابدی,‏نرخ ارز - صرافی عابدی ‏2026/10/04 22:30 (ساعت استانبول) ‏ 🇺🇸 دلار آمریکا: ۲۶۸٬۳۰۰ تومان ‏ 🇪🇺 یورو: ۳۰۲٬۹۶۰ تومان ‏ 🇹🇷 لیر ترکیه: ۵٬۵۳۰ تومان ‏ 🇦🇪 درهم امارات: ۷۳٬۴۴۰ تومان ‏ 💵 تتر: ۲۶۹٬۰۰۰ تومان ‏ 🇨🇳 یوان چین: روی خط ‏تایم‌لاین نرخ ارز www...,Dubai|Turkey,,,,,,,2697084.00,,,,,,,,,,,toman,"{""Dubai"": 2697084.0, ""Turkey"": 2498454.0}",,,,fresh,85,100,regional_fx_board,2026-10-04T19:30:27+00:00,Turkey,2498454.0,single_value,TRY
aksoygold,صرافی عابدی,‏نرخ ارز - صرافی عابدی ‏2026/10/04 22:45 (ساعت استانبول) ‏ 🇺🇸 دلار آمریکا: ۲۶۸٬۳۰۰ تومان ‏ 🇪🇺 یورو: ۳۰۲٬۹۶۰ تومان ‏ 🇹🇷 لیر ترکیه: ۵٬۵۳۰ تومان ‏ 🇦🇪 درهم امارات: ۷۳٬۴۴۰ تومان ‏ 💵 تتر: ۲۶۷٬۷۵۳ تومان ‏ 🇨🇳 یوان چین: روی خط ‏تایم‌لاین نرخ ارز www...,Dubai|Turkey,,,,,,,2697084.00,,,,,,,,,,,toman,"{""Dubai"": 2697084.0, ""Turkey"": 2498454.0}",,,,fresh,85,100,regional_fx_board,2026-10-04T19:45:28+00:00,Turkey,2498454.0,single_value,TRY
aksoygold,صرافی عابدی,‏نرخ ارز - صرافی عابدی ‏2026/10/04 23:00 (ساعت استانبول) ‏ 🇺🇸 دلار آمریکا: ۲۶۸٬۳۰۰ تومان ‏ 🇪🇺 یورو: ۳۰۲٬۹۶۰ تومان ‏ 🇹🇷 لیر ترکیه: ۵٬۵۳۰ تومان ‏ 🇦🇪 درهم امارات: ۷۳٬۴۴۰ تومان ‏ 💵 تتر: ۲۶۹٬۳۰۰ تومان ‏ 🇨🇳 یوان چین: روی خط ‏تایم‌لاین نرخ ارز www...,Dubai|Turkey,,,,,,,2697084.00,,,,,,,,,,,toman,"{""Dubai"": 2697084.0, ""Turkey"": 2498454.0}",,,,fresh,85,100,regional_fx_board,2026-10-04T20:00:28+00:00,Turkey,2498454.0,single_value,TRY
aksoygold,صرافی عابدی,‏نرخ ارز - صرافی عابدی ‏2026/10/04 23:15 (ساعت استانبول) ‏ 🇺🇸 دلار آمریکا: ۲۶۸٬۳۰۰ تومان ‏ 🇪🇺 یورو: ۳۰۲٬۹۶۰ تومان ‏ 🇹🇷 لیر ترکیه: ۵٬۵۳۰ تومان ‏ 🇦🇪 درهم امارات: ۷۳٬۴۴۰ تومان ‏ 💵 تتر: ۲۶۹٬۳۰۰ تومان ‏ 🇨🇳 یوان چین: روی خط ‏تایم‌لاین نرخ ارز www...,Dubai|Turkey,,,,,,,2697084.00,,,,,,,,,,,toman,"{""Dubai"": 2697084.0, ""Turkey"": 2498454.0}",,,,fresh,85,100,regional_fx_board,2026-10-04T20:15:28+00:00,Turkey,2498454.0,single_value,TRY
aksoygold,صرافی عابدی,‏نرخ ارز - صرافی عابدی ‏2026/10/04 23:30 (ساعت استانبول) ‏ 🇺🇸 دلار آمریکا: ۲۶۸٬۳۰۰ تومان ‏ 🇪🇺 یورو: ۳۰۲٬۹۶۰ تومان ‏ 🇹🇷 لیر ترکیه: ۵٬۵۳۰ تومان ‏ 🇦🇪 درهم امارات: ۷۳٬۴۴۰ تومان ‏ 💵 تتر: ۲۶۹٬۳۰۰ تومان ‏ 🇨🇳 یوان چین: روی خط ‏تایم‌لاین نرخ ارز www...,Dubai|Turkey,,,,,,,2697084.00,,,,,,,,,,,toman,"{""Dubai"": 2697084.0, ""Turkey"": 2498454.0}",,,,fresh,85,100,regional_fx_board,2026-10-04T20:30:29+00:00,Turkey,2498454.0,single_value,TRY
eurobazaar,یورو بازار بانکی,"#لیست درخواست ها جهت خرید یورو حواله بانکی : 👈 مناسب برای فروشندگان یورو حواله بانکی 🆔 @EuroBazaarBot 🔷 حواله 79686 : نرخ: 255,000 مبلغ: 600 یورو 🔷 حواله 79718 : نرخ: 255,000 مبلغ: 1000 یورو 🔷 حواله 79771 : نرخ: 255,000 مبلغ: 430 یورو 🔷 حوا...",Germany,,,,,,,,,,,1467921.05,,,,,,,toman,"{""Germany"": 1467921.05}",79686,255000,167343.00,fresh,85,100,regional_market_channel,2026-10-04T20:30:00+00:00,Germany,1467921.052631579,midpoint,EUR
eurobazaar,یورو بازار بانکی,"#لیست درخواست ها جهت فروش یورو حواله بانکی : 👈 مناسب برای خریداران یورو حواله بانکی 🆔 @EuroBazaarBot 🔷 حواله 79706 : نرخ: 255,000 مبلغ: 50 یورو 🔷 حواله 79741 : نرخ: 255,000 مبلغ: 100 یورو 🔷 حواله 79753 : نرخ: 255,000 مبلغ: 7000 یورو 🔷 حواله...",Germany,,,,,,,,,,,1468008.77,,,,,,,toman,"{""Germany"": 1468008.77}",79706,255000,167353.00,fresh,85,100,regional_market_channel,2026-10-04T20:30:01+00:00,Germany,1468008.7719298247,midpoint,EUR
eurobazaar,یورو بازار بانکی,"#لیست درخواست ها جهت خرید یورو پی پال : 👈 مناسب برای فروشندگان یورو پی پال 🆔 @EuroBazaarBot 🔷 حواله 79671 : نرخ: 255,000 مبلغ: 100 یورو 🔷 حواله 79776 : نرخ: 255,000 مبلغ: 1000 یورو 🔷 حواله 79833 : نرخ: 255,000 مبلغ: 1000 یورو 🔷 حواله 79870 ...",Germany,,,,,,,,,,,1467855.26,,,,,,,toman,"{""Germany"": 1467855.26}",79671,255000,167335.50,fresh,85,100,regional_market_channel,2026-10-04T20:30:02+00:00,Germany,1467855.2631578948,midpoint,EUR
eurobazaar,یورو بازار بانکی,"#لیست درخواست ها جهت فروش یورو پی پال : 👈 مناسب برای خریداران یورو پی پال 🆔 @EuroBazaarBot 🔷 حواله 79679 : نرخ: 250,000 مبلغ: 250 یورو 🔷 حواله 79708 : نرخ: 255,000 مبلغ: 100 یورو 🔷 حواله 79724 : نرخ: 255,000 مبلغ: 50 یورو 🔷 حواله 79725 : نر...",Germany,,,,,,,,,,,1445960.53,,,,,,,toman,"{""Germany"": 1445960.53}",79679,250000,164839.50,fresh,85,100,regional_market_channel,2026-10-04T20:30:06+00:00,Germany,1445960.5263157897,midpoint,EUR
hmtransfer,تبادل ارز اروپا,"🔄 حواله 368 بابت #فروش_یورو 🗣 فروشنده : Salim 💚 💚 💔 💔 🤍 💶 مبلغ: 1,000 یورو 💰 نرخ پیشنهادی: 302,000 تومان 💳 نوع حواله: حواله بانکی حساب شخص از آلمان ✍️ توضیحات: فروش 1000یورو به قیمت 302000 از طریق ایبان یاپی پال آلمان پیشنهادهای ارسال شده: ...",Germany,,,,,,,,,,,2649122.81,,,,,,,toman,"{""Germany"": 2649122.81}",302000,302000,302000.00,fresh,85,100,regional_fx_board,2026-10-04T19:48:47+00:00,Germany,2649122.8070175443,single_value,EUR
hmtransfer,تبادل ارز اروپا,"🔄 حواله 372 بابت #فروش_یورو 🗣 فروشنده : اا 💚 💚 💚 💚 💚 💶 مبلغ: 1,000 یورو 💰 نرخ پیشنهادی: 299,000 تومان 💳 نوع حواله: حواله بانکی حساب شخص از بلژیک ✍️ توضیحات: واریز فقط به ایبان وایز و BE پیشنهادهای ارسال شده: 🔸 291,100 تومان در 13 مهر 00:53 ...",Germany,,,,,,,,,,,2588157.89,,,,,,,toman,"{""Germany"": 2588157.89}",299000,291100,295050.00,fresh,85,100,regional_fx_board,2026-10-04T20:30:08+00:00,Germany,2588157.8947368423,midpoint,EUR
hmtransfer,تبادل ارز اروپا,"❇ حواله 378 بابت #فروش_یورو 🗣 فروشنده : m.gh 💚 💚 💚 💚 🤍 💶 مبلغ: 100 یورو 💰 نرخ پیشنهادی: 300,000 تومان 💳 نوع حواله: حواله بانکی حساب شخص از آلمان ✍️ توضیحات: پرداخت فوری،حساب بانکی آلمان،پی پال ،رولوت پیشنهادهای ارسال شده: ✅ 290,000 تومان در...",Germany,,,,,,,,,,,2587719.30,,,,,,,toman,"{""Germany"": 2587719.3}",300000,290000,295000.00,fresh,85,100,regional_fx_board,2026-10-04T21:27:25+00:00,Germany,2587719.2982456144,midpoint,EUR
arz_tala_online,قیمت ارز، طلا و سکه,"نرخ‌های فروش تکمیلی بازار -- تغییر نسبت به دیروز - درصد ‏ 🇯🇵 ین: 1,700 🔼 بدون تغییر ➖ ‏ 🇷🇺 روبل: 3,210 تومان بدون تغییر ➖ ‏ 🇮🇳 روپیه: 2,780 🔼 10 🔻 %0.36- ‏ 🇦🇲 درام: 739.5 🔼 2.5 🔻 %0.34- ‏ 🇰🇼 دینار کویت: 866,500 🔼 2900 🔻 %0.33- ‏ 🇶🇦 ریال قطر...",Qatar,,,,,,,,,,,,,,,2677220.00,,,toman,"{""Qatar"": 2677220.0}",866500,73550,470025.00,fresh,84,100,regional_fx_board,2026-10-04T11:31:01+00:00,Qatar,2677220.0,single_value,QAR
arzmash,ارزماش ـ‌ کانال لحظه ای قیمت ارز و طلا⏰,💰 نرخ‌های روز بازار ارز و طلا 💰 🇺🇸 دلار آمریکا: 161200 تومان 🇪🇺 یورو: 191150 تومان 🇨🇦 دلار کانادا: 118060 تومان 🇬🇧 پوند انگلیس: 219260 تومان 🇦🇪 درهم امارات: 44310 تومان 🇨🇳 یوآن چین: 23230 تومان 🇹🇷 لیر ترکیه: 3695 تومان 💎 نرخ سکه و طلا 💎 💰 س...,Dubai|UK,,,,,,,1627284.75,,,,,,,,,,,toman,"{""Dubai"": 1627284.75}",,,,old,84,100,regional_fx_board,2026-02-09T16:01:11+00:00,Dubai,1627284.75,single_value,AED
arzmash,ارزماش ـ‌ کانال لحظه ای قیمت ارز و طلا⏰,💰 نرخ‌های روز بازار ارز و طلا 💰 🇺🇸 دلار آمریکا: 161200 تومان 🇪🇺 یورو: 191150 تومان 🇨🇦 دلار کانادا: 118060 تومان 🇬🇧 پوند انگلیس: 219260 تومان 🇦🇪 درهم امارات: 44310 تومان 🇨🇳 یوآن چین: 23230 تومان 🇹🇷 لیر ترکیه: 3695 تومان 💎 نرخ سکه و طلا 💎 💰 س...,Dubai|UK,,,,,,,1627284.75,,,,,,,,,,,toman,"{""Dubai"": 1627284.75, ""UK"": 1686615.38}",,,,old,84,100,regional_fx_board,2026-02-09T16:01:11+00:00,UK,1686615.3846153845,single_value,GBP
danielexchange,صرافی دانیال لندن - Sarafi Daniel London,"💷 خرید پوند بانکی : 310,000- 320,000 تومان 💷 فروش پوند بانکی: Call تومان 🔸 شامل مبالغ انتقال بانکی ============================== 💷 خرید نقدی پوند :310,000 تومان 💷 فروش نقدی پوند : Call تومان 🔸 شامل مبالغ کش(نقدی) ✴️ خرید و فروش قانونی ارز ...",London,,,,,,,,,,,,2423076.92,,,,,,toman,"{""London"": 2423076.92}",310000,320000,315000.00,recent,84,100,regional_market_channel,2026-10-02T10:47:00+00:00,London,2423076.923076923,midpoint,GBP
exchangeratescountries,نرخ ارز ساعتی £ $ €,"02/10/2026 ‌‏ ‎نرخ امروز لندن ✓قیمت خرید پوند, ‎خريد حساب رسمی: 315,000 ‎نقدی/حساب از ۵،۰۰۰: 310,000 ‎ نقدی/حساب از ۲،۰۰۰: 305,000 ‎ نقدی/حساب از ۱۰۰: 300,000 ✓قیمت فروش پوند; ‎فروش پوند نقدی:330,000 ‎حساب عادی:335,000 ‎ حساب فوری: 340,000 ...",UK,,,,,,,,,,,,,,,,,,toman,"{""UK"": 2365384.62}",315000,300000,307500.00,recent,84,100,regional_fx_board,2026-10-02T09:03:33+00:00,UK,2365384.6153846155,midpoint,GBP
hmbcexchangebureau,London exchange,HMBC London exchange صرافي لندن ارسال پوند به ایران و بالعكس 🔺 خريد از حساب هر پوند ٣١٥،٠٠٠ 🔹 فروش واريز به حساب پوند ٣٣٠،٠٠٠ 🔹 خرید پوند نقدي ٣١٥،٠٠٠ 🔺 فروش پوند نقدي ٣٢٥،٠٠۰ 🎉 کلیه حواله های زیر 500£ شامل 10£ کارمزد میباشد ✅ بهترین و پایی...,London,,,,,,,,,,,,2480769.23,,,,,,toman,"{""London"": 2480769.23}",330000,315000,322500.00,recent,84,100,regional_market_channel,2026-10-02T10:26:37+00:00,London,2480769.2307692305,midpoint,GBP
irancurrency,قیمت لحظه ای دلار ، ارز ، سکه و طلا,"نرخ فروش #دلار ، #ارز ، #سکه و #طلا در بازار -- تغییر نسبت به دیروز - درصد 💵 دلار: 272,770 تومان 4270 🔼 %1.59+ 💶 یورو: 307,230 🔼 5000 🔼 %1.65+ 💷 پوند: 360,570 🔼 5030 🔼 %1.41+ ‏ 🇨🇦 دلار کانادا: 191,490 🔼 3030 🔼 %1.61+ ‏ 🇦🇺 دلار استرالیا: 189...",Iran,,,,,,,,,,,,,,,,,,toman,"{""Iran"": 2900000.0}",272770,307230,290000.00,fresh,84,100,regional_fx_board,2026-10-04T08:38:01+00:00,Iran,2900000.0,midpoint,USD
irancurrency,قیمت لحظه ای دلار ، ارز ، سکه و طلا,"نرخ فروش #دلار ، #ارز ، #سکه و #طلا در بازار -- تغییر نسبت به دیروز - درصد 💵 دلار: 271,870 🔼 3370 🔼 %1.26+ 💶 یورو: 306,150 🔼 3920 🔼 %1.3+ 💷 پوند: 359,240 🔼 3700 🔼 %1.04+ ‏ 🇨🇦 دلار کانادا: 190,800 🔼 2340 🔼 %1.24+ ‏ 🇦🇺 دلار استرالیا: 188,430 ...",Iran,,,,,,,,,,,,,,,,,,toman,"{""Iran"": 2890100.0}",271870,306150,289010.00,fresh,84,100,regional_fx_board,2026-10-04T08:57:30+00:00,Iran,2890100.0,midpoint,USD
irancurrency,قیمت لحظه ای دلار ، ارز ، سکه و طلا,"نرخ فروش #دلار ، #ارز ، #سکه و #طلا در بازار -- تغییر نسبت به دیروز - درصد 💵 دلار: 271,880 🔼 3380 🔼 %1.26+ 💶 یورو: 306,150 🔼 3920 🔼 %1.3+ 💷 پوند: 359,310 🔼 3770 🔼 %1.06+ ‏ 🇨🇦 دلار کانادا: 190,810 🔼 2350 🔼 %1.25+ ‏ 🇦🇺 دلار استرالیا: 188,490 ...",Iran,,,,,,,,,,,,,,,,,,toman,"{""Iran"": 2890150.0}",271880,306150,289015.00,fresh,84,100,regional_fx_board,2026-10-04T09:22:47+00:00,Iran,2890150.0,midpoint,USD
irancurrency,قیمت لحظه ای دلار ، ارز ، سکه و طلا,"نرخ فروش #دلار ، #ارز ، #سکه و #طلا در بازار -- تغییر نسبت به دیروز - درصد 💵 دلار: 270,840 🔻 2340 🔼 %0.87+ 💶 یورو: 305,000 🔻 2770 🔼 %0.92+ 💷 پوند: 357,960 🔻 2420 🔼 %0.68+ ‏ 🇨🇦 دلار کانادا: 190,110 🔻 1650 🔼 %0.88+ ‏ 🇦🇺 دلار استرالیا: 187,780...",Iran,,,,,,,,,,,,,,,,,,toman,"{""Iran"": 2879200.0}",270840,305000,287920.00,fresh,84,100,regional_fx_board,2026-10-04T09:31:17+00:00,Iran,2879200.0,midpoint,USD
irancurrency,قیمت لحظه ای دلار ، ارز ، سکه و طلا,"نرخ فروش #دلار ، #ارز ، #سکه و #طلا در بازار -- تغییر نسبت به دیروز - درصد 💵 دلار: 269,760 🔻 1260 🔼 %0.47+ 💶 یورو: 303,820 🔻 1590 🔼 %0.53+ 💷 پوند: 356,480 🔻 940 🔼 %0.26+ ‏ 🇨🇦 دلار کانادا: 189,370 🔻 910 🔼 %0.48+ ‏ 🇦🇺 دلار استرالیا: 187,000 🔻...",Iran,,,,,,,,,,,,,,,,,,toman,"{""Iran"": 2867900.0}",269760,303820,286790.00,fresh,84,100,regional_fx_board,2026-10-04T09:54:10+00:00,Iran,2867900.0,midpoint,USD
irancurrency,قیمت لحظه ای دلار ، ارز ، سکه و طلا,"نرخ فروش #دلار ، #ارز ، #سکه و #طلا در بازار -- تغییر نسبت به دیروز - درصد 💵 دلار: 268,710 🔻 210 🔼 %0.08+ 💶 یورو: 302,650 تومان 420 🔼 %0.14+ 💷 پوند: 355,140 تومان 400 🔻 %0.11- ‏ 🇨🇦 دلار کانادا: 188,650 تومان 190 🔼 %0.1+ ‏ 🇦🇺 دلار استرالیا: ...",Iran,,,,,,,,,,,,,,,,,,toman,"{""Iran"": 2856800.0}",268710,302650,285680.00,fresh,84,100,regional_fx_board,2026-10-04T10:32:18+00:00,Iran,2856800.0,midpoint,USD
irancurrency,قیمت لحظه ای دلار ، ارز ، سکه و طلا,"نرخ فروش #دلار ، #ارز ، #سکه و #طلا در بازار -- تغییر نسبت به دیروز - درصد 💵 دلار: 267,340 🔻 1160 🔻 %0.43- 💶 یورو: 301,100 تومان 1130 🔻 %0.37- 💷 پوند: 353,290 تومان 2250 🔻 %0.63- ‏ 🇨🇦 دلار کانادا: 187,660 تومان 800 🔻 %0.42- ‏ 🇦🇺 دلار استرال...",Iran,,,,,,,,,,,,,,,,,,toman,"{""Iran"": 2842200.0}",267340,301100,284220.00,fresh,84,100,regional_fx_board,2026-10-04T10:41:18+00:00,Iran,2842200.0,midpoint,USD
irancurrency,قیمت لحظه ای دلار ، ارز ، سکه و طلا,"نرخ فروش #دلار ، #ارز ، #سکه و #طلا در بازار -- تغییر نسبت به دیروز - درصد 💵 دلار: 267,580 تومان 920 🔻 %0.34- 💶 یورو: 301,300 تومان 930 🔻 %0.31- 💷 پوند: 353,520 تومان 2020 🔻 %0.57- ‏ 🇨🇦 دلار کانادا: 187,810 تومان 650 🔻 %0.34- ‏ 🇦🇺 دلار استر...",Iran,,,,,,,,,,,,,,,,,,toman,"{""Iran"": 2844400.0}",267580,301300,284440.00,fresh,84,100,regional_fx_board,2026-10-04T10:51:47+00:00,Iran,2844400.0,midpoint,USD
irancurrency,قیمت لحظه ای دلار ، ارز ، سکه و طلا,"نرخ فروش #دلار ، #ارز ، #سکه و #طلا در بازار -- تغییر نسبت به دیروز - درصد 💵 دلار: 268,280 تومان 220 🔻 %0.08- 💶 یورو: 302,100 تومان 130 🔻 %0.04- 💷 پوند: 354,470 تومان 1070 🔻 %0.3- ‏ 🇨🇦 دلار کانادا: 188,310 تومان 150 🔻 %0.08- ‏ 🇦🇺 دلار استرا...",Iran,,,,,,,,,,,,,,,,,,toman,"{""Iran"": 2851900.0}",268280,302100,285190.00,fresh,84,100,regional_fx_board,2026-10-04T11:30:51+00:00,Iran,2851900.0,midpoint,USD
irancurrency,قیمت لحظه ای دلار ، ارز ، سکه و طلا,"نرخ فروش #دلار ، #ارز ، #سکه و #طلا در بازار -- تغییر نسبت به دیروز - درصد 💵 دلار: 269,080 تومان 580 🔼 %0.22+ 💶 یورو: 303,000 تومان 770 🔼 %0.25+ 💷 پوند: 355,560 🔻 20 🔼 ‏ 🇨🇦 دلار کانادا: 188,850 تومان 390 🔼 %0.21+ ‏ 🇦🇺 دلار استرالیا: 186,500...",Iran,,,,,,,,,,,,,,,,,,toman,"{""Iran"": 2860400.0}",269080,303000,286040.00,fresh,84,100,regional_fx_board,2026-10-04T12:01:24+00:00,Iran,2860400.0,midpoint,USD
irancurrency,قیمت لحظه ای دلار ، ارز ، سکه و طلا,"نرخ فروش #دلار ، #ارز ، #سکه و #طلا در بازار -- تغییر نسبت به دیروز - درصد 💵 دلار: 269,060 تومان 560 🔼 %0.21+ 💶 یورو: 303,000 تومان 770 🔼 %0.25+ 💷 پوند: 355,730 تومان 190 🔼 %0.05+ ‏ 🇨🇦 دلار کانادا: 188,850 تومان 390 🔼 %0.21+ ‏ 🇦🇺 دلار استرا...",Iran,,,,,,,,,,,,,,,,,,toman,"{""Iran"": 2860300.0}",269060,303000,286030.00,fresh,84,100,regional_fx_board,2026-10-04T12:31:18+00:00,Iran,2860300.0,midpoint,USD
irancurrency,قیمت لحظه ای دلار ، ارز ، سکه و طلا,"نرخ فروش #دلار ، #ارز ، #سکه و #طلا در بازار -- تغییر نسبت به دیروز - درصد 💵 دلار: 268,680 تومان 180 🔼 %0.07+ 💶 یورو: 302,550 تومان 320 🔼 %0.11+ 💷 پوند: 355,000 تومان 540 🔻 %0.15- ‏ 🇨🇦 دلار کانادا: 188,560 تومان 100 🔼 %0.05+ ‏ 🇦🇺 دلار استرا...",Iran,,,,,,,,,,,,,,,,,,toman,"{""Iran"": 2856150.0}",268680,302550,285615.00,fresh,84,100,regional_fx_board,2026-10-04T13:02:30+00:00,Iran,2856150.0,midpoint,USD
irancurrency,قیمت لحظه ای دلار ، ارز ، سکه و طلا,"نرخ فروش #دلار ، #ارز ، #سکه و #طلا در بازار -- تغییر نسبت به دیروز - درصد 💵 دلار: 268,080 تومان 420 🔻 %0.16- 💶 یورو: 301,850 🔻 380 🔻 %0.13- 💷 پوند: 354,210 🔻 1330 🔻 %0.37- ‏ 🇨🇦 دلار کانادا: 188,150 🔻 310 🔻 %0.16- ‏ 🇦🇺 دلار استرالیا: 185,81...",Iran,,,,,,,,,,,,,,,,,,toman,"{""Iran"": 2849650.0}",268080,301850,284965.00,fresh,84,100,regional_fx_board,2026-10-04T13:32:16+00:00,Iran,2849650.0,midpoint,USD
irancurrency,قیمت لحظه ای دلار ، ارز ، سکه و طلا,"نرخ فروش #دلار ، #ارز ، #سکه و #طلا در بازار -- تغییر نسبت به دیروز - درصد 💵 دلار: 267,590 تومان 910 🔻 %0.34- 💶 یورو: 301,280 تومان 950 🔻 %0.31- 💷 پوند: 353,600 تومان 1940 🔻 %0.55- ‏ 🇨🇦 دلار کانادا: 187,800 تومان 660 🔻 %0.35- ‏ 🇦🇺 دلار استر...",Iran,,,,,,,,,,,,,,,,,,toman,"{""Iran"": 2844350.0}",267590,301280,284435.00,fresh,84,100,regional_fx_board,2026-10-04T14:01:11+00:00,Iran,2844350.0,midpoint,USD
irancurrency,قیمت لحظه ای دلار ، ارز ، سکه و طلا,"نرخ فروش #دلار ، #ارز ، #سکه و #طلا در بازار -- تغییر نسبت به دیروز - درصد 💵 دلار: 268,080 تومان 420 🔻 %0.16- 💶 یورو: 301,830 تومان 400 🔻 %0.13- 💷 پوند: 354,250 تومان 1290 🔻 %0.36- ‏ 🇨🇦 دلار کانادا: 188,150 تومان 310 🔻 %0.16- ‏ 🇦🇺 دلار استر...",Iran,,,,,,,,,,,,,,,,,,toman,"{""Iran"": 2849550.0}",268080,301830,284955.00,fresh,84,100,regional_fx_board,2026-10-04T14:31:27+00:00,Iran,2849550.0,midpoint,USD
irancurrency,قیمت لحظه ای دلار ، ارز ، سکه و طلا,"نرخ فروش #دلار ، #ارز ، #سکه و #طلا در بازار -- تغییر نسبت به دیروز - درصد 💵 دلار: 268,780 تومان 280 🔼 %0.1+ 💶 یورو: 302,640 تومان 410 🔼 %0.14+ 💷 پوند: 355,150 تومان 390 🔻 %0.11- ‏ 🇨🇦 دلار کانادا: 188,700 تومان 240 🔼 %0.13+ ‏ 🇦🇺 دلار استرال...",Iran,,,,,,,,,,,,,,,,,,toman,"{""Iran"": 2857100.0}",268780,302640,285710.00,fresh,84,100,regional_fx_board,2026-10-04T15:00:45+00:00,Iran,2857100.0,midpoint,USD
irancurrency,قیمت لحظه ای دلار ، ارز ، سکه و طلا,"نرخ‌های فروش تکمیلی بازار -- تغییر نسبت به دیروز - درصد ‏ 🇯🇵 ین: 1,710 🔼 10 🔼 %0.59+ ‏ 🇷🇺 روبل: 3,230 تومان 20 🔼 %0.62+ ‏ 🇮🇳 روپیه: 2,790 تومان بدون تغییر ➖ ‏ 🇦🇲 درام: 743.5 🔼 1.5 🔼 %0.2+ ‏ 🇰🇼 دینار کویت: 870,700 🔼 1300 🔼 %0.15+ ‏ 🇶🇦 ریال ق...",Qatar,,,,,,,,,,,,,,,2691780.00,,,toman,"{""Qatar"": 2691780.0}",870700,73950,472325.00,fresh,84,100,regional_fx_board,2026-10-04T12:15:42+00:00,Qatar,2691780.0,single_value,QAR
moneytransfersarafi,Money Transfer Sarafi مانی حواله صرافي,"02/10/2026 ‌‏ ‎نرخ امروز لندن ✓قیمت خرید پوند, ‎خريد حساب رسمی: 315,000 ‎نقدی/حساب از ۵،۰۰۰: 310,000 ‎ نقدی/حساب از ۲،۰۰۰: 305,000 ‎ نقدی/حساب از ۱۰۰: 300,000 ✓قیمت فروش پوند; ‎فروش پوند نقدی:330,000 ‎حساب عادی:335,000 ‎ حساب فوری: 340,000 ...",UK,,,,,,,,,,,,,,,,,,toman,"{""UK"": 2365384.62}",315000,300000,307500.00,recent,84,100,regional_fx_board,2026-10-02T09:03:33+00:00,UK,2365384.6153846155,midpoint,GBP
navasanchannel,نوسان - اعلان لحظه ای نرخ ارز و سکه,"💵 دلار آمریکا فروش 🔴 : 268,300 تومان 💵 دلار آمریکا خرید 🔵 : 267,900 تومان 💶 یورو فروش : 302,090 تومان دلار کانادا فروش 🇨🇦 : 192,590 تومان درهم امارات 🇦🇪 : 73,780 تومان سکه امامی ✴️ : 271,000,000 تومان سکه بهار آزادی ✴️ : 260,000,000 تومان ن...",Dubai,,,,,,,2709570.50,,,,,,,,,,,toman,"{""Dubai"": 2709570.5}",268300,268300,268300.00,fresh,84,100,regional_fx_board,2026-10-04T14:08:16+00:00,Dubai,2709570.5,single_value,AED
navasanchannel,نوسان - اعلان لحظه ای نرخ ارز و سکه,"💵 دلار آمریکا فروش 🔴 : 267,800 تومان 💵 دلار آمریکا خرید 🔵 : 267,400 تومان 💶 یورو فروش : 301,530 تومان دلار کانادا فروش 🇨🇦 : 192,250 تومان درهم امارات 🇦🇪 : 73,640 تومان سکه امامی ✴️ : 271,000,000 تومان سکه بهار آزادی ✴️ : 260,000,000 تومان ن...",Dubai,,,,,,,2704429.00,,,,,,,,,,,toman,"{""Dubai"": 2704429.0}",267800,267800,267800.00,fresh,84,100,regional_fx_board,2026-10-04T14:23:17+00:00,Dubai,2704429.0,single_value,AED
navasanchannel,نوسان - اعلان لحظه ای نرخ ارز و سکه,"💵 دلار آمریکا فروش 🔴 : 267,800 تومان 💵 دلار آمریکا خرید 🔵 : 267,400 تومان 💶 یورو فروش : 301,530 تومان دلار کانادا فروش 🇨🇦 : 192,040 تومان درهم امارات 🇦🇪 : 73,560 تومان سکه امامی ✴️ : 271,000,000 تومان سکه بهار آزادی ✴️ : 260,000,000 تومان ن...",Dubai,,,,,,,2701491.00,,,,,,,,,,,toman,"{""Dubai"": 2701491.0}",267800,267800,267800.00,fresh,84,100,regional_fx_board,2026-10-04T14:38:17+00:00,Dubai,2701491.0,single_value,AED
navasanchannel,نوسان - اعلان لحظه ای نرخ ارز و سکه,"💵 دلار آمریکا فروش 🔴 : 267,800 تومان 💵 دلار آمریکا خرید 🔵 : 267,400 تومان 💶 یورو فروش : 301,530 تومان دلار کانادا فروش 🇨🇦 : 192,320 تومان درهم امارات 🇦🇪 : 73,670 تومان سکه امامی ✴️ : 271,000,000 تومان سکه بهار آزادی ✴️ : 260,000,000 تومان ن...",Dubai,,,,,,,2705530.75,,,,,,,,,,,toman,"{""Dubai"": 2705530.75}",267800,267800,267800.00,fresh,84,100,regional_fx_board,2026-10-04T14:53:17+00:00,Dubai,2705530.75,single_value,AED
navasanchannel,نوسان - اعلان لحظه ای نرخ ارز و سکه,"💵 دلار آمریکا فروش 🔴 : 268,000 تومان 💵 دلار آمریکا خرید 🔵 : 267,600 تومان 💶 یورو فروش : 301,750 تومان دلار کانادا فروش 🇨🇦 : 192,320 تومان درهم امارات 🇦🇪 : 73,670 تومان سکه امامی ✴️ : 271,000,000 تومان سکه بهار آزادی ✴️ : 260,000,000 تومان ن...",Dubai,,,,,,,2705530.75,,,,,,,,,,,toman,"{""Dubai"": 2705530.75}",268000,268000,268000.00,fresh,84,100,regional_fx_board,2026-10-04T15:08:18+00:00,Dubai,2705530.75,single_value,AED
navasanchannel,نوسان - اعلان لحظه ای نرخ ارز و سکه,"💵 دلار آمریکا فروش 🔴 : 268,200 تومان 💵 دلار آمریکا خرید 🔵 : 267,800 تومان 💶 یورو فروش : 301,980 تومان دلار کانادا فروش 🇨🇦 : 192,300 تومان درهم امارات 🇦🇪 : 73,670 تومان سکه امامی ✴️ : 271,000,000 تومان سکه بهار آزادی ✴️ : 260,000,000 تومان ن...",Dubai,,,,,,,2705530.75,,,,,,,,,,,toman,"{""Dubai"": 2705530.75}",268200,268200,268200.00,fresh,84,100,regional_fx_board,2026-10-04T15:23:18+00:00,Dubai,2705530.75,single_value,AED
navasanchannel,نوسان - اعلان لحظه ای نرخ ارز و سکه,"💵 دلار آمریکا فروش 🔴 : 268,200 تومان 💵 دلار آمریکا خرید 🔵 : 267,800 تومان 💶 یورو فروش : 301,980 تومان دلار کانادا فروش 🇨🇦 : 192,430 تومان درهم امارات 🇦🇪 : 73,720 تومان سکه امامی ✴️ : 271,000,000 تومان سکه بهار آزادی ✴️ : 260,000,000 تومان ن...",Dubai,,,,,,,2707367.00,,,,,,,,,,,toman,"{""Dubai"": 2707367.0}",268200,268200,268200.00,fresh,84,100,regional_fx_board,2026-10-04T15:38:18+00:00,Dubai,2707367.0,single_value,AED
nerkh_uk,نرخ ارز Nerkh_Uk,"02/10/2026 ‌‏ ‎نرخ امروز لندن ✓قیمت خرید پوند, ‎خريد حساب رسمی: 315,000 ‎نقدی/حساب از ۵،۰۰۰: 310,000 ‎ نقدی/حساب از ۲،۰۰۰: 305,000 ‎ نقدی/حساب از ۱۰۰: 300,000 ✓قیمت فروش پوند; ‎فروش پوند نقدی:330,000 ‎حساب عادی:335,000 ‎ حساب فوری: 340,000 ...",UK,,,,,,,,,,,,,,,,,,toman,"{""UK"": 2365384.62}",315000,300000,307500.00,recent,84,100,regional_fx_board,2026-10-02T09:03:33+00:00,UK,2365384.6153846155,midpoint,GBP
nerkhsarafionline,Nerkh Sarafi Online نرخ صرافي,"02/10/2026 ‌‏ ‎نرخ امروز لندن ✓قیمت خرید پوند, ‎خريد حساب رسمی: 315,000 ‎نقدی/حساب از ۵،۰۰۰: 310,000 ‎ نقدی/حساب از ۲،۰۰۰: 305,000 ‎ نقدی/حساب از ۱۰۰: 300,000 ✓قیمت فروش پوند; ‎فروش پوند نقدی:330,000 ‎حساب عادی:335,000 ‎ حساب فوری: 340,000 ...",UK,,,,,,,,,,,,,,,,,,toman,"{""UK"": 2365384.62}",315000,300000,307500.00,recent,84,100,regional_fx_board,2026-10-02T09:03:33+00:00,UK,2365384.6153846155,midpoint,GBP
royal_rate,نرخ ارز بازار CURRENCY RATE,"📌 قیمت فروش درهم الانی 73,900/74,000 📌 قیمت حواله از دبی الانی(N/A) با توجه نوسانات لحظه ایی نرخهای اعلامی ، صرفا جهت نرخ دهی میباشد. (برای مبالغ درشت) #نرخ #درهم_دبی #یوان #ارز کانال نرخ زنی مارو به اشتراک بزارین. 🇮🇷 🇦🇪 T.me/Royal_rate 🇨🇦 ...",Dubai,,,,,,,2713977.50,,,,,,,,,,,toman,"{""Dubai"": 2713977.5}",73900,73900,73900.00,fresh,84,100,regional_market_channel,2026-10-04T10:10:05+00:00,Dubai,2713977.5,sell,AED
sarafionline7groupuk,Nerkh Sarafi Online 7 Group Uk,"02/10/2026 ✓ قیمت پوند انگلستان 🇬🇧 ✓ خرید نقدی پوند 310,000 ✓ فروش نقدی پوند 325,000 ✓ واریزی فوری 1 روزه ✓ خرید حسابی پوند 315,000 فروش حساب شخصی 330,000 فروش حساب شرکتی 340,000 ✓ واریزی فوری 1 ساعته و 1روزه ✓ کارمزد کمتر 1,000پوند5 تا 10پ...",UK,,,,,,,,,,,,,,,,,,toman,"{""UK"": 3100000.0}",310000,310000,310000.00,recent,84,100,regional_fx_board,2026-10-02T08:41:26+00:00,UK,3100000.0,midpoint,USD
sarafionlineuk,Sarafi Online 7 Seven Uk,"02/10/2026 ‌‏ ‎نرخ امروز لندن ✓قیمت خرید پوند, ‎خريد حساب رسمی: 315,000 ‎نقدی/حساب از ۵،۰۰۰: 310,000 ‎ نقدی/حساب از ۲،۰۰۰: 305,000 ‎ نقدی/حساب از ۱۰۰: 300,000 ✓قیمت فروش پوند; ‎فروش پوند نقدی:330,000 ‎حساب عادی:335,000 ‎ حساب فوری: 340,000 ...",UK,,,,,,,,,,,,,,,,,,toman,"{""UK"": 2365384.62}",315000,300000,307500.00,recent,84,100,regional_fx_board,2026-10-02T09:01:13+00:00,UK,2365384.6153846155,midpoint,GBP
hmtransfer,تبادل ارز اروپا,"❇ حواله 362 بابت #فروش_یورو 🗣 فروشنده : MH 💚 💚 💚 💚 💚 💶 مبلغ: 50 یورو 💰 نرخ پیشنهادی: 290,000 تومان 💳 نوع حواله: حواله بانکی حساب شخص از هلند پیشنهادهای ارسال شده: ✅ 280,000 تومان در 12 مهر 23:08 توسط م.ج ❇ این درخواست در حال انجام است. 🆔 👉 ...",Germany,,,,,,,,,,,2500000.00,,,,,,,toman,"{""Germany"": 2500000.0}",290000,280000,285000.00,fresh,83,100,regional_fx_board,2026-10-04T19:10:54+00:00,Germany,2500000.0,midpoint,EUR
hmtransfer,تبادل ارز اروپا,"❇ حواله 365 بابت #فروش_یورو 🗣 فروشنده : گلناز حمیدانی 💚 💚 🤍 🤍 🤍 💶 مبلغ: 90 یورو 💰 نرخ پیشنهادی: 300,000 تومان 💳 نوع حواله: حواله بانکی حساب شخص از هلند پیشنهادهای ارسال شده: ✅ 290,000 تومان در 12 مهر 23:53 توسط Azi ❇ این درخواست در حال انجا...",Germany,,,,,,,,,,,2587719.30,,,,,,,toman,"{""Germany"": 2587719.3}",300000,290000,295000.00,fresh,83,100,regional_fx_board,2026-10-04T19:30:08+00:00,Germany,2587719.2982456144,midpoint,EUR
hmtransfer,تبادل ارز اروپا,"🔄 حواله 366 بابت #فروش_یورو 🗣 فروشنده : Kasra 💚 💚 💚 💚 💚 💶 مبلغ: 170 یورو 💰 نرخ پیشنهادی: 300,000 تومان 💳 نوع حواله: حواله بانکی حساب شخص از هلند ✍️ توضیحات: Abn amro, revolut, wise واریز فوری یورو پیشنهادهای ارسال شده: 🔸 296,000 تومان در 12...",Germany,,,,,,,,,,,2614035.09,,,,,,,toman,"{""Germany"": 2614035.09}",300000,296000,298000.00,fresh,83,100,regional_fx_board,2026-10-04T19:31:04+00:00,Germany,2614035.0877192984,midpoint,EUR
hmtransfer,تبادل ارز اروپا,"🔄 حواله 369 بابت #فروش_یورو 🗣 فروشنده : MajidH 💚 💚 🤍 🤍 🤍 💶 مبلغ: 250 یورو 💰 نرخ پیشنهادی: 299,000 تومان 💳 نوع حواله: پی پال از ایران پیشنهادهای ارسال شده: 🔸 295,000 تومان در 12 مهر 23:28 توسط م.ر 🆔 👉 @HmTransfer",Germany,,,,,,,,,,,2605263.16,,,,,,,toman,"{""Germany"": 2605263.16}",299000,295000,297000.00,fresh,83,100,regional_fx_board,2026-10-04T19:55:43+00:00,Germany,2605263.157894737,midpoint,EUR
hmtransfer,تبادل ارز اروپا,"❇ حواله 370 بابت #فروش_یورو 🗣 فروشنده : M M 💚 💚 💚 💚 💚 💶 مبلغ: 220 یورو 💰 نرخ پیشنهادی: 301,000 تومان 💳 نوع حواله: حواله بانکی حساب شخص از آلمان پیشنهادهای ارسال شده: ✅ 294,000 تومان در 12 مهر 23:33 توسط Saa ❌ 288,000 تومان در 12 مهر 23:32 ت...",Germany,,,,,,,,,,,2609649.12,,,,,,,toman,"{""Germany"": 2609649.12}",301000,294000,297500.00,fresh,83,100,regional_fx_board,2026-10-04T19:55:50+00:00,Germany,2609649.122807018,midpoint,EUR
hmtransfer,تبادل ارز اروپا,"🔄 حواله 371 بابت #فروش_یورو 🗣 فروشنده : Z.G 💚 💚 💚 💚 💚 💶 مبلغ: 150 یورو 💰 نرخ پیشنهادی: 298,000 تومان 💳 نوع حواله: حواله بانکی حساب شخص از آلمان ✍️ توضیحات: واریز به حساب شخص در آلمان، روولوت یا پی پال پیشنهادهای ارسال شده: ❌ 290,000 تومان د...",Germany,,,,,,,,,,,2578947.37,,,,,,,toman,"{""Germany"": 2578947.37}",298000,290000,294000.00,fresh,83,100,regional_fx_board,2026-10-04T20:21:08+00:00,Germany,2578947.368421053,midpoint,EUR
hmtransfer,تبادل ارز اروپا,"🔄 حواله 373 بابت #فروش_یورو 🗣 فروشنده : Ramin 💚 💚 🤍 🤍 🤍 💶 مبلغ: 360 یورو 💰 نرخ پیشنهادی: 303,000 تومان 💳 نوع حواله: حواله بانکی حساب شخص از اسپانیا ✍️ توضیحات: با احترام درخواست های خنده دار ارسال نکنید. پیشنهادهای ارسال شده: ❌ 290,000 توما...",Germany,,,,,,,,,,,2600877.19,,,,,,,toman,"{""Germany"": 2600877.19}",303000,290000,296500.00,fresh,83,100,regional_fx_board,2026-10-04T20:40:56+00:00,Germany,2600877.192982456,midpoint,EUR
hmtransfer,تبادل ارز اروپا,"🔄 حواله 374 بابت #فروش_یورو 🗣 فروشنده : ف خ 💚 💚 💚 💚 💚 💶 مبلغ: 70 یورو 💰 نرخ پیشنهادی: 300,000 تومان 💳 نوع حواله: حواله بانکی حساب شخص از اسپانیا ✍️ توضیحات: رولوت یا حساب بانکی پیشنهادهای ارسال شده: ❌ 285,000 تومان در 13 مهر 00:23 توسط ی.ش ...",Germany,,,,,,,,,,,2565789.47,,,,,,,toman,"{""Germany"": 2565789.47}",300000,285000,292500.00,fresh,83,100,regional_fx_board,2026-10-04T20:50:50+00:00,Germany,2565789.473684211,midpoint,EUR
hmtransfer,تبادل ارز اروپا,"🔄 حواله 375 بابت #فروش_یورو 🗣 فروشنده : آرش 💚 💚 💚 💚 💚 💶 مبلغ: 200 یورو 💰 نرخ پیشنهادی: 303,000 تومان 💳 نوع حواله: حواله بانکی حساب شخص از بلژیک ✍️ توضیحات: . پیشنهادهای ارسال شده: 🔸 285,000 تومان در 13 مهر 00:50 توسط س.ا 🆔 👉 @HmTransfer",Germany,,,,,,,,,,,2578947.37,,,,,,,toman,"{""Germany"": 2578947.37}",303000,285000,294000.00,fresh,83,100,regional_fx_board,2026-10-04T20:51:40+00:00,Germany,2578947.368421053,midpoint,EUR
hmtransfer,تبادل ارز اروپا,"🔄 حواله 376 بابت #فروش_یورو 🗣 فروشنده : Niloo 💚 🤍 🤍 🤍 🤍 💶 مبلغ: 60 یورو 💰 نرخ پیشنهادی: 303,000 تومان 💳 نوع حواله: حواله بانکی حساب شخص از هلند پیشنهادهای ارسال شده: ❌ 285,000 تومان در 13 مهر 00:32 توسط ی.ش 🆔 👉 @HmTransfer",Germany,,,,,,,,,,,2578947.37,,,,,,,toman,"{""Germany"": 2578947.37}",303000,285000,294000.00,fresh,83,100,regional_fx_board,2026-10-04T20:58:14+00:00,Germany,2578947.368421053,midpoint,EUR
hmtransfer,تبادل ارز اروپا,"🔄 حواله 364 بابت #خرید_دلار آمریکا 🗣 خریدار : ساناز منصوری 💚 💚 💚 💚 💚 💶 مبلغ: 600 دلار آمریکا 💰 نرخ پیشنهادی: 255,000 تومان ‼️ 💳 نوع حواله: حواله بانکی حساب شخص به ایالات متحده آمریکا ✍️ توضیحات: شبا درایران و zelle در امریکا پیشنهادهای ارسا...",Iran,,,,,,,,,,,,,,,,,,toman,"{""Iran"": 2595000.0}",255000,264000,259500.00,fresh,83,100,regional_fx_board,2026-10-04T19:24:49+00:00,Iran,2595000.0,midpoint,USD
eurobazaar,یورو بازار بانکی,"❗️ مشتری جدید
🔁 حواله 79933 بابت #فروش یورو 🔹 فروشنده: Arian 💵 مبلغ : 800 یورو 💰 نرخ پیشنهادی: 255,000 تومان زیر نظر کانال با کارمزد 0.5درصد (4.0 یورو) 🔻 نوع حواله: حواله بانکی ✍️ توضیحات: 800 یورو آلمان موجود ❓ 282,000 تومان در 07/13 00:24...",Germany,,,,,,,,,,,2473684.21,,,,,,,toman,"{""Germany"": 2473684.21}",,79933,,fresh,82,100,regional_market_channel,2026-10-04T20:11:35+00:00,Germany,2473684.210526316,single_value,EUR
sarafijavan,SARAFI JAVAN | صرافی جوان لندن پوند خرید و فروش قیمت پوند نرخ ارز حواله دلار کانادا آمریکا درهم CAD EURO انگلیس یورو,"🟢 292,000 تومـــان خـــریـــ‌‌ـد ما (پــوند حسابی) 🔴 302,000 تومـــان فــــــروش ما (پــوند حسابی) ⭐️ انتقال سریع، مطمئن و شفاف ⭐️ ⸻ 📞 WhatsApp استعلام بهترین و آخرین قیمت 💬 👇 👇 👇 👇 https://wa.me/447577175916 ⸻ 📌 قیمت‌های فروش در تهران 💸 پو...",UK,,,,,,,,,,,,,,,,,,toman,"{""UK"": 2350400.0}",,,,stale,82,100,regional_fx_board,2026-09-26T08:35:05+00:00,UK,2350400.0,single_value,AED
sarafijavan,SARAFI JAVAN | صرافی جوان لندن پوند خرید و فروش قیمت پوند نرخ ارز حواله دلار کانادا آمریکا درهم CAD EURO انگلیس یورو,"🟢 330,000 تومـــان خـــریـــ‌‌ـد ما ( پوند حسابی) 🔴 345,000 تومـــان فــــــروش ما (پــوند حسابی) ⭐️ انتقال سریع، مطمئن و شفاف ⭐️ ⸻ 📞 WhatsApp استعلام بهترین و آخرین قیمت 💬 👇 👇 👇 👇 https://wa.me/447577175916 ⸻ 📌 قیمت‌های فروش در تهران 💸 پون...",UK,,,,,,,,,,,,,,,,,,toman,"{""UK"": 2662562.5}",,354000,,recent,82,100,regional_fx_board,2026-10-03T08:36:09+00:00,UK,2662562.5,single_value,AED
roya_mah_e_sefid,رویای مهاجرت با ماه سفید,"#نرخ_ارز 🕐 یکشنبه ۱۲ مهر ۱۴۰۵ ساعت ۱۲:۱۵ 💵 دلار آمریکا فروش 🔴 : 271,700 تومان 💵 دلار آمریکا خرید 🔵 : 271,300 تومان 💶 یورو فروش : 305,920 تومان دلار کانادا فروش 🇨🇦 : 195,070 تومان درهم امارات 🇦🇪 : 74,710 تومان سکه امامی ✴️ : 275,500,000 توما...",Dubai,,,,,,,2743724.75,,,,,,,,,,,toman,"{""Dubai"": 2743724.75}",271700,271700,271700.00,fresh,81,35,regional_market_channel,2026-10-04T08:57:34+00:00,Dubai,2743724.75,single_value,AED
roya_mah_e_sefid,رویای مهاجرت با ماه سفید,"#نرخ_ارز 🕐 یکشنبه ۱۲ مهر ۱۴۰۵ ساعت ۱۸:۳۰ 💵 دلار آمریکا فروش 🔴 : 267,800 تومان 💵 دلار آمریکا خرید 🔵 : 267,400 تومان 💶 یورو فروش : 301,530 تومان دلار کانادا فروش 🇨🇦 : 192,040 تومان درهم امارات 🇦🇪 : 73,560 تومان سکه امامی ✴️ : 271,000,000 توما...",Dubai,,,,,,,2701491.00,,,,,,,,,,,toman,"{""Dubai"": 2701491.0}",267800,267800,267800.00,fresh,81,35,regional_market_channel,2026-10-04T15:08:29+00:00,Dubai,2701491.0,single_value,AED
eghtesadtejarat,اقتصادتجارت,"🌐 مظنه بازار 1405/07/12 18:30 یک شنبه دلار فروش : 267,800 تومان دلار خرید : 267,400 تومان یورو : 301,530 تومان دلار کانادا : 192,040 تومان درهم امارات : 73,560 تومان سکه امامی 271,000,000 تومان سکه بهار آزادی : 260,000,000 تومان نیم سکه142,...",Dubai,,,,,,,2701491.00,,,,,,,,,,,toman,"{""Dubai"": 2701491.0}",267800,267800,267800.00,fresh,80,100,regional_fx_board,2026-10-04T15:06:01+00:00,Dubai,2701491.0,single_value,AED
gold_mesghal,👎💰 تحلیل تکنیکال آبشده نقدی رسمی و غیررسمی Gold_Mesghal 💰👍,"نرخ‌های فروش تکمیلی بازار -- تغییر نسبت به دیروز - درصد ‏ 🇯🇵 ین: 1,710 تومان 50 🔼 %3.01+ ‏ 🇷🇺 روبل: 3,220 تومان 100 🔼 %3.21+ ‏ 🇮🇳 روپیه: 2,790 تومان 70 🔼 %2.57+ ‏ 🇦🇲 درام: 743.5 تومان 23 🔼 %3.19+ ‏ 🇰🇼 دینار کویت: 871,050 تومان 25300 🔼 %2.99...",Qatar,,,,,,,,,,,,,,,2691780.00,,,toman,"{""Qatar"": 2691780.0}",871050,25300,448175.00,recent,80,100,regional_fx_board,2026-10-03T19:25:04+00:00,Qatar,2691780.0,single_value,QAR
hmbcexchangebureau,London exchange,HMBC London exchange صرافي لندن ارسال پوند به ایران و بالعكس 🔺 خريد از حساب هر پوند ٣٢٥،٠٠٠ 🔹 فروش واريز به حساب پوند ٠٠٠،٠٠٠ 🔹 خرید پوند نقدي ٣٢٠،٠٠٠ 🔺 فروش پوند نقدي ٠٠٠،٠٠۰ 🎉 کلیه حواله های زیر 500£ شامل 10£ کارمزد میباشد ✅ بهترین و پایی...,London,,,,,,,,,,,,2500000.00,,,,,,toman,"{""London"": 2500000.0}",,325000,,recent,80,100,regional_market_channel,2026-10-03T10:42:18+00:00,London,2500000.0,sell,GBP
royal_rate,نرخ ارز بازار CURRENCY RATE,"📌 قیمت فروش درهم الانی 72,900/73,000 📌 قیمت حواله از دبی الانی(N/A) با توجه نوسانات لحظه ایی نرخهای اعلامی ، صرفا جهت نرخ دهی میباشد. (برای مبالغ درشت) #نرخ #درهم_دبی #یوان #ارز کانال نرخ زنی مارو به اشتراک بزارین. 🇮🇷 🇦🇪 T.me/Royal_rate 🇨🇦 ...",Dubai,,,,,,,2677252.50,,,,,,,,,,,toman,"{""Dubai"": 2677252.5}",72900,72900,72900.00,recent,80,100,regional_market_channel,2026-10-03T09:18:54+00:00,Dubai,2677252.5,sell,AED
bazar360,Bazar360.com نرخ ارز,"‏ آخرین نرخ فروش ارز و طلا در بازار تهران Bazar360.com - 1405/7/12 @ 08:29 نسخه جدید بازار۳۶۰ در Arz360.com / Bazar360.com در دسترس شماست! منتظر نظرات شما هستیم! نرخ تقریبی فروش ارز در بازار آزاد 🇺🇸 دلار آمریکا: 267,900 - 269,500 ⬆ [چارت 📈 ...",Dubai|Turkey|UK,,,,,,,2701858.25,,,,,,,,,,,toman,"{""Dubai"": 2701858.25}",73250,73890,268700.00,fresh,79,100,regional_fx_board,2026-10-04T04:59:32+00:00,Dubai,2701858.25,midpoint,AED
bazar360,Bazar360.com نرخ ارز,"‏ آخرین نرخ فروش ارز و طلا در بازار تهران Bazar360.com - 1405/7/12 @ 10:29 نسخه جدید بازار۳۶۰ در Arz360.com / Bazar360.com در دسترس شماست! منتظر نظرات شما هستیم! نرخ تقریبی فروش ارز در بازار آزاد 🇺🇸 دلار آمریکا: 267,900 - 269,500 ⬆ [چارت 📈 ...",Dubai|Turkey|UK,,,,,,,2701858.25,,,,,,,,,,,toman,"{""Dubai"": 2701858.25}",73250,73890,268700.00,fresh,79,100,regional_fx_board,2026-10-04T06:59:38+00:00,Dubai,2701858.25,midpoint,AED
bazar360,Bazar360.com نرخ ارز,"‏ آخرین نرخ فروش ارز و طلا در بازار تهران Bazar360.com - 1405/7/12 @ 13:59 نسخه جدید بازار۳۶۰ در Arz360.com / Bazar360.com در دسترس شماست! منتظر نظرات شما هستیم! نرخ تقریبی فروش ارز در بازار آزاد 🇺🇸 دلار آمریکا: 269,700 - 271,200 ⬇ [چارت 📉 ...",Dubai|Turkey|UK,,,,,,,2710305.00,,,,,,,,,,,toman,"{""Dubai"": 2710305.0}",73600,74000,270450.00,fresh,79,100,regional_fx_board,2026-10-04T10:29:53+00:00,Dubai,2710305.0,midpoint,AED
bazar360,Bazar360.com نرخ ارز,"‏ آخرین نرخ فروش ارز و طلا در بازار تهران Bazar360.com - 1405/7/12 @ 16:59 نسخه جدید بازار۳۶۰ در Arz360.com / Bazar360.com در دسترس شماست! منتظر نظرات شما هستیم! نرخ تقریبی فروش ارز در بازار آزاد 🇺🇸 دلار آمریکا: 268,100 - 269,300 ⬆ [چارت 📈 ...",Dubai|Turkey|UK,,,,,,,2698920.25,,,,,,,,,,,toman,"{""Dubai"": 2698920.25}",73150,73830,268700.00,fresh,79,100,regional_fx_board,2026-10-04T13:29:54+00:00,Dubai,2698920.25,midpoint,AED
bazar360,Bazar360.com نرخ ارز,"‏ آخرین نرخ فروش ارز و طلا در بازار تهران Bazar360.com - 1405/7/12 @ 08:29 نسخه جدید بازار۳۶۰ در Arz360.com / Bazar360.com در دسترس شماست! منتظر نظرات شما هستیم! نرخ تقریبی فروش ارز در بازار آزاد 🇺🇸 دلار آمریکا: 267,900 - 269,500 ⬆ [چارت 📈 ...",Dubai|Turkey|UK,,,,,,,2701858.25,,,,,,,,,,,toman,"{""Dubai"": 2701858.25, ""Turkey"": 2493936.0}",5470,5570,268700.00,fresh,79,100,regional_fx_board,2026-10-04T04:59:32+00:00,Turkey,2493936.0,midpoint,TRY
bazar360,Bazar360.com نرخ ارز,"‏ آخرین نرخ فروش ارز و طلا در بازار تهران Bazar360.com - 1405/7/12 @ 10:29 نسخه جدید بازار۳۶۰ در Arz360.com / Bazar360.com در دسترس شماست! منتظر نظرات شما هستیم! نرخ تقریبی فروش ارز در بازار آزاد 🇺🇸 دلار آمریکا: 267,900 - 269,500 ⬆ [چارت 📈 ...",Dubai|Turkey|UK,,,,,,,2701858.25,,,,,,,,,,,toman,"{""Dubai"": 2701858.25, ""Turkey"": 2493936.0}",5470,5570,268700.00,fresh,79,100,regional_fx_board,2026-10-04T06:59:38+00:00,Turkey,2493936.0,midpoint,TRY
bazar360,Bazar360.com نرخ ارز,"‏ آخرین نرخ فروش ارز و طلا در بازار تهران Bazar360.com - 1405/7/12 @ 13:59 نسخه جدید بازار۳۶۰ در Arz360.com / Bazar360.com در دسترس شماست! منتظر نظرات شما هستیم! نرخ تقریبی فروش ارز در بازار آزاد 🇺🇸 دلار آمریکا: 269,700 - 271,200 ⬇ [چارت 📉 ...",Dubai|Turkey|UK,,,,,,,2710305.00,,,,,,,,,,,toman,"{""Dubai"": 2710305.0, ""Turkey"": 2502972.0}",5490,5590,270450.00,fresh,79,100,regional_fx_board,2026-10-04T10:29:53+00:00,Turkey,2502972.0,midpoint,TRY
bazar360,Bazar360.com نرخ ارز,"‏ آخرین نرخ فروش ارز و طلا در بازار تهران Bazar360.com - 1405/7/12 @ 16:59 نسخه جدید بازار۳۶۰ در Arz360.com / Bazar360.com در دسترس شماست! منتظر نظرات شما هستیم! نرخ تقریبی فروش ارز در بازار آزاد 🇺🇸 دلار آمریکا: 268,100 - 269,300 ⬆ [چارت 📈 ...",Dubai|Turkey|UK,,,,,,,2698920.25,,,,,,,,,,,toman,"{""Dubai"": 2698920.25, ""Turkey"": 2491677.0}",5470,5560,268700.00,fresh,79,100,regional_fx_board,2026-10-04T13:29:54+00:00,Turkey,2491677.0,midpoint,TRY
bazar360,Bazar360.com نرخ ارز,"‏ آخرین نرخ فروش ارز و طلا در بازار تهران Bazar360.com - 1405/7/12 @ 08:29 نسخه جدید بازار۳۶۰ در Arz360.com / Bazar360.com در دسترس شماست! منتظر نظرات شما هستیم! نرخ تقریبی فروش ارز در بازار آزاد 🇺🇸 دلار آمریکا: 267,900 - 269,500 ⬆ [چارت 📈 ...",Dubai|Turkey|UK,,,,,,,2701858.25,,,,,,,,,,,toman,"{""Dubai"": 2701858.25, ""Turkey"": 2493936.0, ""UK"": 2727961.54}",353300,355970,268700.00,fresh,79,100,regional_fx_board,2026-10-04T04:59:32+00:00,UK,2727961.5384615385,midpoint,GBP
bazar360,Bazar360.com نرخ ارز,"‏ آخرین نرخ فروش ارز و طلا در بازار تهران Bazar360.com - 1405/7/12 @ 10:29 نسخه جدید بازار۳۶۰ در Arz360.com / Bazar360.com در دسترس شماست! منتظر نظرات شما هستیم! نرخ تقریبی فروش ارز در بازار آزاد 🇺🇸 دلار آمریکا: 267,900 - 269,500 ⬆ [چارت 📈 ...",Dubai|Turkey|UK,,,,,,,2701858.25,,,,,,,,,,,toman,"{""Dubai"": 2701858.25, ""Turkey"": 2493936.0, ""UK"": 2727961.54}",353300,355970,268700.00,fresh,79,100,regional_fx_board,2026-10-04T06:59:38+00:00,UK,2727961.5384615385,midpoint,GBP
bazar360,Bazar360.com نرخ ارز,"‏ آخرین نرخ فروش ارز و طلا در بازار تهران Bazar360.com - 1405/7/12 @ 13:59 نسخه جدید بازار۳۶۰ در Arz360.com / Bazar360.com در دسترس شماست! منتظر نظرات شما هستیم! نرخ تقریبی فروش ارز در بازار آزاد 🇺🇸 دلار آمریکا: 269,700 - 271,200 ⬇ [چارت 📉 ...",Dubai|Turkey|UK,,,,,,,2710305.00,,,,,,,,,,,toman,"{""Dubai"": 2710305.0, ""Turkey"": 2502972.0, ""UK"": 2743384.62}",354700,358580,270450.00,fresh,79,100,regional_fx_board,2026-10-04T10:29:53+00:00,UK,2743384.6153846155,midpoint,GBP
bazar360,Bazar360.com نرخ ارز,"‏ آخرین نرخ فروش ارز و طلا در بازار تهران Bazar360.com - 1405/7/12 @ 16:59 نسخه جدید بازار۳۶۰ در Arz360.com / Bazar360.com در دسترس شماست! منتظر نظرات شما هستیم! نرخ تقریبی فروش ارز در بازار آزاد 🇺🇸 دلار آمریکا: 268,100 - 269,300 ⬆ [چارت 📈 ...",Dubai|Turkey|UK,,,,,,,2698920.25,,,,,,,,,,,toman,"{""Dubai"": 2698920.25, ""Turkey"": 2491677.0, ""UK"": 2727769.23}",353000,356220,268700.00,fresh,79,100,regional_fx_board,2026-10-04T13:29:54+00:00,UK,2727769.2307692305,midpoint,GBP
berlin_pay,برلین پِی,خرید یورو نقدی برلین €* 285000 برلین 290000 بالای هزار 291000 بالای ۵هزار خرید یورو واریزبانکی* 293000 بالای هزار 294000 بالای ۵هزار https://chat.whatsapp.com/L204hi6hEZe3W9I2UUJiLd,Berlin,,,,,,,,,,2500000.00,,,,,,,,toman,"{""Berlin"": 2500000.0}",285000,,,fresh,79,100,regional_fx_board,2026-10-04T08:07:48+00:00,Berlin,2500000.0,buy,EUR
dollarsprice22,💵 مظنه ارز 💵,"#1405_07_12 ⏱️ 22:11 💵 #دلار تهران_نقدی 🇮🇷 268,000 تا 268,500 دلار 🇺🇸 تهران بین همکاران 269,200 دینار عراق 🇮🇶 168,000 تومان 🅱 بیت‌کوین 87.187.00 💵 📈 💰 قیمت ارز،طلا و خودرو 👇 @dollarsprice22",Tehran,2680000.00,,,,,,,,,,,,,,,,,toman,"{""Tehran"": 2680000.0}",,,,fresh,79,100,regional_fx_board,2026-10-04T18:41:30+00:00,Tehran,2680000.0,single_value,USD
ir_dolar,قیمت لحظه ای دلار,"#1405_07_12 ⏱️ 22:10 💵 #دلار تهران_نقدی 🇮🇷 268,000 تا 268,500 دلار 🇺🇸 تهران بین همکاران 269,200 دینار عراق 🇮🇶 168,000 تومان 🅱 بیت‌کوین 87.187.00 💵 📈 💰 قیمت ارز،طلا و خودرو 👇 @ir_dolar @new_onlin",Tehran,2680000.00,,,,,,,,,,,,,,,,,toman,"{""Tehran"": 2680000.0}",,,,fresh,79,100,regional_fx_board,2026-10-04T18:41:00+00:00,Tehran,2680000.0,single_value,USD
royal_rate,نرخ ارز بازار CURRENCY RATE,"*شروع قیمت فروش* درهم اول وقت بازار دبی 74,000/200 (بازگشایی نرخ) غیر رسمی* شروع شد. http://T.me/Royal_rate *شروع قیمت از دبی الانی (نرخ تقریبی بازار)* _ کانال نرخ زنی ما رو به دوستانتون معرفی کنین. #درهم #صرف #نرخ #صرافی #درهم_نقدی #دلار #...",Dubai,,,,,,,2717650.00,,,,,,,,,,,toman,"{""Dubai"": 2717650.0}",,74000,,fresh,79,100,regional_market_channel,2026-10-04T07:33:14+00:00,Dubai,2717650.0,sell,AED
sarafijavan,SARAFI JAVAN | صرافی جوان لندن پوند خرید و فروش قیمت پوند نرخ ارز حواله دلار کانادا آمریکا درهم CAD EURO انگلیس یورو,"🟢 320,000 تومـــان خـــریـــ‌‌ـد ما ( پوند حسابی) 🔴 335,000 تومـــان فــــــروش ما (پــوند حسابی) ⭐️ انتقال سریع، مطمئن و شفاف ⭐️ ⸻ 📞 WhatsApp استعلام بهترین و آخرین قیمت 💬 👇 👇 👇 👇 https://wa.me/447577175916 ⸻ 📌 قیمت‌های فروش در تهران 💸 پون...",UK,,,,,,,,,,,,,,,,,,toman,"{""UK"": 2589112.5}",,342000,,recent,79,100,regional_fx_board,2026-10-02T08:10:00+00:00,UK,2589112.5,single_value,AED
irancurrency,قیمت لحظه ای دلار ، ارز ، سکه و طلا,"نرخ‌های فروش تکمیلی بازار -- تغییر نسبت به دیروز - درصد ‏ 🇯🇵 ین: 1,710 تومان 10 🔼 %0.59+ ‏ 🇷🇺 روبل: 3,230 تومان 20 🔼 %0.62+ ‏ 🇮🇳 روپیه: 2,800 تومان 10 🔼 %0.36+ ‏ 🇦🇲 درام: 744 تومان 2 🔼 %0.27+ ‏ 🇰🇼 دینار کویت: 871,350 تومان 1950 🔼 %0.22+ ‏ 🇶...",Qatar,,,,,,,,,,,,,,,2693600.00,,,toman,"{""Qatar"": 2693600.0}",871350,74000,472675.00,fresh,78,100,regional_fx_board,2026-10-04T17:40:39+00:00,Qatar,2693600.0,single_value,QAR
bistifx,صرافی بيستی كانادا,"📡 رادار بازار بررسی وضعیت بازار ایران و جهان قیمت دلار کانادا در بازار ۱۸۸,۹۰۰ تومان است که نسبت به دیروز ۳,۷۰۰ تومان (۲.۰۰ درصد) افزایش یافته است. هر دلار کانادا، دیروز با قیمت ۱۸۵,۲۰۰ تومان معامله می‌شد. امروز، شنبه دفتر مونترال صرافی بيس...",Iran,,,,,,,,,,,,,,,,,,toman,"{""Iran"": 1889000.0}",,,,recent,77,100,exchange_shop,2026-10-03T13:03:55+00:00,Iran,1889000.0,single_value,USD
dollarstreamer,قیمت دلار سکه طلا خودرو,"🔴 دلار: 2,685,150 (0.00+) 📈 سقف: 2,725,200 📉 کف: 2,662,800 ↘️ تغییر روزانه: 3,050 (0.11%-) ا ➖ ➖ ➖ ➖ 🟢 یورو: 3,026,500 (0.00+) 📈 سقف: 3,071,700 📉 کف: 3,001,400 ↗️ تغییر روزانه: 1,100 (0.04%) ا ➖ ➖ ➖ ➖ 🟢 درهم: 733,640 (0.00+) 📈 سقف: 744,570 ...",Herat,,2690000.00,,,,,,,,,,,,,,,,rial,"{""Herat"": 2690000.0}",,,,fresh,77,100,regional_market_channel,2026-10-04T16:06:05+00:00,Herat,2690000.0,single_value,USD
dollarstreamer,قیمت دلار سکه طلا خودرو,"🔴 دلار: 2,687,950 (0.00+) 📈 سقف: 2,725,200 📉 کف: 2,662,800 ↘️ تغییر روزانه: 250 (0.01%-) ا ➖ ➖ ➖ ➖ 🟢 یورو: 3,030,000 (0.00+) 📈 سقف: 3,071,700 📉 کف: 3,001,400 ↗️ تغییر روزانه: 4,600 (0.15%) ا ➖ ➖ ➖ ➖ 🟢 درهم: 734,480 (0.00+) 📈 سقف: 744,570 📉 ...",Herat,,2691000.00,,,,,,,,,,,,,,,,rial,"{""Herat"": 2691000.0}",,,,fresh,77,100,regional_market_channel,2026-10-04T16:16:05+00:00,Herat,2691000.0,single_value,USD
dollarstreamer,قیمت دلار سکه طلا خودرو,"🔴 دلار: 2,688,100 (0.00+) 📈 سقف: 2,725,200 📉 کف: 2,662,800 ↘️ تغییر روزانه: 100 (0%-) ا ➖ ➖ ➖ ➖ 🟢 یورو: 3,029,600 (0.00+) 📈 سقف: 3,071,700 📉 کف: 3,001,400 ↗️ تغییر روزانه: 4,200 (0.14%) ا ➖ ➖ ➖ ➖ 🟢 درهم: 734,400 (0.00+) 📈 سقف: 744,570 📉 کف:...",Herat,,2651000.00,,,,,,,,,,,,,,,,rial,"{""Herat"": 2651000.0}",,,,fresh,77,100,regional_market_channel,2026-10-04T16:26:05+00:00,Herat,2651000.0,single_value,USD
dollarstreamer,قیمت دلار سکه طلا خودرو,"🔴 دلار: 2,686,800 (0.00+) 📈 سقف: 2,725,200 📉 کف: 2,662,800 ↘️ تغییر روزانه: 1,400 (0.05%-) ا ➖ ➖ ➖ ➖ 🟢 یورو: 3,029,600 (0.00+) 📈 سقف: 3,071,700 📉 کف: 3,001,400 ↗️ تغییر روزانه: 4,200 (0.14%) ا ➖ ➖ ➖ ➖ 🟢 درهم: 734,400 (0.00+) 📈 سقف: 744,570 ...",Herat,,2649000.00,,,,,,,,,,,,,,,,rial,"{""Herat"": 2649000.0}",,,,fresh,77,100,regional_market_channel,2026-10-04T16:36:05+00:00,Herat,2649000.0,single_value,USD
dollarstreamer,قیمت دلار سکه طلا خودرو,"🔴 دلار: 2,687,050 (0.00+) 📈 سقف: 2,725,200 📉 کف: 2,662,800 ↘️ تغییر روزانه: 1,150 (0.04%-) ا ➖ ➖ ➖ ➖ 🟢 یورو: 3,029,600 (0.00+) 📈 سقف: 3,071,700 📉 کف: 3,001,400 ↗️ تغییر روزانه: 4,200 (0.14%) ا ➖ ➖ ➖ ➖ 🟢 درهم: 734,400 (0.00+) 📈 سقف: 744,570 ...",Herat,,2652000.00,,,,,,,,,,,,,,,,rial,"{""Herat"": 2652000.0}",,,,fresh,77,100,regional_market_channel,2026-10-04T16:46:05+00:00,Herat,2652000.0,single_value,USD
dollarstreamer,قیمت دلار سکه طلا خودرو,"🟢 دلار: 2,689,800 (0.00+) 📈 سقف: 2,725,200 📉 کف: 2,662,800 ↗️ تغییر روزانه: 1,600 (0.06%) ا ➖ ➖ ➖ ➖ 🟢 یورو: 3,029,600 (0.00+) 📈 سقف: 3,071,700 📉 کف: 3,001,400 ↗️ تغییر روزانه: 4,200 (0.14%) ا ➖ ➖ ➖ ➖ 🟢 درهم: 734,400 (0.00+) 📈 سقف: 744,570 📉...",Herat,,2651000.00,,,,,,,,,,,,,,,,rial,"{""Herat"": 2651000.0}",,,,fresh,77,100,regional_market_channel,2026-10-04T16:56:05+00:00,Herat,2651000.0,single_value,USD
dollarstreamer,قیمت دلار سکه طلا خودرو,"🟢 دلار: 2,690,200 (0.00+) 📈 سقف: 2,725,200 📉 کف: 2,662,800 ↗️ تغییر روزانه: 2,000 (0.07%) ا ➖ ➖ ➖ ➖ 🟢 یورو: 3,029,600 (0.00+) 📈 سقف: 3,071,700 📉 کف: 3,001,400 ↗️ تغییر روزانه: 4,200 (0.14%) ا ➖ ➖ ➖ ➖ 🟢 درهم: 734,400 (0.00+) 📈 سقف: 744,570 📉...",Herat,,2655000.00,,,,,,,,,,,,,,,,rial,"{""Herat"": 2655000.0}",,,,fresh,77,100,regional_market_channel,2026-10-04T17:06:05+00:00,Herat,2655000.0,single_value,USD
dollarstreamer,قیمت دلار سکه طلا خودرو,"🟢 دلار: 2,690,050 (0.00+) 📈 سقف: 2,725,200 📉 کف: 2,662,800 ↗️ تغییر روزانه: 1,850 (0.07%) ا ➖ ➖ ➖ ➖ 🟢 یورو: 3,029,600 (0.00+) 📈 سقف: 3,071,700 📉 کف: 3,001,400 ↗️ تغییر روزانه: 4,200 (0.14%) ا ➖ ➖ ➖ ➖ 🟢 درهم: 734,400 (0.00+) 📈 سقف: 744,570 📉...",Herat,,2657000.00,,,,,,,,,,,,,,,,rial,"{""Herat"": 2657000.0}",,,,fresh,77,100,regional_market_channel,2026-10-04T17:26:05+00:00,Herat,2657000.0,single_value,USD
danielexchange,صرافی دانیال لندن - Sarafi Daniel London,"💷 خرید پوند بانکی : 300,000- 305,000 تومان 💷 فروش پوند بانکی: Call تومان 🔸 شامل مبالغ انتقال بانکی ============================== 💷 خرید نقدی پوند :295,000 تومان 💷 فروش نقدی پوند : Call تومان 🔸 شامل مبالغ کش(نقدی) ✴️ خرید و فروش قانونی ارز ...",London,,,,,,,,,,,,2326923.08,,,,,,toman,"{""London"": 2326923.08}",300000,305000,302500.00,stale,76,100,regional_market_channel,2026-09-29T09:17:38+00:00,London,2326923.076923077,midpoint,GBP
danielexchange,صرافی دانیال لندن - Sarafi Daniel London,"💷 خرید پوند بانکی : 305,000- 310,000 تومان 💷 فروش پوند بانکی: Call تومان 🔸 شامل مبالغ انتقال بانکی ============================== 💷 خرید نقدی پوند :300,000 تومان 💷 فروش نقدی پوند : Call تومان 🔸 شامل مبالغ کش(نقدی) ✴️ خرید و فروش قانونی ارز ...",London,,,,,,,,,,,,2365384.62,,,,,,toman,"{""London"": 2365384.62}",305000,310000,307500.00,stale,76,100,regional_market_channel,2026-09-30T09:20:04+00:00,London,2365384.6153846155,midpoint,GBP
do_l4,قیمت‌‌‌لحظه‌ای دلار طلا خودرو و سکه,"💸 دلار فردایی تهران 💵 268,700 خـرید 💸 💸 دلار فردایی تهران 💵 268,750 فروش 💵 💸 دلار فردایی تهران 💵 268,700 معامله ✅",Tehran,2687000.00,,,,,,,,,,,,,,,,,toman,"{""Tehran"": 2687000.0}",,268750,,fresh,76,100,regional_market_channel,2026-10-04T16:27:24+00:00,Tehran,2687000.0,single_value,USD
do_l4,قیمت‌‌‌لحظه‌ای دلار طلا خودرو و سکه,"💸 دلار فردایی تهران 💵 268,900 خـرید 💸 💸 دلار فردایی تهران 💵 268,950 فروش 💵 💸 دلار فردایی تهران 💵 268,900 معامله ✅",Tehran,2689000.00,,,,,,,,,,,,,,,,,toman,"{""Tehran"": 2689000.0}",,268950,,fresh,76,100,regional_market_channel,2026-10-04T17:55:01+00:00,Tehran,2689000.0,single_value,USD
do_l4,قیمت‌‌‌لحظه‌ای دلار طلا خودرو و سکه,"💸 دلار فردایی تهران 💵 269,000 خـرید 💸 💸 دلار فردایی تهران 💵 269,050 فروش 💵 💸 دلار فردایی تهران 💵 269,000 معامله ✅",Tehran,2690000.00,,,,,,,,,,,,,,,,,toman,"{""Tehran"": 2690000.0}",,269050,,fresh,76,100,regional_market_channel,2026-10-04T18:25:40+00:00,Tehran,2690000.0,single_value,USD
do_l4,قیمت‌‌‌لحظه‌ای دلار طلا خودرو و سکه,"💸 دلار فردایی تهران 💵 269,200 خـرید 💸 💸 دلار فردایی تهران 💵 269,250 فروش 💵 💸 دلار فردایی تهران 💵 269,200 معامله ✅",Tehran,2692000.00,,,,,,,,,,,,,,,,,toman,"{""Tehran"": 2692000.0}",,269250,,fresh,76,100,regional_market_channel,2026-10-04T18:42:28+00:00,Tehran,2692000.0,single_value,USD
do_l4,قیمت‌‌‌لحظه‌ای دلار طلا خودرو و سکه,"💸 دلار فردایی تهران 💵 269,500 خـرید 💸 💸 دلار فردایی تهران 💵 269,550 فروش 💵 💸 دلار فردایی تهران 💵 269,500 معامله ✅",Tehran,2695000.00,,,,,,,,,,,,,,,,,toman,"{""Tehran"": 2695000.0}",,269550,,fresh,76,100,regional_market_channel,2026-10-04T19:10:24+00:00,Tehran,2695000.0,single_value,USD
do_l4,قیمت‌‌‌لحظه‌ای دلار طلا خودرو و سکه,"💸 دلار فردایی تهران 💵 269,700 خـرید 💸 💸 دلار فردایی تهران 💵 269,750 فروش 💵 💸 دلار فردایی تهران 💵 269,700 معامله ✅",Tehran,2697000.00,,,,,,,,,,,,,,,,,toman,"{""Tehran"": 2697000.0}",,269750,,fresh,76,100,regional_market_channel,2026-10-04T20:23:03+00:00,Tehran,2697000.0,single_value,USD
dolareseleimani,نرخ لحظه ای دلار سلیمانیه,"💸 دلار فردایی تهران 💵 269,344 خـرید 💸 💸 دلار فردایی تهران 💵 269,428 فروش 💵 💸 دلار فردایی تهران 💵 268,592 معامله ✅ ⏱️ به‌روزرسانی: 21:37:50 📅 تاریخ: یک‌شنبه 12 مهر 1405 💎 دلار سلیمانی",Tehran,2693440.00,,,,,,,,,,,,,,,,,toman,"{""Tehran"": 2693440.0}",,269428,,fresh,76,50,regional_market_channel,2026-10-04T18:07:50+00:00,Tehran,2693440.0,single_value,USD
dolareseleimani,نرخ لحظه ای دلار سلیمانیه,"💸 دلار فردایی تهران 💵 269,659 خـرید 💸 💸 دلار فردایی تهران 💵 269,372 فروش 💵 💸 دلار فردایی تهران 💵 269,127 معامله ✅ ⏱️ به‌روزرسانی: 22:07:51 📅 تاریخ: یک‌شنبه 12 مهر 1405 💎 دلار سلیمانی",Tehran,2696590.00,,,,,,,,,,,,,,,,,toman,"{""Tehran"": 2696590.0}",,269372,,fresh,76,50,regional_market_channel,2026-10-04T18:37:51+00:00,Tehran,2696590.0,single_value,USD
dolareseleimani,نرخ لحظه ای دلار سلیمانیه,"💸 دلار فردایی تهران 💵 269,788 خـرید 💸 💸 دلار فردایی تهران 💵 269,213 فروش 💵 💸 دلار فردایی تهران 💵 269,525 معامله ✅ ⏱️ به‌روزرسانی: 22:22:51 📅 تاریخ: یک‌شنبه 12 مهر 1405 💎 دلار سلیمانی",Tehran,2697880.00,,,,,,,,,,,,,,,,,toman,"{""Tehran"": 2697880.0}",,269213,,fresh,76,50,regional_market_channel,2026-10-04T18:52:51+00:00,Tehran,2697880.0,single_value,USD
dolareseleimani,نرخ لحظه ای دلار سلیمانیه,"💸 دلار فردایی تهران 💵 269,886 خـرید 💸 💸 دلار فردایی تهران 💵 269,401 فروش 💵 💸 دلار فردایی تهران 💵 269,719 معامله ✅ ⏱️ به‌روزرسانی: 22:52:51 📅 تاریخ: یک‌شنبه 12 مهر 1405 💎 دلار سلیمانی",Tehran,2698860.00,,,,,,,,,,,,,,,,,toman,"{""Tehran"": 2698860.0}",,269401,,fresh,76,50,regional_market_channel,2026-10-04T19:22:51+00:00,Tehran,2698860.0,single_value,USD
dolareseleimani,نرخ لحظه ای دلار سلیمانیه,"💸 دلار فردایی تهران 💵 269,505 خـرید 💸 💸 دلار فردایی تهران 💵 270,408 فروش 💵 💸 دلار فردایی تهران 💵 269,122 معامله ✅ ⏱️ به‌روزرسانی: 00:07:51 📅 تاریخ: دوشنبه 13 مهر 1405 💎 دلار سلیمانی",Tehran,2695050.00,,,,,,,,,,,,,,,,,toman,"{""Tehran"": 2695050.0}",,270408,,fresh,76,50,regional_market_channel,2026-10-04T20:37:51+00:00,Tehran,2695050.0,single_value,USD
dolarrates,قیمت دلار امروز,"╔════ 📊 تابلوی بازار ════╗ 📅 1405/07/12 ⏰ 20:01 💸 ارزها: 🇪🇺 یورو: 302,750 ▲ 💲 تتر: 268,485 تومان ▲ 🇬🇧 پوند: 355,250 ▲ 🇦🇪 درهم: 73,200 ▲ 🇹🇷 لیر ترکیه: 5,475 ▲ 🇨🇦 دلار کانادا: 188,700 ▲ 🇷🇺 روبل: 3,225 ▲ 🇦🇫 افغانی: 4,075 ▲ 🇴🇲 ریال عمان: 700,80...",Turkey,,,,,,,,,,,,,,,,,,toman,"{""Turkey"": 2473605.0}",,,,fresh,76,100,regional_fx_board,2026-10-04T16:31:12+00:00,Turkey,2473605.0,single_value,TRY
dolarrates,قیمت دلار امروز,"╔════ 📊 تابلوی بازار ════╗ 📅 1405/07/12 ⏰ 21:02 💸 ارزها: 🇪🇺 یورو: 303,200 ▲ 💲 تتر: 268,820 تومان ▲ 🇬🇧 پوند: 355,750 ▲ 🇦🇪 درهم: 73,350 ▲ 🇹🇷 لیر ترکیه: 5,480 ▲ 🇨🇦 دلار کانادا: 189,000 ▲ 🇷🇺 روبل: 3,230 ▲ 🇦🇫 افغانی: 4,080 ▲ 🇴🇲 ریال عمان: 701,85...",Turkey,,,,,,,,,,,,,,,,,,toman,"{""Turkey"": 2475864.0}",,,,fresh,76,100,regional_fx_board,2026-10-04T17:32:18+00:00,Turkey,2475864.0,single_value,TRY
doolarharat,نرخ لحظه ای دلار هرات,"💸 دلار فردایی تهران 💵 268,802 خـرید 💸 💸 دلار فردایی تهران 💵 269,227 فروش 💵 💸 دلار فردایی تهران 💵 268,959 معامله ✅ ⏱️ به‌روزرسانی: 21:37:48 📅 تاریخ: یک‌شنبه 12 مهر 1405 💎 دلار هرات",Tehran,2688020.00,,,,,,,,,,,,,,,,,toman,"{""Tehran"": 2688020.0}",,269227,,fresh,76,100,regional_market_channel,2026-10-04T18:07:48+00:00,Tehran,2688020.0,single_value,USD
doolarharat,نرخ لحظه ای دلار هرات,"💸 دلار فردایی تهران 💵 268,568 خـرید 💸 💸 دلار فردایی تهران 💵 269,540 فروش 💵 💸 دلار فردایی تهران 💵 268,496 معامله ✅ ⏱️ به‌روزرسانی: 22:07:48 📅 تاریخ: یک‌شنبه 12 مهر 1405 💎 دلار هرات",Tehran,2685680.00,,,,,,,,,,,,,,,,,toman,"{""Tehran"": 2685680.0}",,269540,,fresh,76,100,regional_market_channel,2026-10-04T18:37:48+00:00,Tehran,2685680.0,single_value,USD
doolarharat,نرخ لحظه ای دلار هرات,"💸 دلار فردایی تهران 💵 269,464 خـرید 💸 💸 دلار فردایی تهران 💵 268,567 فروش 💵 💸 دلار فردایی تهران 💵 268,711 معامله ✅ ⏱️ به‌روزرسانی: 22:22:48 📅 تاریخ: یک‌شنبه 12 مهر 1405 💎 دلار هرات",Tehran,2694640.00,,,,,,,,,,,,,,,,,toman,"{""Tehran"": 2694640.0}",,268567,,fresh,76,100,regional_market_channel,2026-10-04T18:52:48+00:00,Tehran,2694640.0,single_value,USD
doolarharat,نرخ لحظه ای دلار هرات,"💸 دلار فردایی تهران 💵 269,688 خـرید 💸 💸 دلار فردایی تهران 💵 269,934 فروش 💵 💸 دلار فردایی تهران 💵 268,810 معامله ✅ ⏱️ به‌روزرسانی: 22:52:48 📅 تاریخ: یک‌شنبه 12 مهر 1405 💎 دلار هرات",Tehran,2696880.00,,,,,,,,,,,,,,,,,toman,"{""Tehran"": 2696880.0}",,269934,,fresh,76,100,regional_market_channel,2026-10-04T19:22:48+00:00,Tehran,2696880.0,single_value,USD
doolarharat,نرخ لحظه ای دلار هرات,"💸 دلار فردایی تهران 💵 270,322 خـرید 💸 💸 دلار فردایی تهران 💵 270,408 فروش 💵 💸 دلار فردایی تهران 💵 269,044 معامله ✅ ⏱️ به‌روزرسانی: 00:07:49 📅 تاریخ: دوشنبه 13 مهر 1405 💎 دلار هرات",Tehran,2703220.00,,,,,,,,,,,,,,,,,toman,"{""Tehran"": 2703220.0}",,270408,,fresh,76,100,regional_market_channel,2026-10-04T20:37:49+00:00,Tehran,2703220.0,single_value,USD
eghtesadtejarat,اقتصادتجارت,"🌐 مظنه بازار 1405/07/11 شنبه دلار فروش : 267,200 تومان دلار خرید : 266,800 تومان یورو : 300,850 تومان دلار کانادا : 191,870 تومان درهم امارات : 73,500 تومان سکه امامی : 272,000,000 تومان سکه بهار آزادی 258,000,000 تومان نیم سکه : 140,000,00...",Dubai,,,,,,,2699287.50,,,,,,,,,,,toman,"{""Dubai"": 2699287.5}",267200,267200,267200.00,recent,76,100,regional_fx_board,2026-10-03T10:30:37+00:00,Dubai,2699287.5,single_value,AED
exchangeratescountries,نرخ ارز ساعتی £ $ €,"26/09/2026 ‌‏ ‎نرخ امروز لندن ✓قیمت خرید پوند, ‎خريد حساب رسمی: 295,000 ‎نقدی/حساب از ۵،۰۰۰: 290,000 ‎ نقدی/حساب از ۲،۰۰۰: 285,000 ‎ نقدی/حساب از ۱۰۰: 280,000 ✓قیمت فروش پوند; ‎فروش پوند نقدی:300,000 ‎حساب عادی:310,000 ‎ حساب فوری: 315,000 ...",UK,,,,,,,,,,,,,,,,,,toman,"{""UK"": 2211538.46}",295000,280000,287500.00,stale,76,100,regional_fx_board,2026-09-28T09:43:04+00:00,UK,2211538.4615384615,midpoint,GBP
exchangeratescountries,نرخ ارز ساعتی £ $ €,"30/09/2026 ‌‏ ‎نرخ امروز لندن ✓قیمت خرید پوند, ‎خريد حساب رسمی: 310,000 ‎نقدی/حساب از ۵،۰۰۰: 305,000 ‎ نقدی/حساب از ۲،۰۰۰: 300,000 ‎ نقدی/حساب از ۱۰۰: 295,000 ✓قیمت فروش پوند; ‎فروش پوند نقدی:325,000 ‎حساب عادی:330,000 ‎ حساب فوری: 335,000 ...",UK,,,,,,,,,,,,,,,,,,toman,"{""UK"": 2326923.08}",310000,295000,302500.00,stale,76,100,regional_fx_board,2026-09-30T09:04:51+00:00,UK,2326923.076923077,midpoint,GBP
hmbcexchangebureau,London exchange,HMBC London exchange صرافي لندن ارسال پوند به ایران و بالعكس 🔺 خريد از حساب هر پوند ٣٠٠،٠٠٠ 🔹 فروش واريز به حساب پوند ٣١٥،٠٠٠ 🔹 خرید پوند نقدي ٢٩٥،٠٠٠ 🔺 فروش پوند نقدي ٣١٠،٠٠۰ 🎉 کلیه حواله های زیر 500£ شامل 10£ کارمزد میباشد ✅ بهترین و پایی...,London,,,,,,,,,,,,2365384.62,,,,,,toman,"{""London"": 2365384.62}",315000,300000,307500.00,stale,76,100,regional_market_channel,2026-09-28T11:38:58+00:00,London,2365384.6153846155,midpoint,GBP
hmbcexchangebureau,London exchange,HMBC London exchange صرافي لندن ارسال پوند به ایران و بالعكس 🔺 خريد از حساب هر پوند ٣١٠،٠٠٠ 🔹 فروش واريز به حساب پوند ٣٢٥،٠٠٠ 🔹 خرید پوند نقدي ٣٠٠،٠٠٠ 🔺 فروش پوند نقدي ٣١٥،٠٠۰ 🎉 کلیه حواله های زیر 500£ شامل 10£ کارمزد میباشد ✅ بهترین و پایی...,London,,,,,,,,,,,,2442307.69,,,,,,toman,"{""London"": 2442307.69}",325000,310000,317500.00,stale,76,100,regional_market_channel,2026-09-29T09:23:27+00:00,London,2442307.692307692,midpoint,GBP
hmbcexchangebureau,London exchange,HMBC London exchange صرافي لندن ارسال پوند به ایران و بالعكس 🔺 خريد از حساب هر پوند ٣١٠،٠٠٠ 🔹 فروش واريز به حساب پوند ٣٢٥،٠٠٠ 🔹 خرید پوند نقدي ٣٠٨،٠٠٠ 🔺 فروش پوند نقدي ٣٢٠،٠٠۰ 🎉 کلیه حواله های زیر 500£ شامل 10£ کارمزد میباشد ✅ بهترین و پایی...,London,,,,,,,,,,,,2442307.69,,,,,,toman,"{""London"": 2442307.69}",325000,310000,317500.00,stale,76,100,regional_market_channel,2026-09-30T10:44:45+00:00,London,2442307.692307692,midpoint,GBP
hmbcexchangebureau,London exchange,HMBC London exchange صرافي لندن ارسال پوند به ایران و بالعكس 🔺 خريد از حساب هر پوند ٣١٥،٠٠٠ 🔹 فروش واريز به حساب پوند ٣٣٠،٠٠٠ 🔹 خرید پوند نقدي ٣١٠،٠٠٠ 🔺 فروش پوند نقدي ٣٢٠،٠٠۰ 🎉 کلیه حواله های زیر 500£ شامل 10£ کارمزد میباشد ✅ بهترین و پایی...,London,,,,,,,,,,,,2480769.23,,,,,,toman,"{""London"": 2480769.23}",330000,315000,322500.00,stale,76,100,regional_market_channel,2026-10-01T20:42:04+00:00,London,2480769.2307692305,midpoint,GBP
moneytransfersarafi,Money Transfer Sarafi مانی حواله صرافي,"26/09/2026 ‌‏ ‎نرخ امروز لندن ✓قیمت خرید پوند, ‎خريد حساب رسمی: 295,000 ‎نقدی/حساب از ۵،۰۰۰: 290,000 ‎ نقدی/حساب از ۲،۰۰۰: 285,000 ‎ نقدی/حساب از ۱۰۰: 280,000 ✓قیمت فروش پوند; ‎فروش پوند نقدی:300,000 ‎حساب عادی:310,000 ‎ حساب فوری: 315,000 ...",UK,,,,,,,,,,,,,,,,,,toman,"{""UK"": 2211538.46}",295000,280000,287500.00,stale,76,100,regional_fx_board,2026-09-28T09:43:04+00:00,UK,2211538.4615384615,midpoint,GBP
moneytransfersarafi,Money Transfer Sarafi مانی حواله صرافي,"30/09/2026 ‌‏ ‎نرخ امروز لندن ✓قیمت خرید پوند, ‎خريد حساب رسمی: 310,000 ‎نقدی/حساب از ۵،۰۰۰: 305,000 ‎ نقدی/حساب از ۲،۰۰۰: 300,000 ‎ نقدی/حساب از ۱۰۰: 295,000 ✓قیمت فروش پوند; ‎فروش پوند نقدی:325,000 ‎حساب عادی:330,000 ‎ حساب فوری: 335,000 ...",UK,,,,,,,,,,,,,,,,,,toman,"{""UK"": 2326923.08}",310000,295000,302500.00,stale,76,100,regional_fx_board,2026-09-30T09:04:51+00:00,UK,2326923.076923077,midpoint,GBP
navasanchannel,نوسان - اعلان لحظه ای نرخ ارز و سکه,"دلار آمریکا 🇺🇸 268,800 تغییر 0◄ %0.00 یورو 🇪🇺 302,650 تغییر 0◄ %0.00 پوند انگلیس 🇬🇧 355,100 تغییر 870-▼ %0.24- درهم امارات 🇦🇪 73,810 تغییر 80-▼ %0.11- لیر ترکیه 🇹🇷 5,470 تغییر 0◄ %0.00 ین ژاپن 🇯🇵 1,705 تغییر 0◄ %0.00 دلار استرالیا 🇦🇺 186,25...",Dubai|Turkey|UK,,,,,,,2710672.25,,,,,,,,,,,toman,"{""Dubai"": 2710672.25}",,,,fresh,76,100,regional_fx_board,2026-10-04T16:23:16+00:00,Dubai,2710672.25,single_value,AED
navasanchannel,نوسان - اعلان لحظه ای نرخ ارز و سکه,"دلار آمریکا 🇺🇸 268,800 تغییر 0◄ %0.00 یورو 🇪🇺 302,650 تغییر 0◄ %0.00 پوند انگلیس 🇬🇧 355,100 تغییر 870-▼ %0.24- درهم امارات 🇦🇪 73,810 تغییر 80-▼ %0.11- لیر ترکیه 🇹🇷 5,470 تغییر 0◄ %0.00 ین ژاپن 🇯🇵 1,705 تغییر 0◄ %0.00 دلار استرالیا 🇦🇺 186,25...",Dubai|Turkey|UK,,,,,,,2710672.25,,,,,,,,,,,toman,"{""Dubai"": 2710672.25, ""Turkey"": 2471346.0}",,,,fresh,76,100,regional_fx_board,2026-10-04T16:23:16+00:00,Turkey,2471346.0,single_value,TRY
navasanchannel,نوسان - اعلان لحظه ای نرخ ارز و سکه,"دلار آمریکا 🇺🇸 268,800 تغییر 0◄ %0.00 یورو 🇪🇺 302,650 تغییر 0◄ %0.00 پوند انگلیس 🇬🇧 355,100 تغییر 870-▼ %0.24- درهم امارات 🇦🇪 73,810 تغییر 80-▼ %0.11- لیر ترکیه 🇹🇷 5,470 تغییر 0◄ %0.00 ین ژاپن 🇯🇵 1,705 تغییر 0◄ %0.00 دلار استرالیا 🇦🇺 186,25...",Dubai|Turkey|UK,,,,,,,2710672.25,,,,,,,,,,,toman,"{""Dubai"": 2710672.25, ""Turkey"": 2471346.0, ""UK"": 2731538.46}",,,,fresh,76,100,regional_fx_board,2026-10-04T16:23:16+00:00,UK,2731538.4615384615,single_value,GBP
nerkh_uk,نرخ ارز Nerkh_Uk,"26/09/2026 ‌‏ ‎نرخ امروز لندن ✓قیمت خرید پوند, ‎خريد حساب رسمی: 295,000 ‎نقدی/حساب از ۵،۰۰۰: 290,000 ‎ نقدی/حساب از ۲،۰۰۰: 285,000 ‎ نقدی/حساب از ۱۰۰: 280,000 ✓قیمت فروش پوند; ‎فروش پوند نقدی:300,000 ‎حساب عادی:310,000 ‎ حساب فوری: 315,000 ...",UK,,,,,,,,,,,,,,,,,,toman,"{""UK"": 2211538.46}",295000,280000,287500.00,stale,76,100,regional_fx_board,2026-09-28T09:43:04+00:00,UK,2211538.4615384615,midpoint,GBP
nerkh_uk,نرخ ارز Nerkh_Uk,"30/09/2026 ‌‏ ‎نرخ امروز لندن ✓قیمت خرید پوند, ‎خريد حساب رسمی: 310,000 ‎نقدی/حساب از ۵،۰۰۰: 305,000 ‎ نقدی/حساب از ۲،۰۰۰: 300,000 ‎ نقدی/حساب از ۱۰۰: 295,000 ✓قیمت فروش پوند; ‎فروش پوند نقدی:325,000 ‎حساب عادی:330,000 ‎ حساب فوری: 335,000 ...",UK,,,,,,,,,,,,,,,,,,toman,"{""UK"": 2326923.08}",310000,295000,302500.00,stale,76,100,regional_fx_board,2026-09-30T09:04:51+00:00,UK,2326923.076923077,midpoint,GBP
nerkhsarafionline,Nerkh Sarafi Online نرخ صرافي,"26/09/2026 ‌‏ ‎نرخ امروز لندن ✓قیمت خرید پوند, ‎خريد حساب رسمی: 295,000 ‎نقدی/حساب از ۵،۰۰۰: 290,000 ‎ نقدی/حساب از ۲،۰۰۰: 285,000 ‎ نقدی/حساب از ۱۰۰: 280,000 ✓قیمت فروش پوند; ‎فروش پوند نقدی:300,000 ‎حساب عادی:310,000 ‎ حساب فوری: 315,000 ...",UK,,,,,,,,,,,,,,,,,,toman,"{""UK"": 2211538.46}",295000,280000,287500.00,stale,76,100,regional_fx_board,2026-09-28T09:43:04+00:00,UK,2211538.4615384615,midpoint,GBP
nerkhsarafionline,Nerkh Sarafi Online نرخ صرافي,"30/09/2026 ‌‏ ‎نرخ امروز لندن ✓قیمت خرید پوند, ‎خريد حساب رسمی: 310,000 ‎نقدی/حساب از ۵،۰۰۰: 305,000 ‎ نقدی/حساب از ۲،۰۰۰: 300,000 ‎ نقدی/حساب از ۱۰۰: 295,000 ✓قیمت فروش پوند; ‎فروش پوند نقدی:325,000 ‎حساب عادی:330,000 ‎ حساب فوری: 335,000 ...",UK,,,,,,,,,,,,,,,,,,toman,"{""UK"": 2326923.08}",310000,295000,302500.00,stale,76,100,regional_fx_board,2026-09-30T09:04:51+00:00,UK,2326923.076923077,midpoint,GBP
sarafionline7groupuk,Nerkh Sarafi Online 7 Group Uk,"28/09/2026 ✓ قیمت پوند انگلستان 🇬🇧 ✓ خرید نقدی پوند 290,000 ✓ فروش نقدی پوند 305,000 ✓ واریزی فوری 1 روزه ✓ خرید حسابی پوند 295,000 فروش حساب شخصی 310,000 فروش حساب شرکتی 320,000 ✓ واریزی فوری 1 ساعته و 1روزه ✓ کارمزد کمتر 1,000پوند5 تا 10پ...",UK,,,,,,,,,,,,,,,,,,toman,"{""UK"": 2900000.0}",290000,290000,290000.00,stale,76,100,regional_fx_board,2026-09-28T08:55:23+00:00,UK,2900000.0,midpoint,USD
sarafionline7groupuk,Nerkh Sarafi Online 7 Group Uk,"29/09/2026 ✓ قیمت پوند انگلستان 🇬🇧 ✓ خرید نقدی پوند 295,000 ✓ فروش نقدی پوند 310,000 ✓ واریزی فوری 1 روزه ✓ خرید حسابی پوند 300,000 فروش حساب شخصی 320,000 فروش حساب شرکتی 330,000 ✓ واریزی فوری 1 ساعته و 1روزه ✓ کارمزد کمتر 1,000پوند5 تا 10پ...",UK,,,,,,,,,,,,,,,,,,toman,"{""UK"": 2950000.0}",295000,295000,295000.00,stale,76,100,regional_fx_board,2026-09-29T07:36:32+00:00,UK,2950000.0,midpoint,USD
sarafionline7groupuk,Nerkh Sarafi Online 7 Group Uk,"30/09/2026 ✓ قیمت پوند انگلستان 🇬🇧 ✓ خرید نقدی پوند 300,000 ✓ فروش نقدی پوند 325,000 ✓ واریزی فوری 1 روزه ✓ خرید حسابی پوند 305,000 فروش حساب شخصی 330,000 فروش حساب شرکتی 335,000 ✓ واریزی فوری 1 ساعته و 1روزه ✓ کارمزد کمتر 1,000پوند5 تا 10پ...",UK,,,,,,,,,,,,,,,,,,toman,"{""UK"": 3000000.0}",300000,300000,300000.00,stale,76,100,regional_fx_board,2026-09-30T07:55:11+00:00,UK,3000000.0,midpoint,USD
sarafionline7groupuk,Nerkh Sarafi Online 7 Group Uk,"01/10/2026 ✓ قیمت پوند انگلستان 🇬🇧 ✓ خرید نقدی پوند 305,000 ✓ فروش نقدی پوند 325,000 ✓ واریزی فوری 1 روزه ✓ خرید حسابی پوند 315,000 فروش حساب شخصی 330,000 فروش حساب شرکتی 340,000 ✓ واریزی فوری 1 ساعته و 1روزه ✓ کارمزد کمتر 1,000پوند5 تا 10پ...",UK,,,,,,,,,,,,,,,,,,toman,"{""UK"": 3050000.0}",305000,305000,305000.00,stale,76,100,regional_fx_board,2026-10-01T10:19:50+00:00,UK,3050000.0,midpoint,USD
sarafionlineuk,Sarafi Online 7 Seven Uk,"29/09/2026 ‌‏ ‎نرخ امروز لندن ✓قیمت خرید پوند, ‎خريد حساب رسمی: 305,000 ‎نقدی/حساب از ۵،۰۰۰: 300,000 ‎ نقدی/حساب از ۲،۰۰۰: 295,000 ‎ نقدی/حساب از ۱۰۰: 290,000 ✓قیمت فروش پوند; ‎فروش پوند نقدی:320,000 ‎حساب عادی:325,000 ‎ حساب فوری: 330,000 ...",UK,,,,,,,,,,,,,,,,,,toman,"{""UK"": 2288461.54}",305000,290000,297500.00,stale,76,100,regional_fx_board,2026-09-29T09:15:51+00:00,UK,2288461.5384615385,midpoint,GBP
sarafionlineuk,Sarafi Online 7 Seven Uk,"30/09/2026 ‌‏ ‎نرخ امروز لندن ✓قیمت خرید پوند, ‎خريد حساب رسمی: 310,000 ‎نقدی/حساب از ۵،۰۰۰: 305,000 ‎ نقدی/حساب از ۲،۰۰۰: 300,000 ‎ نقدی/حساب از ۱۰۰: 295,000 ✓قیمت فروش پوند; ‎فروش پوند نقدی:325,000 ‎حساب عادی:330,000 ‎ حساب فوری: 335,000 ...",UK,,,,,,,,,,,,,,,,,,toman,"{""UK"": 2326923.08}",310000,295000,302500.00,stale,76,100,regional_fx_board,2026-09-30T08:58:21+00:00,UK,2326923.076923077,midpoint,GBP
sarafionlineuk,Sarafi Online 7 Seven Uk,"30/09/2026 ‌‏ ‎نرخ امروز لندن ✓قیمت خرید پوند, ‎خريد حساب رسمی: 315,000 ‎نقدی/حساب از ۵،۰۰۰: 310,000 ‎ نقدی/حساب از ۲،۰۰۰: 305,000 ‎ نقدی/حساب از ۱۰۰: 300,000 ✓قیمت فروش پوند; ‎فروش پوند نقدی:325,000 ‎حساب عادی:333,000 ‎ حساب فوری: 335,000 ...",UK,,,,,,,,,,,,,,,,,,toman,"{""UK"": 2365384.62}",315000,300000,307500.00,stale,76,100,regional_fx_board,2026-10-01T10:43:56+00:00,UK,2365384.6153846155,midpoint,GBP
tomandollar110,💵نرخ تومان دلار 💵,🔻 دلار بین ۲۴۵ و ۲۶۰ هزار تومان؛ کدام مسیر فعال می‌شود؟چهارشنبه ۸ مهر ۱۴۰۵|۲۰:۵۰مطالعه ۳ دقیقه بهار اسبقی قیمت دلار در بازار آزاد تهران امروز چهارشنبه ۸ مهر ۱۴۰۵ با حدود ۳ هزار تومان افزایش به ۲۵۶ هزار تومان رسید؛ رشدی نزدیک به ۱.۲ درصد که ...,Dubai|Iraq|Turkey|UK,,,,,,2189010.00,2565314.70,,,,,,,,,,,rial,"{""Dubai"": 2565314.7, ""Iraq"": 2189010.0}",550000,902400,726200.00,stale,76,75,regional_fx_board,2026-09-30T17:29:40+00:00,Dubai,2565314.6999999997,single_value,AED
tomandollar110,💵نرخ تومان دلار 💵,🔻 دلار بین ۲۴۵ و ۲۶۰ هزار تومان؛ کدام مسیر فعال می‌شود؟چهارشنبه ۸ مهر ۱۴۰۵|۲۰:۵۰مطالعه ۳ دقیقه بهار اسبقی قیمت دلار در بازار آزاد تهران امروز چهارشنبه ۸ مهر ۱۴۰۵ با حدود ۳ هزار تومان افزایش به ۲۵۶ هزار تومان رسید؛ رشدی نزدیک به ۱.۲ درصد که ...,Dubai|Iraq|Turkey|UK,,,,,,2189010.00,,,,,,,,,,,,rial,"{""Iraq"": 2189010.0}",550000,902400,726200.00,stale,76,75,regional_fx_board,2026-09-30T17:29:40+00:00,Iraq,2189010.0,single_value,IQD
tomandollar110,💵نرخ تومان دلار 💵,🔻 دلار بین ۲۴۵ و ۲۶۰ هزار تومان؛ کدام مسیر فعال می‌شود؟چهارشنبه ۸ مهر ۱۴۰۵|۲۰:۵۰مطالعه ۳ دقیقه بهار اسبقی قیمت دلار در بازار آزاد تهران امروز چهارشنبه ۸ مهر ۱۴۰۵ با حدود ۳ هزار تومان افزایش به ۲۵۶ هزار تومان رسید؛ رشدی نزدیک به ۱.۲ درصد که ...,Dubai|Iraq|Turkey|UK,,,,,,2189010.00,2565314.70,,,,,,,,,,,rial,"{""Dubai"": 2565314.7, ""Iraq"": 2189010.0, ""Turkey"": 2376468.0}",550000,902400,726200.00,stale,76,75,regional_fx_board,2026-09-30T17:29:40+00:00,Turkey,2376468.0,single_value,TRY
tomandollar110,💵نرخ تومان دلار 💵,🔻 دلار بین ۲۴۵ و ۲۶۰ هزار تومان؛ کدام مسیر فعال می‌شود؟چهارشنبه ۸ مهر ۱۴۰۵|۲۰:۵۰مطالعه ۳ دقیقه بهار اسبقی قیمت دلار در بازار آزاد تهران امروز چهارشنبه ۸ مهر ۱۴۰۵ با حدود ۳ هزار تومان افزایش به ۲۵۶ هزار تومان رسید؛ رشدی نزدیک به ۱.۲ درصد که ...,Dubai|Iraq|Turkey|UK,,,,,,2189010.00,2565314.70,,,,,,,,,,,rial,"{""Dubai"": 2565314.7, ""Iraq"": 2189010.0, ""Turkey"": 2376468.0, ""UK"": 2610000.0}",550000,902400,726200.00,stale,76,75,regional_fx_board,2026-09-30T17:29:40+00:00,UK,2610000.0,single_value,GBP
bazar360,Bazar360.com نرخ ارز,"‏ آخرین نرخ فروش ارز و طلا در بازار تهران Bazar360.com - 1405/7/11 @ 08:29 نسخه جدید بازار۳۶۰ در Arz360.com / Bazar360.com در دسترس شماست! منتظر نظرات شما هستیم! نرخ تقریبی فروش ارز در بازار آزاد 🇺🇸 دلار آمریکا: 258,465 - 263,900 ⬆ [چارت 📈 ...",Dubai|Turkey|UK,,,,,,,2628591.88,,,,,,,,,,,toman,"{""Dubai"": 2628591.88}",70800,72350,261182.50,recent,75,100,regional_fx_board,2026-10-03T04:59:18+00:00,Dubai,2628591.875,midpoint,AED
bazar360,Bazar360.com نرخ ارز,"‏ آخرین نرخ فروش ارز و طلا در بازار تهران Bazar360.com - 1405/7/11 @ 10:29 نسخه جدید بازار۳۶۰ در Arz360.com / Bazar360.com در دسترس شماست! منتظر نظرات شما هستیم! نرخ تقریبی فروش ارز در بازار آزاد 🇺🇸 دلار آمریکا: 258,465 - 263,900 ⬆ [چارت 📈 ...",Dubai|Turkey|UK,,,,,,,2628591.88,,,,,,,,,,,toman,"{""Dubai"": 2628591.88}",70800,72350,261182.50,recent,75,100,regional_fx_board,2026-10-03T06:59:27+00:00,Dubai,2628591.875,midpoint,AED
bazar360,Bazar360.com نرخ ارز,"‏ آخرین نرخ فروش ارز و طلا در بازار تهران Bazar360.com - 1405/7/11 @ 13:59 نسخه جدید بازار۳۶۰ در Arz360.com / Bazar360.com در دسترس شماست! منتظر نظرات شما هستیم! نرخ تقریبی فروش ارز در بازار آزاد 🇺🇸 دلار آمریکا: 266,800 - 268,500 ⬆ [چارت 📈 ...",Dubai|Turkey|UK,,,,,,,2690473.50,,,,,,,,,,,toman,"{""Dubai"": 2690473.5}",73020,73500,267650.00,recent,75,100,regional_fx_board,2026-10-03T10:29:14+00:00,Dubai,2690473.5,midpoint,AED
bazar360,Bazar360.com نرخ ارز,"‏ آخرین نرخ فروش ارز و طلا در بازار تهران Bazar360.com - 1405/7/11 @ 16:59 نسخه جدید بازار۳۶۰ در Arz360.com / Bazar360.com در دسترس شماست! منتظر نظرات شما هستیم! نرخ تقریبی فروش ارز در بازار آزاد 🇺🇸 دلار آمریکا: 268,000 - 270,400 ⬆ [چارت 📈 ...",Dubai|Turkey|UK,,,,,,,2703951.57,,,,,,,,,,,toman,"{""Dubai"": 2703951.57}",73364,73890,269200.00,recent,75,100,regional_fx_board,2026-10-03T13:29:52+00:00,Dubai,2703951.5749999997,midpoint,AED
bazar360,Bazar360.com نرخ ارز,"‏ آخرین نرخ فروش ارز و طلا در بازار تهران Bazar360.com - 1405/7/11 @ 08:29 نسخه جدید بازار۳۶۰ در Arz360.com / Bazar360.com در دسترس شماست! منتظر نظرات شما هستیم! نرخ تقریبی فروش ارز در بازار آزاد 🇺🇸 دلار آمریکا: 258,465 - 263,900 ⬆ [چارت 📈 ...",Dubai|Turkey|UK,,,,,,,2628591.88,,,,,,,,,,,toman,"{""Dubai"": 2628591.88, ""Turkey"": 2432943.0}",5320,5450,261182.50,recent,75,100,regional_fx_board,2026-10-03T04:59:18+00:00,Turkey,2432943.0,midpoint,TRY
bazar360,Bazar360.com نرخ ارز,"‏ آخرین نرخ فروش ارز و طلا در بازار تهران Bazar360.com - 1405/7/11 @ 10:29 نسخه جدید بازار۳۶۰ در Arz360.com / Bazar360.com در دسترس شماست! منتظر نظرات شما هستیم! نرخ تقریبی فروش ارز در بازار آزاد 🇺🇸 دلار آمریکا: 258,465 - 263,900 ⬆ [چارت 📈 ...",Dubai|Turkey|UK,,,,,,,2628591.88,,,,,,,,,,,toman,"{""Dubai"": 2628591.88, ""Turkey"": 2432943.0}",5320,5450,261182.50,recent,75,100,regional_fx_board,2026-10-03T06:59:27+00:00,Turkey,2432943.0,midpoint,TRY
bazar360,Bazar360.com نرخ ارز,"‏ آخرین نرخ فروش ارز و طلا در بازار تهران Bazar360.com - 1405/7/11 @ 13:59 نسخه جدید بازار۳۶۰ در Arz360.com / Bazar360.com در دسترس شماست! منتظر نظرات شما هستیم! نرخ تقریبی فروش ارز در بازار آزاد 🇺🇸 دلار آمریکا: 266,800 - 268,500 ⬆ [چارت 📈 ...",Dubai|Turkey|UK,,,,,,,2690473.50,,,,,,,,,,,toman,"{""Dubai"": 2690473.5, ""Turkey"": 2482641.0}",5450,5540,267650.00,recent,75,100,regional_fx_board,2026-10-03T10:29:14+00:00,Turkey,2482641.0,midpoint,TRY
bazar360,Bazar360.com نرخ ارز,"‏ آخرین نرخ فروش ارز و طلا در بازار تهران Bazar360.com - 1405/7/11 @ 16:59 نسخه جدید بازار۳۶۰ در Arz360.com / Bazar360.com در دسترس شماست! منتظر نظرات شما هستیم! نرخ تقریبی فروش ارز در بازار آزاد 🇺🇸 دلار آمریکا: 268,000 - 270,400 ⬆ [چارت 📈 ...",Dubai|Turkey|UK,,,,,,,2703951.57,,,,,,,,,,,toman,"{""Dubai"": 2703951.57, ""Turkey"": 2493936.0}",5470,5570,269200.00,recent,75,100,regional_fx_board,2026-10-03T13:29:52+00:00,Turkey,2493936.0,midpoint,TRY
bazar360,Bazar360.com نرخ ارز,"‏ آخرین نرخ فروش ارز و طلا در بازار تهران Bazar360.com - 1405/7/11 @ 08:29 نسخه جدید بازار۳۶۰ در Arz360.com / Bazar360.com در دسترس شماست! منتظر نظرات شما هستیم! نرخ تقریبی فروش ارز در بازار آزاد 🇺🇸 دلار آمریکا: 258,465 - 263,900 ⬆ [چارت 📈 ...",Dubai|Turkey|UK,,,,,,,2628591.88,,,,,,,,,,,toman,"{""Dubai"": 2628591.88, ""Turkey"": 2432943.0, ""UK"": 2655769.23}",342420,348080,261182.50,recent,75,100,regional_fx_board,2026-10-03T04:59:18+00:00,UK,2655769.2307692305,midpoint,GBP
bazar360,Bazar360.com نرخ ارز,"‏ آخرین نرخ فروش ارز و طلا در بازار تهران Bazar360.com - 1405/7/11 @ 10:29 نسخه جدید بازار۳۶۰ در Arz360.com / Bazar360.com در دسترس شماست! منتظر نظرات شما هستیم! نرخ تقریبی فروش ارز در بازار آزاد 🇺🇸 دلار آمریکا: 258,465 - 263,900 ⬆ [چارت 📈 ...",Dubai|Turkey|UK,,,,,,,2628591.88,,,,,,,,,,,toman,"{""Dubai"": 2628591.88, ""Turkey"": 2432943.0, ""UK"": 2655769.23}",342420,348080,261182.50,recent,75,100,regional_fx_board,2026-10-03T06:59:27+00:00,UK,2655769.2307692305,midpoint,GBP
bazar360,Bazar360.com نرخ ارز,"‏ آخرین نرخ فروش ارز و طلا در بازار تهران Bazar360.com - 1405/7/11 @ 13:59 نسخه جدید بازار۳۶۰ در Arz360.com / Bazar360.com در دسترس شماست! منتظر نظرات شما هستیم! نرخ تقریبی فروش ارز در بازار آزاد 🇺🇸 دلار آمریکا: 266,800 - 268,500 ⬆ [چارت 📈 ...",Dubai|Turkey|UK,,,,,,,2690473.50,,,,,,,,,,,toman,"{""Dubai"": 2690473.5, ""Turkey"": 2482641.0, ""UK"": 2719807.69}",351600,355550,267650.00,recent,75,100,regional_fx_board,2026-10-03T10:29:14+00:00,UK,2719807.692307692,midpoint,GBP
bazar360,Bazar360.com نرخ ارز,"‏ آخرین نرخ فروش ارز و طلا در بازار تهران Bazar360.com - 1405/7/11 @ 16:59 نسخه جدید بازار۳۶۰ در Arz360.com / Bazar360.com در دسترس شماست! منتظر نظرات شما هستیم! نرخ تقریبی فروش ارز در بازار آزاد 🇺🇸 دلار آمریکا: 268,000 - 270,400 ⬆ [چارت 📈 ...",Dubai|Turkey|UK,,,,,,,2703951.57,,,,,,,,,,,toman,"{""Dubai"": 2703951.57, ""Turkey"": 2493936.0, ""UK"": 2732692.31}",353300,357200,269200.00,recent,75,100,regional_fx_board,2026-10-03T13:29:52+00:00,UK,2732692.3076923075,midpoint,GBP
berlin_pay,برلین پِی,خرید یورو نقدی برلین €* 277000 برلین 280000 بالای هزار 283000 بالای ۵هزار خرید یورو واریزبانکی* 285000 بالای هزار 286000 بالای ۵هزار https://chat.whatsapp.com/L204hi6hEZe3W9I2UUJiLd,Berlin,,,,,,,,,,2429824.56,,,,,,,,toman,"{""Berlin"": 2429824.56}",277000,,,recent,75,100,regional_fx_board,2026-10-03T07:45:29+00:00,Berlin,2429824.5614035088,buy,EUR
dollarsprice22,💵 مظنه ارز 💵,"#1405_07_12 ⏱️ 10:55 💵 #دلار تهران_نقدی 🇮🇷 269,500 تا 270,000 دلار 🇺🇸 تهران بین همکاران 270,500 دینار عراق 🇮🇶 168,000 تومان 🅱 بیت‌کوین 86.825.00 💵 📈 💰 قیمت ارز،طلا و خودرو 👇 @dollarsprice22",Tehran,2695000.00,,,,,,,,,,,,,,,,,toman,"{""Tehran"": 2695000.0}",,,,fresh,75,100,regional_fx_board,2026-10-04T07:25:55+00:00,Tehran,2695000.0,single_value,USD
dollarsprice22,💵 مظنه ارز 💵,"#1405_07_12 ⏱️ 15:12 💵 #دلار تهران_نقدی 🇮🇷 266,500 تا 267,000 دلار 🇺🇸 تهران بین همکاران 267,700 دینار عراق 🇮🇶 167,000 تومان 🅱 بیت‌کوین 86.990.00 💵 📈 💰 قیمت ارز،طلا و خودرو 👇 @dollarsprice22",Tehran,2665000.00,,,,,,,,,,,,,,,,,toman,"{""Tehran"": 2665000.0}",,,,fresh,75,100,regional_fx_board,2026-10-04T11:43:11+00:00,Tehran,2665000.0,single_value,USD
exchangeratescountries,نرخ ارز ساعتی £ $ €,"قیمت پوند انگلستان ✓کد درخواست فروش : 270926 ✓ خرید ویژه پوندلند T 300,000 T 295,000 T 290,000 T 285,000 ✓ فروش ویژه پوندلند T 310,000 T 315,000 T 320,000 T 325,000 گروه صرافی پوندلند انگلستان ✓نرخ ارز پوند،دلار،یورو،درهم،لیر ✓نرخ ارز دیجیت...",UK,,,,,,,,,,,,,,,,,,toman,"{""UK"": 2709260.0}",270926,270926,270926.00,stale,75,100,regional_fx_board,2026-09-28T13:05:58+00:00,UK,2709260.0,midpoint,USD
ir_dolar,قیمت لحظه ای دلار,"#1405_07_12 ⏱️ 10:55 💵 #دلار تهران_نقدی 🇮🇷 269,500 تا 270,000 دلار 🇺🇸 تهران بین همکاران 270,500 دینار عراق 🇮🇶 168,000 تومان 🅱 بیت‌کوین 86.825.00 💵 📈 💰 قیمت ارز،طلا و خودرو 👇 @ir_dolar @new_onlin",Tehran,2695000.00,,,,,,,,,,,,,,,,,toman,"{""Tehran"": 2695000.0}",,,,fresh,75,100,regional_fx_board,2026-10-04T07:25:36+00:00,Tehran,2695000.0,single_value,USD
ir_dolar,قیمت لحظه ای دلار,"#1405_07_12 ⏱️ 15:12 💵 #دلار تهران_نقدی 🇮🇷 266,500 تا 267,000 دلار 🇺🇸 تهران بین همکاران 267,700 دینار عراق 🇮🇶 167,000 تومان 🅱 بیت‌کوین 86.990.00 💵 📈 💰 قیمت ارز،طلا و خودرو 👇 @ir_dolar @new_onlin",Tehran,2665000.00,,,,,,,,,,,,,,,,,toman,"{""Tehran"": 2665000.0}",,,,fresh,75,100,regional_fx_board,2026-10-04T11:42:55+00:00,Tehran,2665000.0,single_value,USD
nerkh_uk,نرخ ارز Nerkh_Uk,"قیمت پوند انگلستان ✓کد درخواست فروش : 270926 ✓ خرید ویژه پوندلند T 300,000 T 295,000 T 290,000 T 285,000 ✓ فروش ویژه پوندلند T 310,000 T 315,000 T 320,000 T 325,000 گروه صرافی پوندلند انگلستان ✓نرخ ارز پوند،دلار،یورو،درهم،لیر ✓نرخ ارز دیجیت...",UK,,,,,,,,,,,,,,,,,,toman,"{""UK"": 2709260.0}",270926,270926,270926.00,stale,75,100,regional_fx_board,2026-09-28T13:05:58+00:00,UK,2709260.0,midpoint,USD
royal_rate,نرخ ارز بازار CURRENCY RATE,"*شروع قیمت فروش* درهم اول وقت بازار دبی 72,000/200 (بازگشایی نرخ) غیر رسمی* شروع شد. http://T.me/Royal_rate *شروع قیمت از دبی الانی (نرخ تقریبی بازار)* _ کانال نرخ زنی ما رو به دوستانتون معرفی کنین. #درهم #صرف #نرخ #صرافی #درهم_نقدی #دلار #...",Dubai,,,,,,,2644200.00,,,,,,,,,,,toman,"{""Dubai"": 2644200.0}",,72000,,recent,75,100,regional_market_channel,2026-10-03T07:40:23+00:00,Dubai,2644200.0,sell,AED
sabzemaidan,قیمت دلار تهران | سبزه میدان,"𝐒𝐚𝐛𝐳𝐞𝐌𝐚𝐢𝐝𝐚𝐧 دلار سبزه تهران: 269,390 خرید #فردایی 🔵 ™️ @SabzeMaidan | 🔙 نرخ #دلارتهران",Tehran,2693900.00,,,,,,,,,,,,,,,,,toman,"{""Tehran"": 2693900.0}",269390,,,fresh,75,100,regional_market_channel,2026-10-04T17:53:24+00:00,Tehran,2693900.0,buy,USD
sabzemaidan,قیمت دلار تهران | سبزه میدان,"𝐒𝐚𝐛𝐳𝐞𝐌𝐚𝐢𝐝𝐚𝐧 🟩 خریدار● «فردایی» 269,640 ( دلار تهران ) ™️ @SabzeMaidan | 👈 نرخ #دلارتهران",Tehran,2696400.00,,,,,,,,,,,,,,,,,toman,"{""Tehran"": 2696400.0}",269640,,,fresh,75,100,regional_market_channel,2026-10-04T17:53:25+00:00,Tehran,2696400.0,buy,USD
sabzemaidan,قیمت دلار تهران | سبزه میدان,"𝐒𝐚𝐛𝐳𝐞𝐌𝐚𝐢𝐝𝐚𝐧 دلار سبزه تهران: 269,310 فروش #فردایی 🔴 ™️ @SabzeMaidan | 🔙 نرخ #دلارتهران",Tehran,2693100.00,,,,,,,,,,,,,,,,,toman,"{""Tehran"": 2693100.0}",,269310,,fresh,75,100,regional_market_channel,2026-10-04T18:05:52+00:00,Tehran,2693100.0,sell,USD
sabzemaidan,قیمت دلار تهران | سبزه میدان,"𝐒𝐚𝐛𝐳𝐞𝐌𝐚𝐢𝐝𝐚𝐧 🟥 فروشنده● «فردایی» 269,560 ( دلار تهران ) ™️ @SabzeMaidan | 👈 نرخ #دلارتهران",Tehran,2695600.00,,,,,,,,,,,,,,,,,toman,"{""Tehran"": 2695600.0}",,269560,,fresh,75,100,regional_market_channel,2026-10-04T18:05:52+00:00,Tehran,2695600.0,sell,USD
sabzemaidan,قیمت دلار تهران | سبزه میدان,"𝐒𝐚𝐛𝐳𝐞𝐌𝐚𝐢𝐝𝐚𝐧 دلار سبزه تهران: 269,510 فروش #فردایی 🔴 ™️ @SabzeMaidan | 🔙 نرخ #دلارتهران",Tehran,2695100.00,,,,,,,,,,,,,,,,,toman,"{""Tehran"": 2695100.0}",,269510,,fresh,75,100,regional_market_channel,2026-10-04T18:06:50+00:00,Tehran,2695100.0,sell,USD
sabzemaidan,قیمت دلار تهران | سبزه میدان,"𝐒𝐚𝐛𝐳𝐞𝐌𝐚𝐢𝐝𝐚𝐧 🟥 فروشنده● «فردایی» 269,760 ( دلار تهران ) ™️ @SabzeMaidan | 👈 نرخ #دلارتهران",Tehran,2697600.00,,,,,,,,,,,,,,,,,toman,"{""Tehran"": 2697600.0}",,269760,,fresh,75,100,regional_market_channel,2026-10-04T18:06:52+00:00,Tehran,2697600.0,sell,USD
sabzemaidan,قیمت دلار تهران | سبزه میدان,"𝐒𝐚𝐛𝐳𝐞𝐌𝐚𝐢𝐝𝐚𝐧 🟥 فروشنده● «فردایی» 270,170 ( دلار تهران ) ™️ @SabzeMaidan | 👈 نرخ #دلارتهران",Tehran,2701700.00,,,,,,,,,,,,,,,,,toman,"{""Tehran"": 2701700.0}",,270170,,fresh,75,100,regional_market_channel,2026-10-04T18:32:50+00:00,Tehran,2701700.0,sell,USD
sabzemaidan,قیمت دلار تهران | سبزه میدان,"𝐒𝐚𝐛𝐳𝐞𝐌𝐚𝐢𝐝𝐚𝐧 🟥 فروشنده● «فردایی» 270,160 ( دلار تهران ) ™️ @SabzeMaidan | 👈 نرخ #دلارتهران",Tehran,2701600.00,,,,,,,,,,,,,,,,,toman,"{""Tehran"": 2701600.0}",,270160,,fresh,75,100,regional_market_channel,2026-10-04T18:32:50+00:00,Tehran,2701600.0,sell,USD
sabzemaidan,قیمت دلار تهران | سبزه میدان,"𝐒𝐚𝐛𝐳𝐞𝐌𝐚𝐢𝐝𝐚𝐧 🟩 خریدار● «فردایی» 269,930 ( دلار تهران ) ™️ @SabzeMaidan | 👈 نرخ #دلارتهران",Tehran,2699300.00,,,,,,,,,,,,,,,,,toman,"{""Tehran"": 2699300.0}",269930,,,fresh,75,100,regional_market_channel,2026-10-04T18:39:44+00:00,Tehran,2699300.0,buy,USD
sabzemaidan,قیمت دلار تهران | سبزه میدان,"𝐒𝐚𝐛𝐳𝐞𝐌𝐚𝐢𝐝𝐚𝐧 🟥 فروشنده● «فردایی» 269,960 ( دلار تهران ) ™️ @SabzeMaidan | 👈 نرخ #دلارتهران",Tehran,2699600.00,,,,,,,,,,,,,,,,,toman,"{""Tehran"": 2699600.0}",,269960,,fresh,75,100,regional_market_channel,2026-10-04T18:39:44+00:00,Tehran,2699600.0,sell,USD
abanpardakht,AbanPardakht,"📊 گزارش لحظه ای بازار ارز(اسکناس): 🇺🇸 USD: 261,562 🔸 دلار آمریکا 🇪🇺 EUR: 292,490 🔸 یورو 🇬🇧 󠁧󠁢󠁥󠁮 GBP: 342,490 🔸 پوند انگلیس 🇨🇦 CAD: 181,860 🔸 دلار کانادا 🇦🇺 AUD: 179,840 🔸 دلار استرالیا 🇨🇭 CHF: 310,030 🔸 فرانک سوئیس 🇹🇷 TRY: 5,280 🔸 لیر ترکیه...",UK,,,,,,,,,,,,,,,,,,toman,"{""UK"": 1398923.08}",,,,recent,74,100,regional_fx_board,2026-10-01T15:00:23+00:00,UK,1398923.0769230768,single_value,GBP
abanpardakht,AbanPardakht,"📊 گزارش لحظه ای بازار ارز(اسکناس): 🇺🇸 USD: 271,470 🔺 دلار آمریکا 🇪🇺 EUR: 302,650 🔺 یورو 🇬🇧 󠁧󠁢󠁥󠁮 GBP: 355,100 🔺 پوند انگلیس 🇨🇦 CAD: 188,640 🔺 دلار کانادا 🇦🇺 AUD: 186,250 🔺 دلار استرالیا 🇨🇭 CHF: 323,700 🔺 فرانک سوئیس 🇹🇷 TRY: 5,470 🔺 لیر ترکیه...",UK,,,,,,,,,,,,,,,,,,toman,"{""UK"": 1451076.92}",,,,fresh,74,100,regional_fx_board,2026-10-04T16:30:53+00:00,UK,1451076.923076923,single_value,GBP
hiemarat,نرخ درهم امارات و طلا دبی، نقره و تتر,"▫️ نرخ درهم صرافی دبی: 73,600 تومان 🇦🇪 ▫️ به‌روزرسانی: 16:15 04-10-2026 hiemarat.com",Dubai,,,,,,,2702960.00,,,,,,,,,,,toman,"{""Dubai"": 2702960.0}",,,,fresh,74,100,exchange_shop,2026-10-04T12:17:15+00:00,Dubai,2702960.0,single_value,AED
bonbast_tehran_harat,قیمت لحظه ای دلار تهران مشهد هرات استانبول سلیمانیه,"١٢-٠٧-١٤٠٥ ٢٠:٣١:٥٨ دلار آمريکا 🇺🇸 : 268,500 ➕ 🔺 (300) دلار مشهد 🇺🇸 🕌 : 266,600 دلار هرات فردایی ⏳ 🇺🇸 🇦🇫 : 265,200 دلار استانبول 🇺🇸 🇹🇷 : 269,800 دلار سلیمانیه فردایی 🇺🇸 🇹🇯 : 267,800 @Bonbast_Tehran_Harat",Herat|Istanbul|Mashhad|Sulaymaniyah|Tehran,2678000.00,2652000.00,,,,,,,,,,,,,,,,toman,"{""Herat"": 2652000.0, ""Mashhad"": 2666000.0, ""Tehran"": 2678000.0}",,,,fresh,73,100,regional_fx_board,2026-10-04T17:01:59+00:00,Herat,2652000.0,single_value,USD
bonbast_tehran_harat,قیمت لحظه ای دلار تهران مشهد هرات استانبول سلیمانیه,"١٢-٠٧-١٤٠٥ ٢٠:٣٤:٤٨ دلار آمريکا 🇺🇸 : 268,500 دلار مشهد 🇺🇸 🕌 : 266,600 دلار هرات فردایی ⏳ 🇺🇸 🇦🇫 : 265,400 ➕ 🔺 (200) دلار استانبول 🇺🇸 🇹🇷 : 269,800 دلار سلیمانیه فردایی 🇺🇸 🇹🇯 : 267,800 @Bonbast_Tehran_Harat",Herat|Istanbul|Mashhad|Sulaymaniyah|Tehran,2678000.00,2654000.00,,,,,,,,,,,,,,,,toman,"{""Herat"": 2654000.0, ""Mashhad"": 2666000.0, ""Tehran"": 2678000.0}",,,,fresh,73,100,regional_fx_board,2026-10-04T17:04:49+00:00,Herat,2654000.0,single_value,USD
bonbast_tehran_harat,قیمت لحظه ای دلار تهران مشهد هرات استانبول سلیمانیه,"١٢-٠٧-١٤٠٥ ٢٠:٣٦:٣٤ دلار آمريکا 🇺🇸 : 268,500 دلار مشهد 🇺🇸 🕌 : 266,600 دلار هرات فردایی ⏳ 🇺🇸 🇦🇫 : 265,500 ➕ 🔺 (100) دلار استانبول 🇺🇸 🇹🇷 : 269,800 دلار سلیمانیه فردایی 🇺🇸 🇹🇯 : 267,800 @Bonbast_Tehran_Harat",Herat|Istanbul|Mashhad|Sulaymaniyah|Tehran,2678000.00,2655000.00,,,,,,,,,,,,,,,,toman,"{""Herat"": 2655000.0, ""Mashhad"": 2666000.0, ""Tehran"": 2678000.0}",,,,fresh,73,100,regional_fx_board,2026-10-04T17:06:34+00:00,Herat,2655000.0,single_value,USD
bonbast_tehran_harat,قیمت لحظه ای دلار تهران مشهد هرات استانبول سلیمانیه,"١٢-٠٧-١٤٠٥ ٢٠:٣٩:١٢ دلار آمريکا 🇺🇸 : 268,500 دلار مشهد 🇺🇸 🕌 : 266,600 دلار هرات فردایی ⏳ 🇺🇸 🇦🇫 : 265,500 دلار استانبول 🇺🇸 🇹🇷 : 269,800 دلار سلیمانیه فردایی 🇺🇸 🇹🇯 : 268,500 ➕ 🔺 (700) @Bonbast_Tehran_Harat",Herat|Istanbul|Mashhad|Sulaymaniyah|Tehran,2685000.00,2655000.00,,,,,,,,,,,,,,,,toman,"{""Herat"": 2655000.0, ""Mashhad"": 2666000.0, ""Tehran"": 2685000.0}",,,,fresh,73,100,regional_fx_board,2026-10-04T17:09:12+00:00,Herat,2655000.0,single_value,USD
bonbast_tehran_harat,قیمت لحظه ای دلار تهران مشهد هرات استانبول سلیمانیه,"١٢-٠٧-١٤٠٥ ٢٠:٣٩:٣١ دلار آمريکا 🇺🇸 : 268,500 دلار مشهد 🇺🇸 🕌 : 266,600 دلار هرات فردایی ⏳ 🇺🇸 🇦🇫 : 265,500 دلار استانبول 🇺🇸 🇹🇷 : 269,800 دلار سلیمانیه فردایی 🇺🇸 🇹🇯 : 268,000 ➖ 🔻 (500) @Bonbast_Tehran_Harat",Herat|Istanbul|Mashhad|Sulaymaniyah|Tehran,2680000.00,2655000.00,,,,,,,,,,,,,,,,toman,"{""Herat"": 2655000.0, ""Mashhad"": 2666000.0, ""Tehran"": 2680000.0}",,,,fresh,73,100,regional_fx_board,2026-10-04T17:09:31+00:00,Herat,2655000.0,single_value,USD
bonbast_tehran_harat,قیمت لحظه ای دلار تهران مشهد هرات استانبول سلیمانیه,"١٢-٠٧-١٤٠٥ ٢٠:٤١:٣٦ دلار آمريکا 🇺🇸 : 268,500 دلار مشهد 🇺🇸 🕌 : 266,800 ➕ 🔺 (200) دلار هرات فردایی ⏳ 🇺🇸 🇦🇫 : 265,500 دلار استانبول 🇺🇸 🇹🇷 : 269,800 دلار سلیمانیه فردایی 🇺🇸 🇹🇯 : 268,000 @Bonbast_Tehran_Harat",Herat|Istanbul|Mashhad|Sulaymaniyah|Tehran,2680000.00,2655000.00,,,,,,,,,,,,,,,,toman,"{""Herat"": 2655000.0, ""Mashhad"": 2668000.0, ""Tehran"": 2680000.0}",,,,fresh,73,100,regional_fx_board,2026-10-04T17:11:36+00:00,Herat,2655000.0,single_value,USD
bonbast_tehran_harat,قیمت لحظه ای دلار تهران مشهد هرات استانبول سلیمانیه,"١٢-٠٧-١٤٠٥ ٢٠:٤٣:٢٤ دلار آمريکا 🇺🇸 : 268,500 دلار مشهد 🇺🇸 🕌 : 266,800 دلار هرات فردایی ⏳ 🇺🇸 🇦🇫 : 265,500 دلار استانبول 🇺🇸 🇹🇷 : 269,800 دلار سلیمانیه فردایی 🇺🇸 🇹🇯 : 268,500 ➕ 🔺 (500) @Bonbast_Tehran_Harat",Herat|Istanbul|Mashhad|Sulaymaniyah|Tehran,2685000.00,2655000.00,,,,,,,,,,,,,,,,toman,"{""Herat"": 2655000.0, ""Mashhad"": 2668000.0, ""Tehran"": 2685000.0}",,,,fresh,73,100,regional_fx_board,2026-10-04T17:13:25+00:00,Herat,2655000.0,single_value,USD
bonbast_tehran_harat,قیمت لحظه ای دلار تهران مشهد هرات استانبول سلیمانیه,"١٢-٠٧-١٤٠٥ ٢٠:٤٦:٢٦ دلار آمريکا 🇺🇸 : 268,500 دلار مشهد 🇺🇸 🕌 : 266,800 دلار هرات فردایی ⏳ 🇺🇸 🇦🇫 : 265,600 ➕ 🔺 (100) دلار استانبول 🇺🇸 🇹🇷 : 269,800 دلار سلیمانیه فردایی 🇺🇸 🇹🇯 : 268,500 @Bonbast_Tehran_Harat",Herat|Istanbul|Mashhad|Sulaymaniyah|Tehran,2685000.00,2656000.00,,,,,,,,,,,,,,,,toman,"{""Herat"": 2656000.0, ""Mashhad"": 2668000.0, ""Tehran"": 2685000.0}",,,,fresh,73,100,regional_fx_board,2026-10-04T17:16:27+00:00,Herat,2656000.0,single_value,USD
bonbast_tehran_harat,قیمت لحظه ای دلار تهران مشهد هرات استانبول سلیمانیه,"١٢-٠٧-١٤٠٥ ٢٠:٤٧:٠٢ دلار آمريکا 🇺🇸 : 268,500 دلار مشهد 🇺🇸 🕌 : 266,800 دلار هرات فردایی ⏳ 🇺🇸 🇦🇫 : 265,600 دلار استانبول 🇺🇸 🇹🇷 : 269,800 دلار سلیمانیه فردایی 🇺🇸 🇹🇯 : 268,000 ➖ 🔻 (500) @Bonbast_Tehran_Harat",Herat|Istanbul|Mashhad|Sulaymaniyah|Tehran,2680000.00,2656000.00,,,,,,,,,,,,,,,,toman,"{""Herat"": 2656000.0, ""Mashhad"": 2668000.0, ""Tehran"": 2680000.0}",,,,fresh,73,100,regional_fx_board,2026-10-04T17:17:02+00:00,Herat,2656000.0,single_value,USD
bonbast_tehran_harat,قیمت لحظه ای دلار تهران مشهد هرات استانبول سلیمانیه,"١٢-٠٧-١٤٠٥ ٢٠:٤٨:٤٢ دلار آمريکا 🇺🇸 : 268,500 دلار مشهد 🇺🇸 🕌 : 266,800 دلار هرات فردایی ⏳ 🇺🇸 🇦🇫 : 265,700 ➕ 🔺 (100) دلار استانبول 🇺🇸 🇹🇷 : 269,800 دلار سلیمانیه فردایی 🇺🇸 🇹🇯 : 268,000 @Bonbast_Tehran_Harat",Herat|Istanbul|Mashhad|Sulaymaniyah|Tehran,2680000.00,2657000.00,,,,,,,,,,,,,,,,toman,"{""Herat"": 2657000.0, ""Mashhad"": 2668000.0, ""Tehran"": 2680000.0}",,,,fresh,73,100,regional_fx_board,2026-10-04T17:18:42+00:00,Herat,2657000.0,single_value,USD
bonbast_tehran_harat,قیمت لحظه ای دلار تهران مشهد هرات استانبول سلیمانیه,"١٢-٠٧-١٤٠٥ ٢٠:٤٩:٤٢ دلار آمريکا 🇺🇸 : 268,500 دلار مشهد 🇺🇸 🕌 : 266,800 دلار هرات فردایی ⏳ 🇺🇸 🇦🇫 : 265,700 دلار استانبول 🇺🇸 🇹🇷 : 269,800 دلار سلیمانیه فردایی 🇺🇸 🇹🇯 : 267,800 ➖ 🔻 (200) @Bonbast_Tehran_Harat",Herat|Istanbul|Mashhad|Sulaymaniyah|Tehran,2678000.00,2657000.00,,,,,,,,,,,,,,,,toman,"{""Herat"": 2657000.0, ""Mashhad"": 2668000.0, ""Tehran"": 2678000.0}",,,,fresh,73,100,regional_fx_board,2026-10-04T17:19:42+00:00,Herat,2657000.0,single_value,USD
bonbast_tehran_harat,قیمت لحظه ای دلار تهران مشهد هرات استانبول سلیمانیه,"١٢-٠٧-١٤٠٥ ٢٠:٥٠:٠٢ دلار آمريکا 🇺🇸 : 268,500 دلار مشهد 🇺🇸 🕌 : 266,800 دلار هرات فردایی ⏳ 🇺🇸 🇦🇫 : 265,800 ➕ 🔺 (100) دلار استانبول 🇺🇸 🇹🇷 : 269,800 دلار سلیمانیه فردایی 🇺🇸 🇹🇯 : 267,800 @Bonbast_Tehran_Harat",Herat|Istanbul|Mashhad|Sulaymaniyah|Tehran,2678000.00,2658000.00,,,,,,,,,,,,,,,,toman,"{""Herat"": 2658000.0, ""Mashhad"": 2668000.0, ""Tehran"": 2678000.0}",,,,fresh,73,100,regional_fx_board,2026-10-04T17:20:03+00:00,Herat,2658000.0,single_value,USD
bonbast_tehran_harat,قیمت لحظه ای دلار تهران مشهد هرات استانبول سلیمانیه,"١٢-٠٧-١٤٠٥ ٢٠:٥٠:٤٢ دلار آمريکا 🇺🇸 : 268,500 دلار مشهد 🇺🇸 🕌 : 266,500 ➖ 🔻 (300) دلار هرات فردایی ⏳ 🇺🇸 🇦🇫 : 265,800 دلار استانبول 🇺🇸 🇹🇷 : 269,800 دلار سلیمانیه فردایی 🇺🇸 🇹🇯 : 267,800 @Bonbast_Tehran_Harat",Herat|Istanbul|Mashhad|Sulaymaniyah|Tehran,2678000.00,2658000.00,,,,,,,,,,,,,,,,toman,"{""Herat"": 2658000.0, ""Mashhad"": 2665000.0, ""Tehran"": 2678000.0}",,,,fresh,73,100,regional_fx_board,2026-10-04T17:20:42+00:00,Herat,2658000.0,single_value,USD
bonbast_tehran_harat,قیمت لحظه ای دلار تهران مشهد هرات استانبول سلیمانیه,"١٢-٠٧-١٤٠٥ ٢٠:٥٢:٠٤ دلار آمريکا 🇺🇸 : 268,500 دلار مشهد 🇺🇸 🕌 : 266,500 دلار هرات فردایی ⏳ 🇺🇸 🇦🇫 : 265,700 ➖ 🔻 (100) دلار استانبول 🇺🇸 🇹🇷 : 269,800 دلار سلیمانیه فردایی 🇺🇸 🇹🇯 : 267,800 @Bonbast_Tehran_Harat",Herat|Istanbul|Mashhad|Sulaymaniyah|Tehran,2678000.00,2657000.00,,,,,,,,,,,,,,,,toman,"{""Herat"": 2657000.0, ""Mashhad"": 2665000.0, ""Tehran"": 2678000.0}",,,,fresh,73,100,regional_fx_board,2026-10-04T17:22:04+00:00,Herat,2657000.0,single_value,USD
bonbast_tehran_harat,قیمت لحظه ای دلار تهران مشهد هرات استانبول سلیمانیه,"١٢-٠٧-١٤٠٥ ٢٠:٥٧:٢٣ دلار آمريکا 🇺🇸 : 268,500 دلار مشهد 🇺🇸 🕌 : 266,500 دلار هرات فردایی ⏳ 🇺🇸 🇦🇫 : 265,700 دلار استانبول 🇺🇸 🇹🇷 : 269,800 دلار سلیمانیه فردایی 🇺🇸 🇹🇯 : 268,400 ➕ 🔺 (600) @Bonbast_Tehran_Harat",Herat|Istanbul|Mashhad|Sulaymaniyah|Tehran,2684000.00,2657000.00,,,,,,,,,,,,,,,,toman,"{""Herat"": 2657000.0, ""Mashhad"": 2665000.0, ""Tehran"": 2684000.0}",,,,fresh,73,100,regional_fx_board,2026-10-04T17:27:23+00:00,Herat,2657000.0,single_value,USD
bonbast_tehran_harat,قیمت لحظه ای دلار تهران مشهد هرات استانبول سلیمانیه,"١٢-٠٧-١٤٠٥ ٢٠:٥٨:٠٢ دلار آمريکا 🇺🇸 : 269,000 ➕ 🔺 (500) دلار مشهد 🇺🇸 🕌 : 266,500 دلار هرات فردایی ⏳ 🇺🇸 🇦🇫 : 265,700 دلار استانبول 🇺🇸 🇹🇷 : 269,800 دلار سلیمانیه فردایی 🇺🇸 🇹🇯 : 268,400 @Bonbast_Tehran_Harat",Herat|Istanbul|Mashhad|Sulaymaniyah|Tehran,2684000.00,2657000.00,,,,,,,,,,,,,,,,toman,"{""Herat"": 2657000.0, ""Mashhad"": 2665000.0, ""Tehran"": 2684000.0}",,,,fresh,73,100,regional_fx_board,2026-10-04T17:28:02+00:00,Herat,2657000.0,single_value,USD
bonbast_tehran_harat,قیمت لحظه ای دلار تهران مشهد هرات استانبول سلیمانیه,"١٢-٠٧-١٤٠٥ ٢٠:٥٨:٢٥ دلار آمريکا 🇺🇸 : 269,200 ➕ 🔺 (200) دلار مشهد 🇺🇸 🕌 : 266,500 دلار هرات فردایی ⏳ 🇺🇸 🇦🇫 : 265,700 دلار استانبول 🇺🇸 🇹🇷 : 269,800 دلار سلیمانیه فردایی 🇺🇸 🇹🇯 : 268,400 @Bonbast_Tehran_Harat",Herat|Istanbul|Mashhad|Sulaymaniyah|Tehran,2684000.00,2657000.00,,,,,,,,,,,,,,,,toman,"{""Herat"": 2657000.0, ""Mashhad"": 2665000.0, ""Tehran"": 2684000.0}",,,,fresh,73,100,regional_fx_board,2026-10-04T17:28:25+00:00,Herat,2657000.0,single_value,USD
bonbast_tehran_harat,قیمت لحظه ای دلار تهران مشهد هرات استانبول سلیمانیه,"١٢-٠٧-١٤٠٥ ٢٠:٥٩:١٤ دلار آمريکا 🇺🇸 : 269,200 دلار مشهد 🇺🇸 🕌 : 266,500 دلار هرات فردایی ⏳ 🇺🇸 🇦🇫 : 265,700 دلار استانبول 🇺🇸 🇹🇷 : 269,800 دلار سلیمانیه فردایی 🇺🇸 🇹🇯 : 268,300 ➖ 🔻 (100) @Bonbast_Tehran_Harat",Herat|Istanbul|Mashhad|Sulaymaniyah|Tehran,2683000.00,2657000.00,,,,,,,,,,,,,,,,toman,"{""Herat"": 2657000.0, ""Mashhad"": 2665000.0, ""Tehran"": 2683000.0}",,,,fresh,73,100,regional_fx_board,2026-10-04T17:29:14+00:00,Herat,2657000.0,single_value,USD
bonbast_tehran_harat,قیمت لحظه ای دلار تهران مشهد هرات استانبول سلیمانیه,"١٢-٠٧-١٤٠٥ ٢١:٠٣:٢١ دلار آمريکا 🇺🇸 : 269,200 دلار مشهد 🇺🇸 🕌 : 266,500 دلار هرات فردایی ⏳ 🇺🇸 🇦🇫 : 265,800 ➕ 🔺 (100) دلار استانبول 🇺🇸 🇹🇷 : 269,800 دلار سلیمانیه فردایی 🇺🇸 🇹🇯 : 268,300 @Bonbast_Tehran_Harat",Herat|Istanbul|Mashhad|Sulaymaniyah|Tehran,2683000.00,2658000.00,,,,,,,,,,,,,,,,toman,"{""Herat"": 2658000.0, ""Mashhad"": 2665000.0, ""Tehran"": 2683000.0}",,,,fresh,73,100,regional_fx_board,2026-10-04T17:33:21+00:00,Herat,2658000.0,single_value,USD
bonbast_tehran_harat,قیمت لحظه ای دلار تهران مشهد هرات استانبول سلیمانیه,"١٢-٠٧-١٤٠٥ ٢١:١٠:٠٨ دلار آمريکا 🇺🇸 : 269,200 دلار مشهد 🇺🇸 🕌 : 266,500 دلار هرات فردایی ⏳ 🇺🇸 🇦🇫 : 265,700 ➖ 🔻 (100) دلار استانبول 🇺🇸 🇹🇷 : 269,800 دلار سلیمانیه فردایی 🇺🇸 🇹🇯 : 268,300 @Bonbast_Tehran_Harat",Herat|Istanbul|Mashhad|Sulaymaniyah|Tehran,2683000.00,2657000.00,,,,,,,,,,,,,,,,toman,"{""Herat"": 2657000.0, ""Mashhad"": 2665000.0, ""Tehran"": 2683000.0}",,,,fresh,73,100,regional_fx_board,2026-10-04T17:40:09+00:00,Herat,2657000.0,single_value,USD
bonbast_tehran_harat,قیمت لحظه ای دلار تهران مشهد هرات استانبول سلیمانیه,"١٢-٠٧-١٤٠٥ ٢٠:٣١:٥٨ دلار آمريکا 🇺🇸 : 268,500 ➕ 🔺 (300) دلار مشهد 🇺🇸 🕌 : 266,600 دلار هرات فردایی ⏳ 🇺🇸 🇦🇫 : 265,200 دلار استانبول 🇺🇸 🇹🇷 : 269,800 دلار سلیمانیه فردایی 🇺🇸 🇹🇯 : 267,800 @Bonbast_Tehran_Harat",Herat|Istanbul|Mashhad|Sulaymaniyah|Tehran,2678000.00,2652000.00,2678000.00,,,,,2698000.00,,,,,,,,,,toman,"{""Herat"": 2652000.0, ""Istanbul"": 2698000.0, ""Mashhad"": 2666000.0, ""Sulaymaniyah"": 2678000.0, ""Tehran"": 2678000.0}",,,,fresh,73,100,regional_fx_board,2026-10-04T17:01:59+00:00,Istanbul,2698000.0,single_value,USD
bonbast_tehran_harat,قیمت لحظه ای دلار تهران مشهد هرات استانبول سلیمانیه,"١٢-٠٧-١٤٠٥ ٢٠:٣٤:٤٨ دلار آمريکا 🇺🇸 : 268,500 دلار مشهد 🇺🇸 🕌 : 266,600 دلار هرات فردایی ⏳ 🇺🇸 🇦🇫 : 265,400 ➕ 🔺 (200) دلار استانبول 🇺🇸 🇹🇷 : 269,800 دلار سلیمانیه فردایی 🇺🇸 🇹🇯 : 267,800 @Bonbast_Tehran_Harat",Herat|Istanbul|Mashhad|Sulaymaniyah|Tehran,2678000.00,2654000.00,2678000.00,,,,,2698000.00,,,,,,,,,,toman,"{""Herat"": 2654000.0, ""Istanbul"": 2698000.0, ""Mashhad"": 2666000.0, ""Sulaymaniyah"": 2678000.0, ""Tehran"": 2678000.0}",,,,fresh,73,100,regional_fx_board,2026-10-04T17:04:49+00:00,Istanbul,2698000.0,single_value,USD
bonbast_tehran_harat,قیمت لحظه ای دلار تهران مشهد هرات استانبول سلیمانیه,"١٢-٠٧-١٤٠٥ ٢٠:٣٦:٣٤ دلار آمريکا 🇺🇸 : 268,500 دلار مشهد 🇺🇸 🕌 : 266,600 دلار هرات فردایی ⏳ 🇺🇸 🇦🇫 : 265,500 ➕ 🔺 (100) دلار استانبول 🇺🇸 🇹🇷 : 269,800 دلار سلیمانیه فردایی 🇺🇸 🇹🇯 : 267,800 @Bonbast_Tehran_Harat",Herat|Istanbul|Mashhad|Sulaymaniyah|Tehran,2678000.00,2655000.00,2678000.00,,,,,2698000.00,,,,,,,,,,toman,"{""Herat"": 2655000.0, ""Istanbul"": 2698000.0, ""Mashhad"": 2666000.0, ""Sulaymaniyah"": 2678000.0, ""Tehran"": 2678000.0}",,,,fresh,73,100,regional_fx_board,2026-10-04T17:06:34+00:00,Istanbul,2698000.0,single_value,USD
bonbast_tehran_harat,قیمت لحظه ای دلار تهران مشهد هرات استانبول سلیمانیه,"١٢-٠٧-١٤٠٥ ٢٠:٣٩:١٢ دلار آمريکا 🇺🇸 : 268,500 دلار مشهد 🇺🇸 🕌 : 266,600 دلار هرات فردایی ⏳ 🇺🇸 🇦🇫 : 265,500 دلار استانبول 🇺🇸 🇹🇷 : 269,800 دلار سلیمانیه فردایی 🇺🇸 🇹🇯 : 268,500 ➕ 🔺 (700) @Bonbast_Tehran_Harat",Herat|Istanbul|Mashhad|Sulaymaniyah|Tehran,2685000.00,2655000.00,2685000.00,,,,,2698000.00,,,,,,,,,,toman,"{""Herat"": 2655000.0, ""Istanbul"": 2698000.0, ""Mashhad"": 2666000.0, ""Sulaymaniyah"": 2685000.0, ""Tehran"": 2685000.0}",,,,fresh,73,100,regional_fx_board,2026-10-04T17:09:12+00:00,Istanbul,2698000.0,single_value,USD
bonbast_tehran_harat,قیمت لحظه ای دلار تهران مشهد هرات استانبول سلیمانیه,"١٢-٠٧-١٤٠٥ ٢٠:٣٩:٣١ دلار آمريکا 🇺🇸 : 268,500 دلار مشهد 🇺🇸 🕌 : 266,600 دلار هرات فردایی ⏳ 🇺🇸 🇦🇫 : 265,500 دلار استانبول 🇺🇸 🇹🇷 : 269,800 دلار سلیمانیه فردایی 🇺🇸 🇹🇯 : 268,000 ➖ 🔻 (500) @Bonbast_Tehran_Harat",Herat|Istanbul|Mashhad|Sulaymaniyah|Tehran,2680000.00,2655000.00,2680000.00,,,,,2698000.00,,,,,,,,,,toman,"{""Herat"": 2655000.0, ""Istanbul"": 2698000.0, ""Mashhad"": 2666000.0, ""Sulaymaniyah"": 2680000.0, ""Tehran"": 2680000.0}",,,,fresh,73,100,regional_fx_board,2026-10-04T17:09:31+00:00,Istanbul,2698000.0,single_value,USD
bonbast_tehran_harat,قیمت لحظه ای دلار تهران مشهد هرات استانبول سلیمانیه,"١٢-٠٧-١٤٠٥ ٢٠:٤١:٣٦ دلار آمريکا 🇺🇸 : 268,500 دلار مشهد 🇺🇸 🕌 : 266,800 ➕ 🔺 (200) دلار هرات فردایی ⏳ 🇺🇸 🇦🇫 : 265,500 دلار استانبول 🇺🇸 🇹🇷 : 269,800 دلار سلیمانیه فردایی 🇺🇸 🇹🇯 : 268,000 @Bonbast_Tehran_Harat",Herat|Istanbul|Mashhad|Sulaymaniyah|Tehran,2680000.00,2655000.00,2680000.00,,,,,2698000.00,,,,,,,,,,toman,"{""Herat"": 2655000.0, ""Istanbul"": 2698000.0, ""Mashhad"": 2668000.0, ""Sulaymaniyah"": 2680000.0, ""Tehran"": 2680000.0}",,,,fresh,73,100,regional_fx_board,2026-10-04T17:11:36+00:00,Istanbul,2698000.0,single_value,USD
bonbast_tehran_harat,قیمت لحظه ای دلار تهران مشهد هرات استانبول سلیمانیه,"١٢-٠٧-١٤٠٥ ٢٠:٤٣:٢٤ دلار آمريکا 🇺🇸 : 268,500 دلار مشهد 🇺🇸 🕌 : 266,800 دلار هرات فردایی ⏳ 🇺🇸 🇦🇫 : 265,500 دلار استانبول 🇺🇸 🇹🇷 : 269,800 دلار سلیمانیه فردایی 🇺🇸 🇹🇯 : 268,500 ➕ 🔺 (500) @Bonbast_Tehran_Harat",Herat|Istanbul|Mashhad|Sulaymaniyah|Tehran,2685000.00,2655000.00,2685000.00,,,,,2698000.00,,,,,,,,,,toman,"{""Herat"": 2655000.0, ""Istanbul"": 2698000.0, ""Mashhad"": 2668000.0, ""Sulaymaniyah"": 2685000.0, ""Tehran"": 2685000.0}",,,,fresh,73,100,regional_fx_board,2026-10-04T17:13:25+00:00,Istanbul,2698000.0,single_value,USD
bonbast_tehran_harat,قیمت لحظه ای دلار تهران مشهد هرات استانبول سلیمانیه,"١٢-٠٧-١٤٠٥ ٢٠:٤٦:٢٦ دلار آمريکا 🇺🇸 : 268,500 دلار مشهد 🇺🇸 🕌 : 266,800 دلار هرات فردایی ⏳ 🇺🇸 🇦🇫 : 265,600 ➕ 🔺 (100) دلار استانبول 🇺🇸 🇹🇷 : 269,800 دلار سلیمانیه فردایی 🇺🇸 🇹🇯 : 268,500 @Bonbast_Tehran_Harat",Herat|Istanbul|Mashhad|Sulaymaniyah|Tehran,2685000.00,2656000.00,2685000.00,,,,,2698000.00,,,,,,,,,,toman,"{""Herat"": 2656000.0, ""Istanbul"": 2698000.0, ""Mashhad"": 2668000.0, ""Sulaymaniyah"": 2685000.0, ""Tehran"": 2685000.0}",,,,fresh,73,100,regional_fx_board,2026-10-04T17:16:27+00:00,Istanbul,2698000.0,single_value,USD
bonbast_tehran_harat,قیمت لحظه ای دلار تهران مشهد هرات استانبول سلیمانیه,"١٢-٠٧-١٤٠٥ ٢٠:٤٧:٠٢ دلار آمريکا 🇺🇸 : 268,500 دلار مشهد 🇺🇸 🕌 : 266,800 دلار هرات فردایی ⏳ 🇺🇸 🇦🇫 : 265,600 دلار استانبول 🇺🇸 🇹🇷 : 269,800 دلار سلیمانیه فردایی 🇺🇸 🇹🇯 : 268,000 ➖ 🔻 (500) @Bonbast_Tehran_Harat",Herat|Istanbul|Mashhad|Sulaymaniyah|Tehran,2680000.00,2656000.00,2680000.00,,,,,2698000.00,,,,,,,,,,toman,"{""Herat"": 2656000.0, ""Istanbul"": 2698000.0, ""Mashhad"": 2668000.0, ""Sulaymaniyah"": 2680000.0, ""Tehran"": 2680000.0}",,,,fresh,73,100,regional_fx_board,2026-10-04T17:17:02+00:00,Istanbul,2698000.0,single_value,USD
bonbast_tehran_harat,قیمت لحظه ای دلار تهران مشهد هرات استانبول سلیمانیه,"١٢-٠٧-١٤٠٥ ٢٠:٤٨:٤٢ دلار آمريکا 🇺🇸 : 268,500 دلار مشهد 🇺🇸 🕌 : 266,800 دلار هرات فردایی ⏳ 🇺🇸 🇦🇫 : 265,700 ➕ 🔺 (100) دلار استانبول 🇺🇸 🇹🇷 : 269,800 دلار سلیمانیه فردایی 🇺🇸 🇹🇯 : 268,000 @Bonbast_Tehran_Harat",Herat|Istanbul|Mashhad|Sulaymaniyah|Tehran,2680000.00,2657000.00,2680000.00,,,,,2698000.00,,,,,,,,,,toman,"{""Herat"": 2657000.0, ""Istanbul"": 2698000.0, ""Mashhad"": 2668000.0, ""Sulaymaniyah"": 2680000.0, ""Tehran"": 2680000.0}",,,,fresh,73,100,regional_fx_board,2026-10-04T17:18:42+00:00,Istanbul,2698000.0,single_value,USD
bonbast_tehran_harat,قیمت لحظه ای دلار تهران مشهد هرات استانبول سلیمانیه,"١٢-٠٧-١٤٠٥ ٢٠:٤٩:٤٢ دلار آمريکا 🇺🇸 : 268,500 دلار مشهد 🇺🇸 🕌 : 266,800 دلار هرات فردایی ⏳ 🇺🇸 🇦🇫 : 265,700 دلار استانبول 🇺🇸 🇹🇷 : 269,800 دلار سلیمانیه فردایی 🇺🇸 🇹🇯 : 267,800 ➖ 🔻 (200) @Bonbast_Tehran_Harat",Herat|Istanbul|Mashhad|Sulaymaniyah|Tehran,2678000.00,2657000.00,2678000.00,,,,,2698000.00,,,,,,,,,,toman,"{""Herat"": 2657000.0, ""Istanbul"": 2698000.0, ""Mashhad"": 2668000.0, ""Sulaymaniyah"": 2678000.0, ""Tehran"": 2678000.0}",,,,fresh,73,100,regional_fx_board,2026-10-04T17:19:42+00:00,Istanbul,2698000.0,single_value,USD
bonbast_tehran_harat,قیمت لحظه ای دلار تهران مشهد هرات استانبول سلیمانیه,"١٢-٠٧-١٤٠٥ ٢٠:٥٠:٠٢ دلار آمريکا 🇺🇸 : 268,500 دلار مشهد 🇺🇸 🕌 : 266,800 دلار هرات فردایی ⏳ 🇺🇸 🇦🇫 : 265,800 ➕ 🔺 (100) دلار استانبول 🇺🇸 🇹🇷 : 269,800 دلار سلیمانیه فردایی 🇺🇸 🇹🇯 : 267,800 @Bonbast_Tehran_Harat",Herat|Istanbul|Mashhad|Sulaymaniyah|Tehran,2678000.00,2658000.00,2678000.00,,,,,2698000.00,,,,,,,,,,toman,"{""Herat"": 2658000.0, ""Istanbul"": 2698000.0, ""Mashhad"": 2668000.0, ""Sulaymaniyah"": 2678000.0, ""Tehran"": 2678000.0}",,,,fresh,73,100,regional_fx_board,2026-10-04T17:20:03+00:00,Istanbul,2698000.0,single_value,USD
bonbast_tehran_harat,قیمت لحظه ای دلار تهران مشهد هرات استانبول سلیمانیه,"١٢-٠٧-١٤٠٥ ٢٠:٥٠:٤٢ دلار آمريکا 🇺🇸 : 268,500 دلار مشهد 🇺🇸 🕌 : 266,500 ➖ 🔻 (300) دلار هرات فردایی ⏳ 🇺🇸 🇦🇫 : 265,800 دلار استانبول 🇺🇸 🇹🇷 : 269,800 دلار سلیمانیه فردایی 🇺🇸 🇹🇯 : 267,800 @Bonbast_Tehran_Harat",Herat|Istanbul|Mashhad|Sulaymaniyah|Tehran,2678000.00,2658000.00,2678000.00,,,,,2698000.00,,,,,,,,,,toman,"{""Herat"": 2658000.0, ""Istanbul"": 2698000.0, ""Mashhad"": 2665000.0, ""Sulaymaniyah"": 2678000.0, ""Tehran"": 2678000.0}",,,,fresh,73,100,regional_fx_board,2026-10-04T17:20:42+00:00,Istanbul,2698000.0,single_value,USD
bonbast_tehran_harat,قیمت لحظه ای دلار تهران مشهد هرات استانبول سلیمانیه,"١٢-٠٧-١٤٠٥ ٢٠:٥٢:٠٤ دلار آمريکا 🇺🇸 : 268,500 دلار مشهد 🇺🇸 🕌 : 266,500 دلار هرات فردایی ⏳ 🇺🇸 🇦🇫 : 265,700 ➖ 🔻 (100) دلار استانبول 🇺🇸 🇹🇷 : 269,800 دلار سلیمانیه فردایی 🇺🇸 🇹🇯 : 267,800 @Bonbast_Tehran_Harat",Herat|Istanbul|Mashhad|Sulaymaniyah|Tehran,2678000.00,2657000.00,2678000.00,,,,,2698000.00,,,,,,,,,,toman,"{""Herat"": 2657000.0, ""Istanbul"": 2698000.0, ""Mashhad"": 2665000.0, ""Sulaymaniyah"": 2678000.0, ""Tehran"": 2678000.0}",,,,fresh,73,100,regional_fx_board,2026-10-04T17:22:04+00:00,Istanbul,2698000.0,single_value,USD
bonbast_tehran_harat,قیمت لحظه ای دلار تهران مشهد هرات استانبول سلیمانیه,"١٢-٠٧-١٤٠٥ ٢٠:٥٧:٢٣ دلار آمريکا 🇺🇸 : 268,500 دلار مشهد 🇺🇸 🕌 : 266,500 دلار هرات فردایی ⏳ 🇺🇸 🇦🇫 : 265,700 دلار استانبول 🇺🇸 🇹🇷 : 269,800 دلار سلیمانیه فردایی 🇺🇸 🇹🇯 : 268,400 ➕ 🔺 (600) @Bonbast_Tehran_Harat",Herat|Istanbul|Mashhad|Sulaymaniyah|Tehran,2684000.00,2657000.00,2684000.00,,,,,2698000.00,,,,,,,,,,toman,"{""Herat"": 2657000.0, ""Istanbul"": 2698000.0, ""Mashhad"": 2665000.0, ""Sulaymaniyah"": 2684000.0, ""Tehran"": 2684000.0}",,,,fresh,73,100,regional_fx_board,2026-10-04T17:27:23+00:00,Istanbul,2698000.0,single_value,USD
bonbast_tehran_harat,قیمت لحظه ای دلار تهران مشهد هرات استانبول سلیمانیه,"١٢-٠٧-١٤٠٥ ٢٠:٥٨:٠٢ دلار آمريکا 🇺🇸 : 269,000 ➕ 🔺 (500) دلار مشهد 🇺🇸 🕌 : 266,500 دلار هرات فردایی ⏳ 🇺🇸 🇦🇫 : 265,700 دلار استانبول 🇺🇸 🇹🇷 : 269,800 دلار سلیمانیه فردایی 🇺🇸 🇹🇯 : 268,400 @Bonbast_Tehran_Harat",Herat|Istanbul|Mashhad|Sulaymaniyah|Tehran,2684000.00,2657000.00,2684000.00,,,,,2698000.00,,,,,,,,,,toman,"{""Herat"": 2657000.0, ""Istanbul"": 2698000.0, ""Mashhad"": 2665000.0, ""Sulaymaniyah"": 2684000.0, ""Tehran"": 2684000.0}",,,,fresh,73,100,regional_fx_board,2026-10-04T17:28:02+00:00,Istanbul,2698000.0,single_value,USD
bonbast_tehran_harat,قیمت لحظه ای دلار تهران مشهد هرات استانبول سلیمانیه,"١٢-٠٧-١٤٠٥ ٢٠:٥٨:٢٥ دلار آمريکا 🇺🇸 : 269,200 ➕ 🔺 (200) دلار مشهد 🇺🇸 🕌 : 266,500 دلار هرات فردایی ⏳ 🇺🇸 🇦🇫 : 265,700 دلار استانبول 🇺🇸 🇹🇷 : 269,800 دلار سلیمانیه فردایی 🇺🇸 🇹🇯 : 268,400 @Bonbast_Tehran_Harat",Herat|Istanbul|Mashhad|Sulaymaniyah|Tehran,2684000.00,2657000.00,2684000.00,,,,,2698000.00,,,,,,,,,,toman,"{""Herat"": 2657000.0, ""Istanbul"": 2698000.0, ""Mashhad"": 2665000.0, ""Sulaymaniyah"": 2684000.0, ""Tehran"": 2684000.0}",,,,fresh,73,100,regional_fx_board,2026-10-04T17:28:25+00:00,Istanbul,2698000.0,single_value,USD
bonbast_tehran_harat,قیمت لحظه ای دلار تهران مشهد هرات استانبول سلیمانیه,"١٢-٠٧-١٤٠٥ ٢٠:٥٩:١٤ دلار آمريکا 🇺🇸 : 269,200 دلار مشهد 🇺🇸 🕌 : 266,500 دلار هرات فردایی ⏳ 🇺🇸 🇦🇫 : 265,700 دلار استانبول 🇺🇸 🇹🇷 : 269,800 دلار سلیمانیه فردایی 🇺🇸 🇹🇯 : 268,300 ➖ 🔻 (100) @Bonbast_Tehran_Harat",Herat|Istanbul|Mashhad|Sulaymaniyah|Tehran,2683000.00,2657000.00,2683000.00,,,,,2698000.00,,,,,,,,,,toman,"{""Herat"": 2657000.0, ""Istanbul"": 2698000.0, ""Mashhad"": 2665000.0, ""Sulaymaniyah"": 2683000.0, ""Tehran"": 2683000.0}",,,,fresh,73,100,regional_fx_board,2026-10-04T17:29:14+00:00,Istanbul,2698000.0,single_value,USD
bonbast_tehran_harat,قیمت لحظه ای دلار تهران مشهد هرات استانبول سلیمانیه,"١٢-٠٧-١٤٠٥ ٢١:٠٣:٢١ دلار آمريکا 🇺🇸 : 269,200 دلار مشهد 🇺🇸 🕌 : 266,500 دلار هرات فردایی ⏳ 🇺🇸 🇦🇫 : 265,800 ➕ 🔺 (100) دلار استانبول 🇺🇸 🇹🇷 : 269,800 دلار سلیمانیه فردایی 🇺🇸 🇹🇯 : 268,300 @Bonbast_Tehran_Harat",Herat|Istanbul|Mashhad|Sulaymaniyah|Tehran,2683000.00,2658000.00,2683000.00,,,,,2698000.00,,,,,,,,,,toman,"{""Herat"": 2658000.0, ""Istanbul"": 2698000.0, ""Mashhad"": 2665000.0, ""Sulaymaniyah"": 2683000.0, ""Tehran"": 2683000.0}",,,,fresh,73,100,regional_fx_board,2026-10-04T17:33:21+00:00,Istanbul,2698000.0,single_value,USD
bonbast_tehran_harat,قیمت لحظه ای دلار تهران مشهد هرات استانبول سلیمانیه,"١٢-٠٧-١٤٠٥ ٢١:١٠:٠٨ دلار آمريکا 🇺🇸 : 269,200 دلار مشهد 🇺🇸 🕌 : 266,500 دلار هرات فردایی ⏳ 🇺🇸 🇦🇫 : 265,700 ➖ 🔻 (100) دلار استانبول 🇺🇸 🇹🇷 : 269,800 دلار سلیمانیه فردایی 🇺🇸 🇹🇯 : 268,300 @Bonbast_Tehran_Harat",Herat|Istanbul|Mashhad|Sulaymaniyah|Tehran,2683000.00,2657000.00,2683000.00,,,,,2698000.00,,,,,,,,,,toman,"{""Herat"": 2657000.0, ""Istanbul"": 2698000.0, ""Mashhad"": 2665000.0, ""Sulaymaniyah"": 2683000.0, ""Tehran"": 2683000.0}",,,,fresh,73,100,regional_fx_board,2026-10-04T17:40:09+00:00,Istanbul,2698000.0,single_value,USD
bonbast_tehran_harat,قیمت لحظه ای دلار تهران مشهد هرات استانبول سلیمانیه,"١٢-٠٧-١٤٠٥ ٢٠:٣١:٥٨ دلار آمريکا 🇺🇸 : 268,500 ➕ 🔺 (300) دلار مشهد 🇺🇸 🕌 : 266,600 دلار هرات فردایی ⏳ 🇺🇸 🇦🇫 : 265,200 دلار استانبول 🇺🇸 🇹🇷 : 269,800 دلار سلیمانیه فردایی 🇺🇸 🇹🇯 : 267,800 @Bonbast_Tehran_Harat",Herat|Istanbul|Mashhad|Sulaymaniyah|Tehran,2678000.00,,,,,,,,,,,,,,,,,toman,"{""Mashhad"": 2666000.0, ""Tehran"": 2678000.0}",,,,fresh,73,100,regional_fx_board,2026-10-04T17:01:59+00:00,Mashhad,2666000.0,single_value,USD
bonbast_tehran_harat,قیمت لحظه ای دلار تهران مشهد هرات استانبول سلیمانیه,"١٢-٠٧-١٤٠٥ ٢٠:٣٤:٤٨ دلار آمريکا 🇺🇸 : 268,500 دلار مشهد 🇺🇸 🕌 : 266,600 دلار هرات فردایی ⏳ 🇺🇸 🇦🇫 : 265,400 ➕ 🔺 (200) دلار استانبول 🇺🇸 🇹🇷 : 269,800 دلار سلیمانیه فردایی 🇺🇸 🇹🇯 : 267,800 @Bonbast_Tehran_Harat",Herat|Istanbul|Mashhad|Sulaymaniyah|Tehran,2678000.00,,,,,,,,,,,,,,,,,toman,"{""Mashhad"": 2666000.0, ""Tehran"": 2678000.0}",,,,fresh,73,100,regional_fx_board,2026-10-04T17:04:49+00:00,Mashhad,2666000.0,single_value,USD
bonbast_tehran_harat,قیمت لحظه ای دلار تهران مشهد هرات استانبول سلیمانیه,"١٢-٠٧-١٤٠٥ ٢٠:٣٦:٣٤ دلار آمريکا 🇺🇸 : 268,500 دلار مشهد 🇺🇸 🕌 : 266,600 دلار هرات فردایی ⏳ 🇺🇸 🇦🇫 : 265,500 ➕ 🔺 (100) دلار استانبول 🇺🇸 🇹🇷 : 269,800 دلار سلیمانیه فردایی 🇺🇸 🇹🇯 : 267,800 @Bonbast_Tehran_Harat",Herat|Istanbul|Mashhad|Sulaymaniyah|Tehran,2678000.00,,,,,,,,,,,,,,,,,toman,"{""Mashhad"": 2666000.0, ""Tehran"": 2678000.0}",,,,fresh,73,100,regional_fx_board,2026-10-04T17:06:34+00:00,Mashhad,2666000.0,single_value,USD
bonbast_tehran_harat,قیمت لحظه ای دلار تهران مشهد هرات استانبول سلیمانیه,"١٢-٠٧-١٤٠٥ ٢٠:٣٩:١٢ دلار آمريکا 🇺🇸 : 268,500 دلار مشهد 🇺🇸 🕌 : 266,600 دلار هرات فردایی ⏳ 🇺🇸 🇦🇫 : 265,500 دلار استانبول 🇺🇸 🇹🇷 : 269,800 دلار سلیمانیه فردایی 🇺🇸 🇹🇯 : 268,500 ➕ 🔺 (700) @Bonbast_Tehran_Harat",Herat|Istanbul|Mashhad|Sulaymaniyah|Tehran,2685000.00,,,,,,,,,,,,,,,,,toman,"{""Mashhad"": 2666000.0, ""Tehran"": 2685000.0}",,,,fresh,73,100,regional_fx_board,2026-10-04T17:09:12+00:00,Mashhad,2666000.0,single_value,USD
bonbast_tehran_harat,قیمت لحظه ای دلار تهران مشهد هرات استانبول سلیمانیه,"١٢-٠٧-١٤٠٥ ٢٠:٣٩:٣١ دلار آمريکا 🇺🇸 : 268,500 دلار مشهد 🇺🇸 🕌 : 266,600 دلار هرات فردایی ⏳ 🇺🇸 🇦🇫 : 265,500 دلار استانبول 🇺🇸 🇹🇷 : 269,800 دلار سلیمانیه فردایی 🇺🇸 🇹🇯 : 268,000 ➖ 🔻 (500) @Bonbast_Tehran_Harat",Herat|Istanbul|Mashhad|Sulaymaniyah|Tehran,2680000.00,,,,,,,,,,,,,,,,,toman,"{""Mashhad"": 2666000.0, ""Tehran"": 2680000.0}",,,,fresh,73,100,regional_fx_board,2026-10-04T17:09:31+00:00,Mashhad,2666000.0,single_value,USD
bonbast_tehran_harat,قیمت لحظه ای دلار تهران مشهد هرات استانبول سلیمانیه,"١٢-٠٧-١٤٠٥ ٢٠:٤١:٣٦ دلار آمريکا 🇺🇸 : 268,500 دلار مشهد 🇺🇸 🕌 : 266,800 ➕ 🔺 (200) دلار هرات فردایی ⏳ 🇺🇸 🇦🇫 : 265,500 دلار استانبول 🇺🇸 🇹🇷 : 269,800 دلار سلیمانیه فردایی 🇺🇸 🇹🇯 : 268,000 @Bonbast_Tehran_Harat",Herat|Istanbul|Mashhad|Sulaymaniyah|Tehran,2680000.00,,,,,,,,,,,,,,,,,toman,"{""Mashhad"": 2668000.0, ""Tehran"": 2680000.0}",,,,fresh,73,100,regional_fx_board,2026-10-04T17:11:36+00:00,Mashhad,2668000.0,single_value,USD
bonbast_tehran_harat,قیمت لحظه ای دلار تهران مشهد هرات استانبول سلیمانیه,"١٢-٠٧-١٤٠٥ ٢٠:٤٣:٢٤ دلار آمريکا 🇺🇸 : 268,500 دلار مشهد 🇺🇸 🕌 : 266,800 دلار هرات فردایی ⏳ 🇺🇸 🇦🇫 : 265,500 دلار استانبول 🇺🇸 🇹🇷 : 269,800 دلار سلیمانیه فردایی 🇺🇸 🇹🇯 : 268,500 ➕ 🔺 (500) @Bonbast_Tehran_Harat",Herat|Istanbul|Mashhad|Sulaymaniyah|Tehran,2685000.00,,,,,,,,,,,,,,,,,toman,"{""Mashhad"": 2668000.0, ""Tehran"": 2685000.0}",,,,fresh,73,100,regional_fx_board,2026-10-04T17:13:25+00:00,Mashhad,2668000.0,single_value,USD
bonbast_tehran_harat,قیمت لحظه ای دلار تهران مشهد هرات استانبول سلیمانیه,"١٢-٠٧-١٤٠٥ ٢٠:٤٦:٢٦ دلار آمريکا 🇺🇸 : 268,500 دلار مشهد 🇺🇸 🕌 : 266,800 دلار هرات فردایی ⏳ 🇺🇸 🇦🇫 : 265,600 ➕ 🔺 (100) دلار استانبول 🇺🇸 🇹🇷 : 269,800 دلار سلیمانیه فردایی 🇺🇸 🇹🇯 : 268,500 @Bonbast_Tehran_Harat",Herat|Istanbul|Mashhad|Sulaymaniyah|Tehran,2685000.00,,,,,,,,,,,,,,,,,toman,"{""Mashhad"": 2668000.0, ""Tehran"": 2685000.0}",,,,fresh,73,100,regional_fx_board,2026-10-04T17:16:27+00:00,Mashhad,2668000.0,single_value,USD
bonbast_tehran_harat,قیمت لحظه ای دلار تهران مشهد هرات استانبول سلیمانیه,"١٢-٠٧-١٤٠٥ ٢٠:٤٧:٠٢ دلار آمريکا 🇺🇸 : 268,500 دلار مشهد 🇺🇸 🕌 : 266,800 دلار هرات فردایی ⏳ 🇺🇸 🇦🇫 : 265,600 دلار استانبول 🇺🇸 🇹🇷 : 269,800 دلار سلیمانیه فردایی 🇺🇸 🇹🇯 : 268,000 ➖ 🔻 (500) @Bonbast_Tehran_Harat",Herat|Istanbul|Mashhad|Sulaymaniyah|Tehran,2680000.00,,,,,,,,,,,,,,,,,toman,"{""Mashhad"": 2668000.0, ""Tehran"": 2680000.0}",,,,fresh,73,100,regional_fx_board,2026-10-04T17:17:02+00:00,Mashhad,2668000.0,single_value,USD
bonbast_tehran_harat,قیمت لحظه ای دلار تهران مشهد هرات استانبول سلیمانیه,"١٢-٠٧-١٤٠٥ ٢٠:٤٨:٤٢ دلار آمريکا 🇺🇸 : 268,500 دلار مشهد 🇺🇸 🕌 : 266,800 دلار هرات فردایی ⏳ 🇺🇸 🇦🇫 : 265,700 ➕ 🔺 (100) دلار استانبول 🇺🇸 🇹🇷 : 269,800 دلار سلیمانیه فردایی 🇺🇸 🇹🇯 : 268,000 @Bonbast_Tehran_Harat",Herat|Istanbul|Mashhad|Sulaymaniyah|Tehran,2680000.00,,,,,,,,,,,,,,,,,toman,"{""Mashhad"": 2668000.0, ""Tehran"": 2680000.0}",,,,fresh,73,100,regional_fx_board,2026-10-04T17:18:42+00:00,Mashhad,2668000.0,single_value,USD
bonbast_tehran_harat,قیمت لحظه ای دلار تهران مشهد هرات استانبول سلیمانیه,"١٢-٠٧-١٤٠٥ ٢٠:٤٩:٤٢ دلار آمريکا 🇺🇸 : 268,500 دلار مشهد 🇺🇸 🕌 : 266,800 دلار هرات فردایی ⏳ 🇺🇸 🇦🇫 : 265,700 دلار استانبول 🇺🇸 🇹🇷 : 269,800 دلار سلیمانیه فردایی 🇺🇸 🇹🇯 : 267,800 ➖ 🔻 (200) @Bonbast_Tehran_Harat",Herat|Istanbul|Mashhad|Sulaymaniyah|Tehran,2678000.00,,,,,,,,,,,,,,,,,toman,"{""Mashhad"": 2668000.0, ""Tehran"": 2678000.0}",,,,fresh,73,100,regional_fx_board,2026-10-04T17:19:42+00:00,Mashhad,2668000.0,single_value,USD
bonbast_tehran_harat,قیمت لحظه ای دلار تهران مشهد هرات استانبول سلیمانیه,"١٢-٠٧-١٤٠٥ ٢٠:٥٠:٠٢ دلار آمريکا 🇺🇸 : 268,500 دلار مشهد 🇺🇸 🕌 : 266,800 دلار هرات فردایی ⏳ 🇺🇸 🇦🇫 : 265,800 ➕ 🔺 (100) دلار استانبول 🇺🇸 🇹🇷 : 269,800 دلار سلیمانیه فردایی 🇺🇸 🇹🇯 : 267,800 @Bonbast_Tehran_Harat",Herat|Istanbul|Mashhad|Sulaymaniyah|Tehran,2678000.00,,,,,,,,,,,,,,,,,toman,"{""Mashhad"": 2668000.0, ""Tehran"": 2678000.0}",,,,fresh,73,100,regional_fx_board,2026-10-04T17:20:03+00:00,Mashhad,2668000.0,single_value,USD
bonbast_tehran_harat,قیمت لحظه ای دلار تهران مشهد هرات استانبول سلیمانیه,"١٢-٠٧-١٤٠٥ ٢٠:٥٠:٤٢ دلار آمريکا 🇺🇸 : 268,500 دلار مشهد 🇺🇸 🕌 : 266,500 ➖ 🔻 (300) دلار هرات فردایی ⏳ 🇺🇸 🇦🇫 : 265,800 دلار استانبول 🇺🇸 🇹🇷 : 269,800 دلار سلیمانیه فردایی 🇺🇸 🇹🇯 : 267,800 @Bonbast_Tehran_Harat",Herat|Istanbul|Mashhad|Sulaymaniyah|Tehran,2678000.00,,,,,,,,,,,,,,,,,toman,"{""Mashhad"": 2665000.0, ""Tehran"": 2678000.0}",,,,fresh,73,100,regional_fx_board,2026-10-04T17:20:42+00:00,Mashhad,2665000.0,single_value,USD
bonbast_tehran_harat,قیمت لحظه ای دلار تهران مشهد هرات استانبول سلیمانیه,"١٢-٠٧-١٤٠٥ ٢٠:٥٢:٠٤ دلار آمريکا 🇺🇸 : 268,500 دلار مشهد 🇺🇸 🕌 : 266,500 دلار هرات فردایی ⏳ 🇺🇸 🇦🇫 : 265,700 ➖ 🔻 (100) دلار استانبول 🇺🇸 🇹🇷 : 269,800 دلار سلیمانیه فردایی 🇺🇸 🇹🇯 : 267,800 @Bonbast_Tehran_Harat",Herat|Istanbul|Mashhad|Sulaymaniyah|Tehran,2678000.00,,,,,,,,,,,,,,,,,toman,"{""Mashhad"": 2665000.0, ""Tehran"": 2678000.0}",,,,fresh,73,100,regional_fx_board,2026-10-04T17:22:04+00:00,Mashhad,2665000.0,single_value,USD
bonbast_tehran_harat,قیمت لحظه ای دلار تهران مشهد هرات استانبول سلیمانیه,"١٢-٠٧-١٤٠٥ ٢٠:٥٧:٢٣ دلار آمريکا 🇺🇸 : 268,500 دلار مشهد 🇺🇸 🕌 : 266,500 دلار هرات فردایی ⏳ 🇺🇸 🇦🇫 : 265,700 دلار استانبول 🇺🇸 🇹🇷 : 269,800 دلار سلیمانیه فردایی 🇺🇸 🇹🇯 : 268,400 ➕ 🔺 (600) @Bonbast_Tehran_Harat",Herat|Istanbul|Mashhad|Sulaymaniyah|Tehran,2684000.00,,,,,,,,,,,,,,,,,toman,"{""Mashhad"": 2665000.0, ""Tehran"": 2684000.0}",,,,fresh,73,100,regional_fx_board,2026-10-04T17:27:23+00:00,Mashhad,2665000.0,single_value,USD
bonbast_tehran_harat,قیمت لحظه ای دلار تهران مشهد هرات استانبول سلیمانیه,"١٢-٠٧-١٤٠٥ ٢٠:٥٨:٠٢ دلار آمريکا 🇺🇸 : 269,000 ➕ 🔺 (500) دلار مشهد 🇺🇸 🕌 : 266,500 دلار هرات فردایی ⏳ 🇺🇸 🇦🇫 : 265,700 دلار استانبول 🇺🇸 🇹🇷 : 269,800 دلار سلیمانیه فردایی 🇺🇸 🇹🇯 : 268,400 @Bonbast_Tehran_Harat",Herat|Istanbul|Mashhad|Sulaymaniyah|Tehran,2684000.00,,,,,,,,,,,,,,,,,toman,"{""Mashhad"": 2665000.0, ""Tehran"": 2684000.0}",,,,fresh,73,100,regional_fx_board,2026-10-04T17:28:02+00:00,Mashhad,2665000.0,single_value,USD
bonbast_tehran_harat,قیمت لحظه ای دلار تهران مشهد هرات استانبول سلیمانیه,"١٢-٠٧-١٤٠٥ ٢٠:٥٨:٢٥ دلار آمريکا 🇺🇸 : 269,200 ➕ 🔺 (200) دلار مشهد 🇺🇸 🕌 : 266,500 دلار هرات فردایی ⏳ 🇺🇸 🇦🇫 : 265,700 دلار استانبول 🇺🇸 🇹🇷 : 269,800 دلار سلیمانیه فردایی 🇺🇸 🇹🇯 : 268,400 @Bonbast_Tehran_Harat",Herat|Istanbul|Mashhad|Sulaymaniyah|Tehran,2684000.00,,,,,,,,,,,,,,,,,toman,"{""Mashhad"": 2665000.0, ""Tehran"": 2684000.0}",,,,fresh,73,100,regional_fx_board,2026-10-04T17:28:25+00:00,Mashhad,2665000.0,single_value,USD
bonbast_tehran_harat,قیمت لحظه ای دلار تهران مشهد هرات استانبول سلیمانیه,"١٢-٠٧-١٤٠٥ ٢٠:٥٩:١٤ دلار آمريکا 🇺🇸 : 269,200 دلار مشهد 🇺🇸 🕌 : 266,500 دلار هرات فردایی ⏳ 🇺🇸 🇦🇫 : 265,700 دلار استانبول 🇺🇸 🇹🇷 : 269,800 دلار سلیمانیه فردایی 🇺🇸 🇹🇯 : 268,300 ➖ 🔻 (100) @Bonbast_Tehran_Harat",Herat|Istanbul|Mashhad|Sulaymaniyah|Tehran,2683000.00,,,,,,,,,,,,,,,,,toman,"{""Mashhad"": 2665000.0, ""Tehran"": 2683000.0}",,,,fresh,73,100,regional_fx_board,2026-10-04T17:29:14+00:00,Mashhad,2665000.0,single_value,USD
bonbast_tehran_harat,قیمت لحظه ای دلار تهران مشهد هرات استانبول سلیمانیه,"١٢-٠٧-١٤٠٥ ٢١:٠٣:٢١ دلار آمريکا 🇺🇸 : 269,200 دلار مشهد 🇺🇸 🕌 : 266,500 دلار هرات فردایی ⏳ 🇺🇸 🇦🇫 : 265,800 ➕ 🔺 (100) دلار استانبول 🇺🇸 🇹🇷 : 269,800 دلار سلیمانیه فردایی 🇺🇸 🇹🇯 : 268,300 @Bonbast_Tehran_Harat",Herat|Istanbul|Mashhad|Sulaymaniyah|Tehran,2683000.00,,,,,,,,,,,,,,,,,toman,"{""Mashhad"": 2665000.0, ""Tehran"": 2683000.0}",,,,fresh,73,100,regional_fx_board,2026-10-04T17:33:21+00:00,Mashhad,2665000.0,single_value,USD
bonbast_tehran_harat,قیمت لحظه ای دلار تهران مشهد هرات استانبول سلیمانیه,"١٢-٠٧-١٤٠٥ ٢١:١٠:٠٨ دلار آمريکا 🇺🇸 : 269,200 دلار مشهد 🇺🇸 🕌 : 266,500 دلار هرات فردایی ⏳ 🇺🇸 🇦🇫 : 265,700 ➖ 🔻 (100) دلار استانبول 🇺🇸 🇹🇷 : 269,800 دلار سلیمانیه فردایی 🇺🇸 🇹🇯 : 268,300 @Bonbast_Tehran_Harat",Herat|Istanbul|Mashhad|Sulaymaniyah|Tehran,2683000.00,,,,,,,,,,,,,,,,,toman,"{""Mashhad"": 2665000.0, ""Tehran"": 2683000.0}",,,,fresh,73,100,regional_fx_board,2026-10-04T17:40:09+00:00,Mashhad,2665000.0,single_value,USD
bonbast_tehran_harat,قیمت لحظه ای دلار تهران مشهد هرات استانبول سلیمانیه,"١٢-٠٧-١٤٠٥ ٢٠:٣١:٥٨ دلار آمريکا 🇺🇸 : 268,500 ➕ 🔺 (300) دلار مشهد 🇺🇸 🕌 : 266,600 دلار هرات فردایی ⏳ 🇺🇸 🇦🇫 : 265,200 دلار استانبول 🇺🇸 🇹🇷 : 269,800 دلار سلیمانیه فردایی 🇺🇸 🇹🇯 : 267,800 @Bonbast_Tehran_Harat",Herat|Istanbul|Mashhad|Sulaymaniyah|Tehran,2678000.00,2652000.00,2678000.00,,,,,,,,,,,,,,,toman,"{""Herat"": 2652000.0, ""Mashhad"": 2666000.0, ""Sulaymaniyah"": 2678000.0, ""Tehran"": 2678000.0}",,,,fresh,73,100,regional_fx_board,2026-10-04T17:01:59+00:00,Sulaymaniyah,2678000.0,single_value,USD
bonbast_tehran_harat,قیمت لحظه ای دلار تهران مشهد هرات استانبول سلیمانیه,"١٢-٠٧-١٤٠٥ ٢٠:٣٤:٤٨ دلار آمريکا 🇺🇸 : 268,500 دلار مشهد 🇺🇸 🕌 : 266,600 دلار هرات فردایی ⏳ 🇺🇸 🇦🇫 : 265,400 ➕ 🔺 (200) دلار استانبول 🇺🇸 🇹🇷 : 269,800 دلار سلیمانیه فردایی 🇺🇸 🇹🇯 : 267,800 @Bonbast_Tehran_Harat",Herat|Istanbul|Mashhad|Sulaymaniyah|Tehran,2678000.00,2654000.00,2678000.00,,,,,,,,,,,,,,,toman,"{""Herat"": 2654000.0, ""Mashhad"": 2666000.0, ""Sulaymaniyah"": 2678000.0, ""Tehran"": 2678000.0}",,,,fresh,73,100,regional_fx_board,2026-10-04T17:04:49+00:00,Sulaymaniyah,2678000.0,single_value,USD
bonbast_tehran_harat,قیمت لحظه ای دلار تهران مشهد هرات استانبول سلیمانیه,"١٢-٠٧-١٤٠٥ ٢٠:٣٦:٣٤ دلار آمريکا 🇺🇸 : 268,500 دلار مشهد 🇺🇸 🕌 : 266,600 دلار هرات فردایی ⏳ 🇺🇸 🇦🇫 : 265,500 ➕ 🔺 (100) دلار استانبول 🇺🇸 🇹🇷 : 269,800 دلار سلیمانیه فردایی 🇺🇸 🇹🇯 : 267,800 @Bonbast_Tehran_Harat",Herat|Istanbul|Mashhad|Sulaymaniyah|Tehran,2678000.00,2655000.00,2678000.00,,,,,,,,,,,,,,,toman,"{""Herat"": 2655000.0, ""Mashhad"": 2666000.0, ""Sulaymaniyah"": 2678000.0, ""Tehran"": 2678000.0}",,,,fresh,73,100,regional_fx_board,2026-10-04T17:06:34+00:00,Sulaymaniyah,2678000.0,single_value,USD
bonbast_tehran_harat,قیمت لحظه ای دلار تهران مشهد هرات استانبول سلیمانیه,"١٢-٠٧-١٤٠٥ ٢٠:٣٩:١٢ دلار آمريکا 🇺🇸 : 268,500 دلار مشهد 🇺🇸 🕌 : 266,600 دلار هرات فردایی ⏳ 🇺🇸 🇦🇫 : 265,500 دلار استانبول 🇺🇸 🇹🇷 : 269,800 دلار سلیمانیه فردایی 🇺🇸 🇹🇯 : 268,500 ➕ 🔺 (700) @Bonbast_Tehran_Harat",Herat|Istanbul|Mashhad|Sulaymaniyah|Tehran,2685000.00,2655000.00,2685000.00,,,,,,,,,,,,,,,toman,"{""Herat"": 2655000.0, ""Mashhad"": 2666000.0, ""Sulaymaniyah"": 2685000.0, ""Tehran"": 2685000.0}",,,,fresh,73,100,regional_fx_board,2026-10-04T17:09:12+00:00,Sulaymaniyah,2685000.0,single_value,USD
bonbast_tehran_harat,قیمت لحظه ای دلار تهران مشهد هرات استانبول سلیمانیه,"١٢-٠٧-١٤٠٥ ٢٠:٣٩:٣١ دلار آمريکا 🇺🇸 : 268,500 دلار مشهد 🇺🇸 🕌 : 266,600 دلار هرات فردایی ⏳ 🇺🇸 🇦🇫 : 265,500 دلار استانبول 🇺🇸 🇹🇷 : 269,800 دلار سلیمانیه فردایی 🇺🇸 🇹🇯 : 268,000 ➖ 🔻 (500) @Bonbast_Tehran_Harat",Herat|Istanbul|Mashhad|Sulaymaniyah|Tehran,2680000.00,2655000.00,2680000.00,,,,,,,,,,,,,,,toman,"{""Herat"": 2655000.0, ""Mashhad"": 2666000.0, ""Sulaymaniyah"": 2680000.0, ""Tehran"": 2680000.0}",,,,fresh,73,100,regional_fx_board,2026-10-04T17:09:31+00:00,Sulaymaniyah,2680000.0,single_value,USD
bonbast_tehran_harat,قیمت لحظه ای دلار تهران مشهد هرات استانبول سلیمانیه,"١٢-٠٧-١٤٠٥ ٢٠:٤١:٣٦ دلار آمريکا 🇺🇸 : 268,500 دلار مشهد 🇺🇸 🕌 : 266,800 ➕ 🔺 (200) دلار هرات فردایی ⏳ 🇺🇸 🇦🇫 : 265,500 دلار استانبول 🇺🇸 🇹🇷 : 269,800 دلار سلیمانیه فردایی 🇺🇸 🇹🇯 : 268,000 @Bonbast_Tehran_Harat",Herat|Istanbul|Mashhad|Sulaymaniyah|Tehran,2680000.00,2655000.00,2680000.00,,,,,,,,,,,,,,,toman,"{""Herat"": 2655000.0, ""Mashhad"": 2668000.0, ""Sulaymaniyah"": 2680000.0, ""Tehran"": 2680000.0}",,,,fresh,73,100,regional_fx_board,2026-10-04T17:11:36+00:00,Sulaymaniyah,2680000.0,single_value,USD
bonbast_tehran_harat,قیمت لحظه ای دلار تهران مشهد هرات استانبول سلیمانیه,"١٢-٠٧-١٤٠٥ ٢٠:٤٣:٢٤ دلار آمريکا 🇺🇸 : 268,500 دلار مشهد 🇺🇸 🕌 : 266,800 دلار هرات فردایی ⏳ 🇺🇸 🇦🇫 : 265,500 دلار استانبول 🇺🇸 🇹🇷 : 269,800 دلار سلیمانیه فردایی 🇺🇸 🇹🇯 : 268,500 ➕ 🔺 (500) @Bonbast_Tehran_Harat",Herat|Istanbul|Mashhad|Sulaymaniyah|Tehran,2685000.00,2655000.00,2685000.00,,,,,,,,,,,,,,,toman,"{""Herat"": 2655000.0, ""Mashhad"": 2668000.0, ""Sulaymaniyah"": 2685000.0, ""Tehran"": 2685000.0}",,,,fresh,73,100,regional_fx_board,2026-10-04T17:13:25+00:00,Sulaymaniyah,2685000.0,single_value,USD
bonbast_tehran_harat,قیمت لحظه ای دلار تهران مشهد هرات استانبول سلیمانیه,"١٢-٠٧-١٤٠٥ ٢٠:٤٦:٢٦ دلار آمريکا 🇺🇸 : 268,500 دلار مشهد 🇺🇸 🕌 : 266,800 دلار هرات فردایی ⏳ 🇺🇸 🇦🇫 : 265,600 ➕ 🔺 (100) دلار استانبول 🇺🇸 🇹🇷 : 269,800 دلار سلیمانیه فردایی 🇺🇸 🇹🇯 : 268,500 @Bonbast_Tehran_Harat",Herat|Istanbul|Mashhad|Sulaymaniyah|Tehran,2685000.00,2656000.00,2685000.00,,,,,,,,,,,,,,,toman,"{""Herat"": 2656000.0, ""Mashhad"": 2668000.0, ""Sulaymaniyah"": 2685000.0, ""Tehran"": 2685000.0}",,,,fresh,73,100,regional_fx_board,2026-10-04T17:16:27+00:00,Sulaymaniyah,2685000.0,single_value,USD
bonbast_tehran_harat,قیمت لحظه ای دلار تهران مشهد هرات استانبول سلیمانیه,"١٢-٠٧-١٤٠٥ ٢٠:٤٧:٠٢ دلار آمريکا 🇺🇸 : 268,500 دلار مشهد 🇺🇸 🕌 : 266,800 دلار هرات فردایی ⏳ 🇺🇸 🇦🇫 : 265,600 دلار استانبول 🇺🇸 🇹🇷 : 269,800 دلار سلیمانیه فردایی 🇺🇸 🇹🇯 : 268,000 ➖ 🔻 (500) @Bonbast_Tehran_Harat",Herat|Istanbul|Mashhad|Sulaymaniyah|Tehran,2680000.00,2656000.00,2680000.00,,,,,,,,,,,,,,,toman,"{""Herat"": 2656000.0, ""Mashhad"": 2668000.0, ""Sulaymaniyah"": 2680000.0, ""Tehran"": 2680000.0}",,,,fresh,73,100,regional_fx_board,2026-10-04T17:17:02+00:00,Sulaymaniyah,2680000.0,single_value,USD
bonbast_tehran_harat,قیمت لحظه ای دلار تهران مشهد هرات استانبول سلیمانیه,"١٢-٠٧-١٤٠٥ ٢٠:٤٨:٤٢ دلار آمريکا 🇺🇸 : 268,500 دلار مشهد 🇺🇸 🕌 : 266,800 دلار هرات فردایی ⏳ 🇺🇸 🇦🇫 : 265,700 ➕ 🔺 (100) دلار استانبول 🇺🇸 🇹🇷 : 269,800 دلار سلیمانیه فردایی 🇺🇸 🇹🇯 : 268,000 @Bonbast_Tehran_Harat",Herat|Istanbul|Mashhad|Sulaymaniyah|Tehran,2680000.00,2657000.00,2680000.00,,,,,,,,,,,,,,,toman,"{""Herat"": 2657000.0, ""Mashhad"": 2668000.0, ""Sulaymaniyah"": 2680000.0, ""Tehran"": 2680000.0}",,,,fresh,73,100,regional_fx_board,2026-10-04T17:18:42+00:00,Sulaymaniyah,2680000.0,single_value,USD
bonbast_tehran_harat,قیمت لحظه ای دلار تهران مشهد هرات استانبول سلیمانیه,"١٢-٠٧-١٤٠٥ ٢٠:٤٩:٤٢ دلار آمريکا 🇺🇸 : 268,500 دلار مشهد 🇺🇸 🕌 : 266,800 دلار هرات فردایی ⏳ 🇺🇸 🇦🇫 : 265,700 دلار استانبول 🇺🇸 🇹🇷 : 269,800 دلار سلیمانیه فردایی 🇺🇸 🇹🇯 : 267,800 ➖ 🔻 (200) @Bonbast_Tehran_Harat",Herat|Istanbul|Mashhad|Sulaymaniyah|Tehran,2678000.00,2657000.00,2678000.00,,,,,,,,,,,,,,,toman,"{""Herat"": 2657000.0, ""Mashhad"": 2668000.0, ""Sulaymaniyah"": 2678000.0, ""Tehran"": 2678000.0}",,,,fresh,73,100,regional_fx_board,2026-10-04T17:19:42+00:00,Sulaymaniyah,2678000.0,single_value,USD
bonbast_tehran_harat,قیمت لحظه ای دلار تهران مشهد هرات استانبول سلیمانیه,"١٢-٠٧-١٤٠٥ ٢٠:٥٠:٠٢ دلار آمريکا 🇺🇸 : 268,500 دلار مشهد 🇺🇸 🕌 : 266,800 دلار هرات فردایی ⏳ 🇺🇸 🇦🇫 : 265,800 ➕ 🔺 (100) دلار استانبول 🇺🇸 🇹🇷 : 269,800 دلار سلیمانیه فردایی 🇺🇸 🇹🇯 : 267,800 @Bonbast_Tehran_Harat",Herat|Istanbul|Mashhad|Sulaymaniyah|Tehran,2678000.00,2658000.00,2678000.00,,,,,,,,,,,,,,,toman,"{""Herat"": 2658000.0, ""Mashhad"": 2668000.0, ""Sulaymaniyah"": 2678000.0, ""Tehran"": 2678000.0}",,,,fresh,73,100,regional_fx_board,2026-10-04T17:20:03+00:00,Sulaymaniyah,2678000.0,single_value,USD
bonbast_tehran_harat,قیمت لحظه ای دلار تهران مشهد هرات استانبول سلیمانیه,"١٢-٠٧-١٤٠٥ ٢٠:٥٠:٤٢ دلار آمريکا 🇺🇸 : 268,500 دلار مشهد 🇺🇸 🕌 : 266,500 ➖ 🔻 (300) دلار هرات فردایی ⏳ 🇺🇸 🇦🇫 : 265,800 دلار استانبول 🇺🇸 🇹🇷 : 269,800 دلار سلیمانیه فردایی 🇺🇸 🇹🇯 : 267,800 @Bonbast_Tehran_Harat",Herat|Istanbul|Mashhad|Sulaymaniyah|Tehran,2678000.00,2658000.00,2678000.00,,,,,,,,,,,,,,,toman,"{""Herat"": 2658000.0, ""Mashhad"": 2665000.0, ""Sulaymaniyah"": 2678000.0, ""Tehran"": 2678000.0}",,,,fresh,73,100,regional_fx_board,2026-10-04T17:20:42+00:00,Sulaymaniyah,2678000.0,single_value,USD
bonbast_tehran_harat,قیمت لحظه ای دلار تهران مشهد هرات استانبول سلیمانیه,"١٢-٠٧-١٤٠٥ ٢٠:٥٢:٠٤ دلار آمريکا 🇺🇸 : 268,500 دلار مشهد 🇺🇸 🕌 : 266,500 دلار هرات فردایی ⏳ 🇺🇸 🇦🇫 : 265,700 ➖ 🔻 (100) دلار استانبول 🇺🇸 🇹🇷 : 269,800 دلار سلیمانیه فردایی 🇺🇸 🇹🇯 : 267,800 @Bonbast_Tehran_Harat",Herat|Istanbul|Mashhad|Sulaymaniyah|Tehran,2678000.00,2657000.00,2678000.00,,,,,,,,,,,,,,,toman,"{""Herat"": 2657000.0, ""Mashhad"": 2665000.0, ""Sulaymaniyah"": 2678000.0, ""Tehran"": 2678000.0}",,,,fresh,73,100,regional_fx_board,2026-10-04T17:22:04+00:00,Sulaymaniyah,2678000.0,single_value,USD
bonbast_tehran_harat,قیمت لحظه ای دلار تهران مشهد هرات استانبول سلیمانیه,"١٢-٠٧-١٤٠٥ ٢٠:٥٧:٢٣ دلار آمريکا 🇺🇸 : 268,500 دلار مشهد 🇺🇸 🕌 : 266,500 دلار هرات فردایی ⏳ 🇺🇸 🇦🇫 : 265,700 دلار استانبول 🇺🇸 🇹🇷 : 269,800 دلار سلیمانیه فردایی 🇺🇸 🇹🇯 : 268,400 ➕ 🔺 (600) @Bonbast_Tehran_Harat",Herat|Istanbul|Mashhad|Sulaymaniyah|Tehran,2684000.00,2657000.00,2684000.00,,,,,,,,,,,,,,,toman,"{""Herat"": 2657000.0, ""Mashhad"": 2665000.0, ""Sulaymaniyah"": 2684000.0, ""Tehran"": 2684000.0}",,,,fresh,73,100,regional_fx_board,2026-10-04T17:27:23+00:00,Sulaymaniyah,2684000.0,single_value,USD
bonbast_tehran_harat,قیمت لحظه ای دلار تهران مشهد هرات استانبول سلیمانیه,"١٢-٠٧-١٤٠٥ ٢٠:٥٨:٠٢ دلار آمريکا 🇺🇸 : 269,000 ➕ 🔺 (500) دلار مشهد 🇺🇸 🕌 : 266,500 دلار هرات فردایی ⏳ 🇺🇸 🇦🇫 : 265,700 دلار استانبول 🇺🇸 🇹🇷 : 269,800 دلار سلیمانیه فردایی 🇺🇸 🇹🇯 : 268,400 @Bonbast_Tehran_Harat",Herat|Istanbul|Mashhad|Sulaymaniyah|Tehran,2684000.00,2657000.00,2684000.00,,,,,,,,,,,,,,,toman,"{""Herat"": 2657000.0, ""Mashhad"": 2665000.0, ""Sulaymaniyah"": 2684000.0, ""Tehran"": 2684000.0}",,,,fresh,73,100,regional_fx_board,2026-10-04T17:28:02+00:00,Sulaymaniyah,2684000.0,single_value,USD
bonbast_tehran_harat,قیمت لحظه ای دلار تهران مشهد هرات استانبول سلیمانیه,"١٢-٠٧-١٤٠٥ ٢٠:٥٨:٢٥ دلار آمريکا 🇺🇸 : 269,200 ➕ 🔺 (200) دلار مشهد 🇺🇸 🕌 : 266,500 دلار هرات فردایی ⏳ 🇺🇸 🇦🇫 : 265,700 دلار استانبول 🇺🇸 🇹🇷 : 269,800 دلار سلیمانیه فردایی 🇺🇸 🇹🇯 : 268,400 @Bonbast_Tehran_Harat",Herat|Istanbul|Mashhad|Sulaymaniyah|Tehran,2684000.00,2657000.00,2684000.00,,,,,,,,,,,,,,,toman,"{""Herat"": 2657000.0, ""Mashhad"": 2665000.0, ""Sulaymaniyah"": 2684000.0, ""Tehran"": 2684000.0}",,,,fresh,73,100,regional_fx_board,2026-10-04T17:28:25+00:00,Sulaymaniyah,2684000.0,single_value,USD
bonbast_tehran_harat,قیمت لحظه ای دلار تهران مشهد هرات استانبول سلیمانیه,"١٢-٠٧-١٤٠٥ ٢٠:٥٩:١٤ دلار آمريکا 🇺🇸 : 269,200 دلار مشهد 🇺🇸 🕌 : 266,500 دلار هرات فردایی ⏳ 🇺🇸 🇦🇫 : 265,700 دلار استانبول 🇺🇸 🇹🇷 : 269,800 دلار سلیمانیه فردایی 🇺🇸 🇹🇯 : 268,300 ➖ 🔻 (100) @Bonbast_Tehran_Harat",Herat|Istanbul|Mashhad|Sulaymaniyah|Tehran,2683000.00,2657000.00,2683000.00,,,,,,,,,,,,,,,toman,"{""Herat"": 2657000.0, ""Mashhad"": 2665000.0, ""Sulaymaniyah"": 2683000.0, ""Tehran"": 2683000.0}",,,,fresh,73,100,regional_fx_board,2026-10-04T17:29:14+00:00,Sulaymaniyah,2683000.0,single_value,USD
bonbast_tehran_harat,قیمت لحظه ای دلار تهران مشهد هرات استانبول سلیمانیه,"١٢-٠٧-١٤٠٥ ٢١:٠٣:٢١ دلار آمريکا 🇺🇸 : 269,200 دلار مشهد 🇺🇸 🕌 : 266,500 دلار هرات فردایی ⏳ 🇺🇸 🇦🇫 : 265,800 ➕ 🔺 (100) دلار استانبول 🇺🇸 🇹🇷 : 269,800 دلار سلیمانیه فردایی 🇺🇸 🇹🇯 : 268,300 @Bonbast_Tehran_Harat",Herat|Istanbul|Mashhad|Sulaymaniyah|Tehran,2683000.00,2658000.00,2683000.00,,,,,,,,,,,,,,,toman,"{""Herat"": 2658000.0, ""Mashhad"": 2665000.0, ""Sulaymaniyah"": 2683000.0, ""Tehran"": 2683000.0}",,,,fresh,73,100,regional_fx_board,2026-10-04T17:33:21+00:00,Sulaymaniyah,2683000.0,single_value,USD
bonbast_tehran_harat,قیمت لحظه ای دلار تهران مشهد هرات استانبول سلیمانیه,"١٢-٠٧-١٤٠٥ ٢١:١٠:٠٨ دلار آمريکا 🇺🇸 : 269,200 دلار مشهد 🇺🇸 🕌 : 266,500 دلار هرات فردایی ⏳ 🇺🇸 🇦🇫 : 265,700 ➖ 🔻 (100) دلار استانبول 🇺🇸 🇹🇷 : 269,800 دلار سلیمانیه فردایی 🇺🇸 🇹🇯 : 268,300 @Bonbast_Tehran_Harat",Herat|Istanbul|Mashhad|Sulaymaniyah|Tehran,2683000.00,2657000.00,2683000.00,,,,,,,,,,,,,,,toman,"{""Herat"": 2657000.0, ""Mashhad"": 2665000.0, ""Sulaymaniyah"": 2683000.0, ""Tehran"": 2683000.0}",,,,fresh,73,100,regional_fx_board,2026-10-04T17:40:09+00:00,Sulaymaniyah,2683000.0,single_value,USD
bonbast_tehran_harat,قیمت لحظه ای دلار تهران مشهد هرات استانبول سلیمانیه,"١٢-٠٧-١٤٠٥ ٢٠:٣١:٥٨ دلار آمريکا 🇺🇸 : 268,500 ➕ 🔺 (300) دلار مشهد 🇺🇸 🕌 : 266,600 دلار هرات فردایی ⏳ 🇺🇸 🇦🇫 : 265,200 دلار استانبول 🇺🇸 🇹🇷 : 269,800 دلار سلیمانیه فردایی 🇺🇸 🇹🇯 : 267,800 @Bonbast_Tehran_Harat",Herat|Istanbul|Mashhad|Sulaymaniyah|Tehran,2678000.00,,,,,,,,,,,,,,,,,toman,"{""Tehran"": 2678000.0}",,,,fresh,73,100,regional_fx_board,2026-10-04T17:01:59+00:00,Tehran,2678000.0,single_value,USD
bonbast_tehran_harat,قیمت لحظه ای دلار تهران مشهد هرات استانبول سلیمانیه,"١٢-٠٧-١٤٠٥ ٢٠:٣٤:٤٨ دلار آمريکا 🇺🇸 : 268,500 دلار مشهد 🇺🇸 🕌 : 266,600 دلار هرات فردایی ⏳ 🇺🇸 🇦🇫 : 265,400 ➕ 🔺 (200) دلار استانبول 🇺🇸 🇹🇷 : 269,800 دلار سلیمانیه فردایی 🇺🇸 🇹🇯 : 267,800 @Bonbast_Tehran_Harat",Herat|Istanbul|Mashhad|Sulaymaniyah|Tehran,2678000.00,,,,,,,,,,,,,,,,,toman,"{""Tehran"": 2678000.0}",,,,fresh,73,100,regional_fx_board,2026-10-04T17:04:49+00:00,Tehran,2678000.0,single_value,USD
bonbast_tehran_harat,قیمت لحظه ای دلار تهران مشهد هرات استانبول سلیمانیه,"١٢-٠٧-١٤٠٥ ٢٠:٣٦:٣٤ دلار آمريکا 🇺🇸 : 268,500 دلار مشهد 🇺🇸 🕌 : 266,600 دلار هرات فردایی ⏳ 🇺🇸 🇦🇫 : 265,500 ➕ 🔺 (100) دلار استانبول 🇺🇸 🇹🇷 : 269,800 دلار سلیمانیه فردایی 🇺🇸 🇹🇯 : 267,800 @Bonbast_Tehran_Harat",Herat|Istanbul|Mashhad|Sulaymaniyah|Tehran,2678000.00,,,,,,,,,,,,,,,,,toman,"{""Tehran"": 2678000.0}",,,,fresh,73,100,regional_fx_board,2026-10-04T17:06:34+00:00,Tehran,2678000.0,single_value,USD
bonbast_tehran_harat,قیمت لحظه ای دلار تهران مشهد هرات استانبول سلیمانیه,"١٢-٠٧-١٤٠٥ ٢٠:٣٩:١٢ دلار آمريکا 🇺🇸 : 268,500 دلار مشهد 🇺🇸 🕌 : 266,600 دلار هرات فردایی ⏳ 🇺🇸 🇦🇫 : 265,500 دلار استانبول 🇺🇸 🇹🇷 : 269,800 دلار سلیمانیه فردایی 🇺🇸 🇹🇯 : 268,500 ➕ 🔺 (700) @Bonbast_Tehran_Harat",Herat|Istanbul|Mashhad|Sulaymaniyah|Tehran,2685000.00,,,,,,,,,,,,,,,,,toman,"{""Tehran"": 2685000.0}",,,,fresh,73,100,regional_fx_board,2026-10-04T17:09:12+00:00,Tehran,2685000.0,single_value,USD
bonbast_tehran_harat,قیمت لحظه ای دلار تهران مشهد هرات استانبول سلیمانیه,"١٢-٠٧-١٤٠٥ ٢٠:٣٩:٣١ دلار آمريکا 🇺🇸 : 268,500 دلار مشهد 🇺🇸 🕌 : 266,600 دلار هرات فردایی ⏳ 🇺🇸 🇦🇫 : 265,500 دلار استانبول 🇺🇸 🇹🇷 : 269,800 دلار سلیمانیه فردایی 🇺🇸 🇹🇯 : 268,000 ➖ 🔻 (500) @Bonbast_Tehran_Harat",Herat|Istanbul|Mashhad|Sulaymaniyah|Tehran,2680000.00,,,,,,,,,,,,,,,,,toman,"{""Tehran"": 2680000.0}",,,,fresh,73,100,regional_fx_board,2026-10-04T17:09:31+00:00,Tehran,2680000.0,single_value,USD
bonbast_tehran_harat,قیمت لحظه ای دلار تهران مشهد هرات استانبول سلیمانیه,"١٢-٠٧-١٤٠٥ ٢٠:٤١:٣٦ دلار آمريکا 🇺🇸 : 268,500 دلار مشهد 🇺🇸 🕌 : 266,800 ➕ 🔺 (200) دلار هرات فردایی ⏳ 🇺🇸 🇦🇫 : 265,500 دلار استانبول 🇺🇸 🇹🇷 : 269,800 دلار سلیمانیه فردایی 🇺🇸 🇹🇯 : 268,000 @Bonbast_Tehran_Harat",Herat|Istanbul|Mashhad|Sulaymaniyah|Tehran,2680000.00,,,,,,,,,,,,,,,,,toman,"{""Tehran"": 2680000.0}",,,,fresh,73,100,regional_fx_board,2026-10-04T17:11:36+00:00,Tehran,2680000.0,single_value,USD
bonbast_tehran_harat,قیمت لحظه ای دلار تهران مشهد هرات استانبول سلیمانیه,"١٢-٠٧-١٤٠٥ ٢٠:٤٣:٢٤ دلار آمريکا 🇺🇸 : 268,500 دلار مشهد 🇺🇸 🕌 : 266,800 دلار هرات فردایی ⏳ 🇺🇸 🇦🇫 : 265,500 دلار استانبول 🇺🇸 🇹🇷 : 269,800 دلار سلیمانیه فردایی 🇺🇸 🇹🇯 : 268,500 ➕ 🔺 (500) @Bonbast_Tehran_Harat",Herat|Istanbul|Mashhad|Sulaymaniyah|Tehran,2685000.00,,,,,,,,,,,,,,,,,toman,"{""Tehran"": 2685000.0}",,,,fresh,73,100,regional_fx_board,2026-10-04T17:13:25+00:00,Tehran,2685000.0,single_value,USD
bonbast_tehran_harat,قیمت لحظه ای دلار تهران مشهد هرات استانبول سلیمانیه,"١٢-٠٧-١٤٠٥ ٢٠:٤٦:٢٦ دلار آمريکا 🇺🇸 : 268,500 دلار مشهد 🇺🇸 🕌 : 266,800 دلار هرات فردایی ⏳ 🇺🇸 🇦🇫 : 265,600 ➕ 🔺 (100) دلار استانبول 🇺🇸 🇹🇷 : 269,800 دلار سلیمانیه فردایی 🇺🇸 🇹🇯 : 268,500 @Bonbast_Tehran_Harat",Herat|Istanbul|Mashhad|Sulaymaniyah|Tehran,2685000.00,,,,,,,,,,,,,,,,,toman,"{""Tehran"": 2685000.0}",,,,fresh,73,100,regional_fx_board,2026-10-04T17:16:27+00:00,Tehran,2685000.0,single_value,USD
bonbast_tehran_harat,قیمت لحظه ای دلار تهران مشهد هرات استانبول سلیمانیه,"١٢-٠٧-١٤٠٥ ٢٠:٤٧:٠٢ دلار آمريکا 🇺🇸 : 268,500 دلار مشهد 🇺🇸 🕌 : 266,800 دلار هرات فردایی ⏳ 🇺🇸 🇦🇫 : 265,600 دلار استانبول 🇺🇸 🇹🇷 : 269,800 دلار سلیمانیه فردایی 🇺🇸 🇹🇯 : 268,000 ➖ 🔻 (500) @Bonbast_Tehran_Harat",Herat|Istanbul|Mashhad|Sulaymaniyah|Tehran,2680000.00,,,,,,,,,,,,,,,,,toman,"{""Tehran"": 2680000.0}",,,,fresh,73,100,regional_fx_board,2026-10-04T17:17:02+00:00,Tehran,2680000.0,single_value,USD
bonbast_tehran_harat,قیمت لحظه ای دلار تهران مشهد هرات استانبول سلیمانیه,"١٢-٠٧-١٤٠٥ ٢٠:٤٨:٤٢ دلار آمريکا 🇺🇸 : 268,500 دلار مشهد 🇺🇸 🕌 : 266,800 دلار هرات فردایی ⏳ 🇺🇸 🇦🇫 : 265,700 ➕ 🔺 (100) دلار استانبول 🇺🇸 🇹🇷 : 269,800 دلار سلیمانیه فردایی 🇺🇸 🇹🇯 : 268,000 @Bonbast_Tehran_Harat",Herat|Istanbul|Mashhad|Sulaymaniyah|Tehran,2680000.00,,,,,,,,,,,,,,,,,toman,"{""Tehran"": 2680000.0}",,,,fresh,73,100,regional_fx_board,2026-10-04T17:18:42+00:00,Tehran,2680000.0,single_value,USD
bonbast_tehran_harat,قیمت لحظه ای دلار تهران مشهد هرات استانبول سلیمانیه,"١٢-٠٧-١٤٠٥ ٢٠:٤٩:٤٢ دلار آمريکا 🇺🇸 : 268,500 دلار مشهد 🇺🇸 🕌 : 266,800 دلار هرات فردایی ⏳ 🇺🇸 🇦🇫 : 265,700 دلار استانبول 🇺🇸 🇹🇷 : 269,800 دلار سلیمانیه فردایی 🇺🇸 🇹🇯 : 267,800 ➖ 🔻 (200) @Bonbast_Tehran_Harat",Herat|Istanbul|Mashhad|Sulaymaniyah|Tehran,2678000.00,,,,,,,,,,,,,,,,,toman,"{""Tehran"": 2678000.0}",,,,fresh,73,100,regional_fx_board,2026-10-04T17:19:42+00:00,Tehran,2678000.0,single_value,USD
bonbast_tehran_harat,قیمت لحظه ای دلار تهران مشهد هرات استانبول سلیمانیه,"١٢-٠٧-١٤٠٥ ٢٠:٥٠:٠٢ دلار آمريکا 🇺🇸 : 268,500 دلار مشهد 🇺🇸 🕌 : 266,800 دلار هرات فردایی ⏳ 🇺🇸 🇦🇫 : 265,800 ➕ 🔺 (100) دلار استانبول 🇺🇸 🇹🇷 : 269,800 دلار سلیمانیه فردایی 🇺🇸 🇹🇯 : 267,800 @Bonbast_Tehran_Harat",Herat|Istanbul|Mashhad|Sulaymaniyah|Tehran,2678000.00,,,,,,,,,,,,,,,,,toman,"{""Tehran"": 2678000.0}",,,,fresh,73,100,regional_fx_board,2026-10-04T17:20:03+00:00,Tehran,2678000.0,single_value,USD
bonbast_tehran_harat,قیمت لحظه ای دلار تهران مشهد هرات استانبول سلیمانیه,"١٢-٠٧-١٤٠٥ ٢٠:٥٠:٤٢ دلار آمريکا 🇺🇸 : 268,500 دلار مشهد 🇺🇸 🕌 : 266,500 ➖ 🔻 (300) دلار هرات فردایی ⏳ 🇺🇸 🇦🇫 : 265,800 دلار استانبول 🇺🇸 🇹🇷 : 269,800 دلار سلیمانیه فردایی 🇺🇸 🇹🇯 : 267,800 @Bonbast_Tehran_Harat",Herat|Istanbul|Mashhad|Sulaymaniyah|Tehran,2678000.00,,,,,,,,,,,,,,,,,toman,"{""Tehran"": 2678000.0}",,,,fresh,73,100,regional_fx_board,2026-10-04T17:20:42+00:00,Tehran,2678000.0,single_value,USD
bonbast_tehran_harat,قیمت لحظه ای دلار تهران مشهد هرات استانبول سلیمانیه,"١٢-٠٧-١٤٠٥ ٢٠:٥٢:٠٤ دلار آمريکا 🇺🇸 : 268,500 دلار مشهد 🇺🇸 🕌 : 266,500 دلار هرات فردایی ⏳ 🇺🇸 🇦🇫 : 265,700 ➖ 🔻 (100) دلار استانبول 🇺🇸 🇹🇷 : 269,800 دلار سلیمانیه فردایی 🇺🇸 🇹🇯 : 267,800 @Bonbast_Tehran_Harat",Herat|Istanbul|Mashhad|Sulaymaniyah|Tehran,2678000.00,,,,,,,,,,,,,,,,,toman,"{""Tehran"": 2678000.0}",,,,fresh,73,100,regional_fx_board,2026-10-04T17:22:04+00:00,Tehran,2678000.0,single_value,USD
bonbast_tehran_harat,قیمت لحظه ای دلار تهران مشهد هرات استانبول سلیمانیه,"١٢-٠٧-١٤٠٥ ٢٠:٥٧:٢٣ دلار آمريکا 🇺🇸 : 268,500 دلار مشهد 🇺🇸 🕌 : 266,500 دلار هرات فردایی ⏳ 🇺🇸 🇦🇫 : 265,700 دلار استانبول 🇺🇸 🇹🇷 : 269,800 دلار سلیمانیه فردایی 🇺🇸 🇹🇯 : 268,400 ➕ 🔺 (600) @Bonbast_Tehran_Harat",Herat|Istanbul|Mashhad|Sulaymaniyah|Tehran,2684000.00,,,,,,,,,,,,,,,,,toman,"{""Tehran"": 2684000.0}",,,,fresh,73,100,regional_fx_board,2026-10-04T17:27:23+00:00,Tehran,2684000.0,single_value,USD
bonbast_tehran_harat,قیمت لحظه ای دلار تهران مشهد هرات استانبول سلیمانیه,"١٢-٠٧-١٤٠٥ ٢٠:٥٨:٠٢ دلار آمريکا 🇺🇸 : 269,000 ➕ 🔺 (500) دلار مشهد 🇺🇸 🕌 : 266,500 دلار هرات فردایی ⏳ 🇺🇸 🇦🇫 : 265,700 دلار استانبول 🇺🇸 🇹🇷 : 269,800 دلار سلیمانیه فردایی 🇺🇸 🇹🇯 : 268,400 @Bonbast_Tehran_Harat",Herat|Istanbul|Mashhad|Sulaymaniyah|Tehran,2684000.00,,,,,,,,,,,,,,,,,toman,"{""Tehran"": 2684000.0}",,,,fresh,73,100,regional_fx_board,2026-10-04T17:28:02+00:00,Tehran,2684000.0,single_value,USD
bonbast_tehran_harat,قیمت لحظه ای دلار تهران مشهد هرات استانبول سلیمانیه,"١٢-٠٧-١٤٠٥ ٢٠:٥٨:٢٥ دلار آمريکا 🇺🇸 : 269,200 ➕ 🔺 (200) دلار مشهد 🇺🇸 🕌 : 266,500 دلار هرات فردایی ⏳ 🇺🇸 🇦🇫 : 265,700 دلار استانبول 🇺🇸 🇹🇷 : 269,800 دلار سلیمانیه فردایی 🇺🇸 🇹🇯 : 268,400 @Bonbast_Tehran_Harat",Herat|Istanbul|Mashhad|Sulaymaniyah|Tehran,2684000.00,,,,,,,,,,,,,,,,,toman,"{""Tehran"": 2684000.0}",,,,fresh,73,100,regional_fx_board,2026-10-04T17:28:25+00:00,Tehran,2684000.0,single_value,USD
bonbast_tehran_harat,قیمت لحظه ای دلار تهران مشهد هرات استانبول سلیمانیه,"١٢-٠٧-١٤٠٥ ٢٠:٥٩:١٤ دلار آمريکا 🇺🇸 : 269,200 دلار مشهد 🇺🇸 🕌 : 266,500 دلار هرات فردایی ⏳ 🇺🇸 🇦🇫 : 265,700 دلار استانبول 🇺🇸 🇹🇷 : 269,800 دلار سلیمانیه فردایی 🇺🇸 🇹🇯 : 268,300 ➖ 🔻 (100) @Bonbast_Tehran_Harat",Herat|Istanbul|Mashhad|Sulaymaniyah|Tehran,2683000.00,,,,,,,,,,,,,,,,,toman,"{""Tehran"": 2683000.0}",,,,fresh,73,100,regional_fx_board,2026-10-04T17:29:14+00:00,Tehran,2683000.0,single_value,USD
bonbast_tehran_harat,قیمت لحظه ای دلار تهران مشهد هرات استانبول سلیمانیه,"١٢-٠٧-١٤٠٥ ٢١:٠٣:٢١ دلار آمريکا 🇺🇸 : 269,200 دلار مشهد 🇺🇸 🕌 : 266,500 دلار هرات فردایی ⏳ 🇺🇸 🇦🇫 : 265,800 ➕ 🔺 (100) دلار استانبول 🇺🇸 🇹🇷 : 269,800 دلار سلیمانیه فردایی 🇺🇸 🇹🇯 : 268,300 @Bonbast_Tehran_Harat",Herat|Istanbul|Mashhad|Sulaymaniyah|Tehran,2683000.00,,,,,,,,,,,,,,,,,toman,"{""Tehran"": 2683000.0}",,,,fresh,73,100,regional_fx_board,2026-10-04T17:33:21+00:00,Tehran,2683000.0,single_value,USD
bonbast_tehran_harat,قیمت لحظه ای دلار تهران مشهد هرات استانبول سلیمانیه,"١٢-٠٧-١٤٠٥ ٢١:١٠:٠٨ دلار آمريکا 🇺🇸 : 269,200 دلار مشهد 🇺🇸 🕌 : 266,500 دلار هرات فردایی ⏳ 🇺🇸 🇦🇫 : 265,700 ➖ 🔻 (100) دلار استانبول 🇺🇸 🇹🇷 : 269,800 دلار سلیمانیه فردایی 🇺🇸 🇹🇯 : 268,300 @Bonbast_Tehran_Harat",Herat|Istanbul|Mashhad|Sulaymaniyah|Tehran,2683000.00,,,,,,,,,,,,,,,,,toman,"{""Tehran"": 2683000.0}",,,,fresh,73,100,regional_fx_board,2026-10-04T17:40:09+00:00,Tehran,2683000.0,single_value,USD
royal_rate,نرخ ارز بازار CURRENCY RATE,"📌 قیمت فروش درهم الانی 73,400/500 📌 قیمت حواله از دبی الانی(N/A) با توجه نوسانات لحظه ایی نرخهای اعلامی ، صرفا جهت نرخ دهی میباشد. (برای مبالغ درشت) #نرخ #درهم_دبی #یوان #ارز کانال نرخ زنی مارو به اشتراک بزارین. 🇮🇷 🇦🇪 T.me/Royal_rate 🇨🇦 🇨🇳",Dubai,,,,,,,2695615.00,,,,,,,,,,,toman,"{""Dubai"": 2695615.0}",,73400,,fresh,73,100,regional_market_channel,2026-10-04T11:32:02+00:00,Dubai,2695615.0,sell,AED
abanpardakht,AbanPardakht,"📊 گزارش لحظه ای بازار ارز(اسکناس): 🇺🇸 USD: 272,532 🔻 دلار آمریکا 🇪🇺 EUR: 303,660 🔻 یورو 🇬🇧 󠁧󠁢󠁥󠁮 GBP: 356,290 🔻 پوند انگلیس 🇨🇦 CAD: 189,270 🔻 دلار کانادا 🇦🇺 AUD: 186,880 🔻 دلار استرالیا 🇨🇭 CHF: 324,780 🔻 فرانک سوئیس 🇹🇷 TRY: 5,490 🔻 لیر ترکیه...",UK,,,,,,,,,,,,,,,,,,toman,"{""UK"": 1455923.08}",,,,fresh,72,100,regional_fx_board,2026-10-04T10:30:50+00:00,UK,1455923.0769230768,single_value,GBP
abanpardakht,AbanPardakht,"📊 گزارش لحظه ای بازار ارز(اسکناس): 🇺🇸 USD: 270,615 🔻 دلار آمریکا 🇪🇺 EUR: 301,980 🔻 یورو 🇬🇧 󠁧󠁢󠁥󠁮 GBP: 354,310 🔻 پوند انگلیس 🇨🇦 CAD: 188,220 🔻 دلار کانادا 🇦🇺 AUD: 185,840 🔻 دلار استرالیا 🇨🇭 CHF: 322,980 🔻 فرانک سوئیس 🇹🇷 TRY: 5,460 🔻 لیر ترکیه...",UK,,,,,,,,,,,,,,,,,,toman,"{""UK"": 1447846.15}",,,,fresh,72,100,regional_fx_board,2026-10-04T12:00:01+00:00,UK,1447846.1538461538,single_value,GBP
abanpardakht,AbanPardakht,"📊 گزارش لحظه ای بازار ارز(اسکناس): 🇺🇸 USD: 271,260 🔺 دلار آمریکا 🇪🇺 EUR: 302,430 🔺 یورو 🇬🇧 󠁧󠁢󠁥󠁮 GBP: 354,830 🔺 پوند انگلیس 🇨🇦 CAD: 188,500 🔺 دلار کانادا 🇦🇺 AUD: 186,110 🔺 دلار استرالیا 🇨🇭 CHF: 323,460 🔺 فرانک سوئیس 🇹🇷 TRY: 5,470 🔺 لیر ترکیه...",UK,,,,,,,,,,,,,,,,,,toman,"{""UK"": 1450000.0}",,,,fresh,72,100,regional_fx_board,2026-10-04T13:30:20+00:00,UK,1450000.0,single_value,GBP
abanpardakht,AbanPardakht,"📊 گزارش لحظه ای بازار ارز(اسکناس): 🇺🇸 USD: 270,662 🔻 دلار آمریکا 🇪🇺 EUR: 301,750 🔻 یورو 🇬🇧 󠁧󠁢󠁥󠁮 GBP: 354,040 🔻 پوند انگلیس 🇨🇦 CAD: 188,080 🔻 دلار کانادا 🇦🇺 AUD: 185,700 🔻 دلار استرالیا 🇨🇭 CHF: 322,740 🔻 فرانک سوئیس 🇹🇷 TRY: 5,460 🔻 لیر ترکیه...",UK,,,,,,,,,,,,,,,,,,toman,"{""UK"": 1446769.23}",,,,fresh,72,100,regional_fx_board,2026-10-04T15:00:53+00:00,UK,1446769.2307692308,single_value,GBP
arzcredit,Arz Credit | ارزکردیت,"🔺 قیمت‌ ارز 🔹 تاریخ 12 مهر 1405 🔻 نرخ‌ های زیر، نرخ حواله می‌ باشد 🔸 دلار:286,500 🔸 یورو: 321,200 🔸 درهم امارات: 76,900 🔸 رینگیت مالزی: 69,100 🔸 تتر: 279,400 🔹 سایت ما: http://www.arzcredit.com 🔹 کانال بله ما: https://ble.ir/arzcredit_com 🔹...",Dubai,,,,,,,2824152.50,,,,,,,,,,,toman,"{""Dubai"": 2824152.5}",,,,fresh,72,100,regional_fx_board,2026-10-04T09:46:42+00:00,Dubai,2824152.5,single_value,AED
bazar360,Bazar360.com نرخ ارز,"‏ آخرین نرخ فروش ارز و طلا در بازار تهران Bazar360.com - 1405/7/10 @ 08:29 نسخه جدید بازار۳۶۰ در Arz360.com / Bazar360.com در دسترس شماست! منتظر نظرات شما هستیم! نرخ تقریبی فروش ارز در بازار آزاد 🇺🇸 دلار آمریکا: 258,465 - 259,900 ⬆ [چارت 📈 ...",Dubai|Turkey|UK,,,,,,,2601966.25,,,,,,,,,,,toman,"{""Dubai"": 2601966.25}",70450,71250,259182.50,recent,72,100,regional_fx_board,2026-10-02T04:59:44+00:00,Dubai,2601966.25,midpoint,AED
bazar360,Bazar360.com نرخ ارز,"‏ آخرین نرخ فروش ارز و طلا در بازار تهران Bazar360.com - 1405/7/10 @ 10:29 نسخه جدید بازار۳۶۰ در Arz360.com / Bazar360.com در دسترس شماست! منتظر نظرات شما هستیم! نرخ تقریبی فروش ارز در بازار آزاد 🇺🇸 دلار آمریکا: 258,465 - 259,900 ⬆ [چارت 📈 ...",Dubai|Turkey|UK,,,,,,,2601966.25,,,,,,,,,,,toman,"{""Dubai"": 2601966.25}",70450,71250,259182.50,recent,72,100,regional_fx_board,2026-10-02T06:59:24+00:00,Dubai,2601966.25,midpoint,AED
bazar360,Bazar360.com نرخ ارز,"‏ آخرین نرخ فروش ارز و طلا در بازار تهران Bazar360.com - 1405/7/10 @ 13:59 نسخه جدید بازار۳۶۰ در Arz360.com / Bazar360.com در دسترس شماست! منتظر نظرات شما هستیم! نرخ تقریبی فروش ارز در بازار آزاد 🇺🇸 دلار آمریکا: 258,465 ⬇ [چارت 📉 ] 🇪🇺 یورو:...",Dubai|Turkey|UK,,,,,,,2600130.00,,,,,,,,,,,toman,"{""Dubai"": 2600130.0}",258465,292350,275407.50,recent,72,100,regional_fx_board,2026-10-02T10:29:58+00:00,Dubai,2600130.0,single_value,AED
bazar360,Bazar360.com نرخ ارز,"‏ آخرین نرخ فروش ارز و طلا در بازار تهران Bazar360.com - 1405/7/10 @ 16:59 نسخه جدید بازار۳۶۰ در Arz360.com / Bazar360.com در دسترس شماست! منتظر نظرات شما هستیم! نرخ تقریبی فروش ارز در بازار آزاد 🇺🇸 دلار آمریکا: 258,465 - 262,100 ⬆ [چارت 📈 ...",Dubai|Turkey|UK,,,,,,,2609678.50,,,,,,,,,,,toman,"{""Dubai"": 2609678.5}",70770,71350,260282.50,recent,72,100,regional_fx_board,2026-10-02T13:30:00+00:00,Dubai,2609678.5,midpoint,AED
bazar360,Bazar360.com نرخ ارز,"‏ آخرین نرخ فروش ارز و طلا در بازار تهران Bazar360.com - 1405/7/10 @ 08:29 نسخه جدید بازار۳۶۰ در Arz360.com / Bazar360.com در دسترس شماست! منتظر نظرات شما هستیم! نرخ تقریبی فروش ارز در بازار آزاد 🇺🇸 دلار آمریکا: 258,465 - 259,900 ⬆ [چارت 📈 ...",Dubai|Turkey|UK,,,,,,,2601966.25,,,,,,,,,,,toman,"{""Dubai"": 2601966.25, ""Turkey"": 2402446.5}",5265,5370,259182.50,recent,72,100,regional_fx_board,2026-10-02T04:59:44+00:00,Turkey,2402446.5,midpoint,TRY
bazar360,Bazar360.com نرخ ارز,"‏ آخرین نرخ فروش ارز و طلا در بازار تهران Bazar360.com - 1405/7/10 @ 10:29 نسخه جدید بازار۳۶۰ در Arz360.com / Bazar360.com در دسترس شماست! منتظر نظرات شما هستیم! نرخ تقریبی فروش ارز در بازار آزاد 🇺🇸 دلار آمریکا: 258,465 - 259,900 ⬆ [چارت 📈 ...",Dubai|Turkey|UK,,,,,,,2601966.25,,,,,,,,,,,toman,"{""Dubai"": 2601966.25, ""Turkey"": 2402446.5}",5265,5370,259182.50,recent,72,100,regional_fx_board,2026-10-02T06:59:24+00:00,Turkey,2402446.5,midpoint,TRY
bazar360,Bazar360.com نرخ ارز,"‏ آخرین نرخ فروش ارز و طلا در بازار تهران Bazar360.com - 1405/7/10 @ 13:59 نسخه جدید بازار۳۶۰ در Arz360.com / Bazar360.com در دسترس شماست! منتظر نظرات شما هستیم! نرخ تقریبی فروش ارز در بازار آزاد 🇺🇸 دلار آمریکا: 258,465 ⬇ [چارت 📉 ] 🇪🇺 یورو:...",Dubai|Turkey|UK,,,,,,,2600130.00,,,,,,,,,,,toman,"{""Dubai"": 2600130.0, ""Turkey"": 2408094.0}",258465,292350,275407.50,recent,72,100,regional_fx_board,2026-10-02T10:29:58+00:00,Turkey,2408094.0,single_value,TRY
bazar360,Bazar360.com نرخ ارز,"‏ آخرین نرخ فروش ارز و طلا در بازار تهران Bazar360.com - 1405/7/10 @ 16:59 نسخه جدید بازار۳۶۰ در Arz360.com / Bazar360.com در دسترس شماست! منتظر نظرات شما هستیم! نرخ تقریبی فروش ارز در بازار آزاد 🇺🇸 دلار آمریکا: 258,465 - 262,100 ⬆ [چارت 📈 ...",Dubai|Turkey|UK,,,,,,,2609678.50,,,,,,,,,,,toman,"{""Dubai"": 2609678.5, ""Turkey"": 2408094.0}",5290,5370,260282.50,recent,72,100,regional_fx_board,2026-10-02T13:30:00+00:00,Turkey,2408094.0,midpoint,TRY
bazar360,Bazar360.com نرخ ارز,"‏ آخرین نرخ فروش ارز و طلا در بازار تهران Bazar360.com - 1405/7/10 @ 08:29 نسخه جدید بازار۳۶۰ در Arz360.com / Bazar360.com در دسترس شماست! منتظر نظرات شما هستیم! نرخ تقریبی فروش ارز در بازار آزاد 🇺🇸 دلار آمریکا: 258,465 - 259,900 ⬆ [چارت 📈 ...",Dubai|Turkey|UK,,,,,,,2601966.25,,,,,,,,,,,toman,"{""Dubai"": 2601966.25, ""Turkey"": 2402446.5, ""UK"": 2624307.69}",339900,342420,259182.50,recent,72,100,regional_fx_board,2026-10-02T04:59:44+00:00,UK,2624307.692307692,midpoint,GBP
bazar360,Bazar360.com نرخ ارز,"‏ آخرین نرخ فروش ارز و طلا در بازار تهران Bazar360.com - 1405/7/10 @ 10:29 نسخه جدید بازار۳۶۰ در Arz360.com / Bazar360.com در دسترس شماست! منتظر نظرات شما هستیم! نرخ تقریبی فروش ارز در بازار آزاد 🇺🇸 دلار آمریکا: 258,465 - 259,900 ⬆ [چارت 📈 ...",Dubai|Turkey|UK,,,,,,,2601966.25,,,,,,,,,,,toman,"{""Dubai"": 2601966.25, ""Turkey"": 2402446.5, ""UK"": 2624307.69}",339900,342420,259182.50,recent,72,100,regional_fx_board,2026-10-02T06:59:24+00:00,UK,2624307.692307692,midpoint,GBP
bazar360,Bazar360.com نرخ ارز,"‏ آخرین نرخ فروش ارز و طلا در بازار تهران Bazar360.com - 1405/7/10 @ 13:59 نسخه جدید بازار۳۶۰ در Arz360.com / Bazar360.com در دسترس شماست! منتظر نظرات شما هستیم! نرخ تقریبی فروش ارز در بازار آزاد 🇺🇸 دلار آمریکا: 258,465 ⬇ [چارت 📉 ] 🇪🇺 یورو:...",Dubai|Turkey|UK,,,,,,,2600130.00,,,,,,,,,,,toman,"{""Dubai"": 2600130.0, ""Turkey"": 2408094.0, ""UK"": 2634000.0}",258465,292350,275407.50,recent,72,100,regional_fx_board,2026-10-02T10:29:58+00:00,UK,2634000.0,single_value,GBP
bazar360,Bazar360.com نرخ ارز,"‏ آخرین نرخ فروش ارز و طلا در بازار تهران Bazar360.com - 1405/7/10 @ 16:59 نسخه جدید بازار۳۶۰ در Arz360.com / Bazar360.com در دسترس شماست! منتظر نظرات شما هستیم! نرخ تقریبی فروش ارز در بازار آزاد 🇺🇸 دلار آمریکا: 258,465 - 262,100 ⬆ [چارت 📈 ...",Dubai|Turkey|UK,,,,,,,2609678.50,,,,,,,,,,,toman,"{""Dubai"": 2609678.5, ""Turkey"": 2408094.0, ""UK"": 2637500.0}",339700,346050,260282.50,recent,72,100,regional_fx_board,2026-10-02T13:30:00+00:00,UK,2637500.0,midpoint,GBP
do_l4,قیمت‌‌‌لحظه‌ای دلار طلا خودرو و سکه,"💸 دلار فردایی تهران 💵 269,100 خـرید 💸 💸 دلار فردایی تهران 💵 269,150 فروش 💵 💸 دلار فردایی تهران 💵 269,100 معامله ✅",Tehran,2691000.00,,,,,,,,,,,,,,,,,toman,"{""Tehran"": 2691000.0}",,269150,,fresh,72,100,regional_market_channel,2026-10-04T13:45:01+00:00,Tehran,2691000.0,single_value,USD
do_l4,قیمت‌‌‌لحظه‌ای دلار طلا خودرو و سکه,"💸 دلار فردایی تهران 💵 268,800 خـرید 💸 💸 دلار فردایی تهران 💵 268,850 فروش 💵 💸 دلار فردایی تهران 💵 268,800 معامله ✅",Tehran,2688000.00,,,,,,,,,,,,,,,,,toman,"{""Tehran"": 2688000.0}",,268850,,fresh,72,100,regional_market_channel,2026-10-04T13:57:50+00:00,Tehran,2688000.0,single_value,USD
do_l4,قیمت‌‌‌لحظه‌ای دلار طلا خودرو و سکه,"💸 دلار فردایی تهران 💵 268,600 خـرید 💸 💸 دلار فردایی تهران 💵 268,650 فروش 💵 💸 دلار فردایی تهران 💵 268,600 معامله ✅",Tehran,2686000.00,,,,,,,,,,,,,,,,,toman,"{""Tehran"": 2686000.0}",,268650,,fresh,72,100,regional_market_channel,2026-10-04T14:18:24+00:00,Tehran,2686000.0,single_value,USD
do_l4,قیمت‌‌‌لحظه‌ای دلار طلا خودرو و سکه,"💸 دلار فردایی تهران 💵 268,500 خـرید 💸 💸 دلار فردایی تهران 💵 268,550 فروش 💵 💸 دلار فردایی تهران 💵 268,500 معامله ✅",Tehran,2685000.00,,,,,,,,,,,,,,,,,toman,"{""Tehran"": 2685000.0}",,268550,,fresh,72,100,regional_market_channel,2026-10-04T14:46:57+00:00,Tehran,2685000.0,single_value,USD
do_l4,قیمت‌‌‌لحظه‌ای دلار طلا خودرو و سکه,"💸 دلار فردایی تهران 💵 268,400 خـرید 💸 💸 دلار فردایی تهران 💵 268,450 فروش 💵 💸 دلار فردایی تهران 💵 268,400 معامله ✅",Tehran,2684000.00,,,,,,,,,,,,,,,,,toman,"{""Tehran"": 2684000.0}",,268450,,fresh,72,100,regional_market_channel,2026-10-04T14:50:01+00:00,Tehran,2684000.0,single_value,USD
do_l4,قیمت‌‌‌لحظه‌ای دلار طلا خودرو و سکه,"💸 دلار فردایی تهران 💵 268,300 خـرید 💸 💸 دلار فردایی تهران 💵 268,350 فروش 💵 💸 دلار فردایی تهران 💵 268,300 معامله ✅",Tehran,2683000.00,,,,,,,,,,,,,,,,,toman,"{""Tehran"": 2683000.0}",,268350,,fresh,72,100,regional_market_channel,2026-10-04T15:01:24+00:00,Tehran,2683000.0,single_value,USD
do_l4,قیمت‌‌‌لحظه‌ای دلار طلا خودرو و سکه,"💸 دلار فردایی تهران 💵 268,200 خـرید 💸 💸 دلار فردایی تهران 💵 268,250 فروش 💵 💸 دلار فردایی تهران 💵 268,200 معامله ✅",Tehran,2682000.00,,,,,,,,,,,,,,,,,toman,"{""Tehran"": 2682000.0}",,268250,,fresh,72,100,regional_market_channel,2026-10-04T15:26:19+00:00,Tehran,2682000.0,single_value,USD
dolarrates,قیمت دلار امروز,"✨ #نرخ_دلار تهران 📆 1405/07/12 | 🕰 14:30 💸 #فردایی : 267,500 تومان ▼ 💵 #نقدی : 266,400 تومان ▼ 📌 اسپرد: 1,100 تومان ⚡️ توجه: اسپرد فردایی-نقدی به 1,100 تومان رسید 📲 کانال قیمت #دلار تهران 👇 🆔 @DolarRates",Tehran,2675000.00,,,,,,,,,,,,,,,,,toman,"{""Tehran"": 2675000.0}",,,,fresh,72,100,regional_fx_board,2026-10-04T11:00:00+00:00,Tehran,2675000.0,single_value,USD
dolarrates,قیمت دلار امروز,"✨ #نرخ_دلار تهران 📆 1405/07/12 | 🕰 15:00 💸 #فردایی : 267,500 تومان ● 💵 #نقدی : 267,600 تومان ▲ 📌 اسپرد: -100 تومان 📲 کانال قیمت #دلار تهران 👇 🆔 @DolarRates",Tehran,2675000.00,,,,,,,,,,,,,,,,,toman,"{""Tehran"": 2675000.0}",,,,fresh,72,100,regional_fx_board,2026-10-04T11:30:00+00:00,Tehran,2675000.0,single_value,USD
dolarrates,قیمت دلار امروز,"✨ #نرخ_دلار تهران 📆 1405/07/12 | 🕰 15:30 💸 #فردایی : 268,000 تومان ▲ 💵 #نقدی : 268,300 تومان ▲ 📌 اسپرد: -300 تومان 📲 کانال قیمت #دلار تهران 👇 🆔 @DolarRates",Tehran,2680000.00,,,,,,,,,,,,,,,,,toman,"{""Tehran"": 2680000.0}",,,,fresh,72,100,regional_fx_board,2026-10-04T12:00:00+00:00,Tehran,2680000.0,single_value,USD
dolarrates,قیمت دلار امروز,"✨ #نرخ_دلار تهران 📆 1405/07/12 | 🕰 16:00 💸 #فردایی : 269,000 تومان ▲ 💵 #نقدی : 269,100 تومان ▲ 📌 اسپرد: -100 تومان 📲 کانال قیمت #دلار تهران 👇 🆔 @DolarRates",Tehran,2690000.00,,,,,,,,,,,,,,,,,toman,"{""Tehran"": 2690000.0}",,,,fresh,72,100,regional_fx_board,2026-10-04T12:30:00+00:00,Tehran,2690000.0,single_value,USD
dolarrates,قیمت دلار امروز,"✨ #نرخ_دلار تهران 📆 1405/07/12 | 🕰 17:30 💸 #فردایی : 267,900 تومان ▼ 💵 #نقدی : 268,500 تومان ▼ 📌 اسپرد: -600 تومان 📲 کانال قیمت #دلار تهران 👇 🆔 @DolarRates",Tehran,2679000.00,,,,,,,,,,,,,,,,,toman,"{""Tehran"": 2679000.0}",,,,fresh,72,100,regional_fx_board,2026-10-04T14:00:00+00:00,Tehran,2679000.0,single_value,USD
dolarrates,قیمت دلار امروز,"✨ #نرخ_دلار تهران 📆 1405/07/12 | 🕰 18:00 💸 #فردایی : 267,500 تومان ▼ 💵 #نقدی : 267,600 تومان ▼ 📌 اسپرد: -100 تومان 📲 کانال قیمت #دلار تهران 👇 🆔 @DolarRates",Tehran,2675000.00,,,,,,,,,,,,,,,,,toman,"{""Tehran"": 2675000.0}",,,,fresh,72,100,regional_fx_board,2026-10-04T14:30:00+00:00,Tehran,2675000.0,single_value,USD
dolarrates,قیمت دلار امروز,"📊 گزارش پایان روز دلار تهران 📆 1405/07/12 💵 بسته‌شدن: 267,500 تومان 📉 تغییر: -3,000 تومان (-1.11٪) 🌡 نبض بازار: 67 از ۱۰۰ | پرتحرک | نزولی 🆔 @DolarRates",Tehran,2675000.00,,,,,,,,,,,,,,,,,toman,"{""Tehran"": 2675000.0}",,,,fresh,72,100,regional_fx_board,2026-10-04T17:46:04+00:00,Tehran,2675000.0,single_value,USD
dolarrates,قیمت دلار امروز,"╔════ 📊 تابلوی بازار ════╗ 📅 1405/07/12 ⏰ 14:56 💸 ارزها: 🇪🇺 یورو: 301,300 ▼ 💲 تتر: 266,492 تومان ▼ 🇬🇧 پوند: 353,500 ▼ 🇦🇪 درهم: 72,850 ▼ 🇹🇷 لیر ترکیه: 5,445 ▼ 🇨🇦 دلار کانادا: 187,800 ▼ 🇷🇺 روبل: 3,210 ▼ 🇦🇫 افغانی: 4,055 ▼ 🇴🇲 ریال عمان: 697,40...",Turkey,,,,,,,,,,,,,,,,,,toman,"{""Turkey"": 2460051.0}",,,,fresh,72,100,regional_fx_board,2026-10-04T11:26:08+00:00,Turkey,2460051.0,single_value,TRY
dolarrates,قیمت دلار امروز,"╔════ 📊 تابلوی بازار ════╗ 📅 1405/07/12 ⏰ 15:57 💸 ارزها: 🇪🇺 یورو: 303,000 ▲ 💲 تتر: 268,900 تومان ▲ 🇬🇧 پوند: 355,500 ▲ 🇦🇪 درهم: 73,250 ▲ 🇹🇷 لیر ترکیه: 5,475 ▲ 🇨🇦 دلار کانادا: 188,850 ▲ 🇷🇺 روبل: 3,230 ▲ 🇦🇫 افغانی: 4,075 ▲ 🇴🇲 ریال عمان: 701,30...",Turkey,,,,,,,,,,,,,,,,,,toman,"{""Turkey"": 2473605.0}",,,,fresh,72,100,regional_fx_board,2026-10-04T12:27:01+00:00,Turkey,2473605.0,single_value,TRY
dolarrates,قیمت دلار امروز,"╔════ 📊 تابلوی بازار ════╗ 📅 1405/07/12 ⏰ 16:58 💸 ارزها: 🇪🇺 یورو: 302,550 ▼ 💲 تتر: 268,250 تومان ▼ 🇬🇧 پوند: 354,950 ▼ 🇦🇪 درهم: 73,150 ▼ 🇹🇷 لیر ترکیه: 5,470 ▼ 🇨🇦 دلار کانادا: 188,550 ▼ 🇷🇺 روبل: 3,225 ▼ 🇦🇫 افغانی: 4,070 ▼ 🇴🇲 ریال عمان: 700,25...",Turkey,,,,,,,,,,,,,,,,,,toman,"{""Turkey"": 2471346.0}",,,,fresh,72,100,regional_fx_board,2026-10-04T13:28:04+00:00,Turkey,2471346.0,single_value,TRY
dolarrates,قیمت دلار امروز,"╔════ 📊 تابلوی بازار ════╗ 📅 1405/07/12 ⏰ 17:58 💸 ارزها: 🇪🇺 یورو: 301,300 ▼ 💲 تتر: 268,968 تومان ▲ 🇬🇧 پوند: 353,500 ▼ 🇦🇪 درهم: 72,850 ▼ 🇹🇷 لیر ترکیه: 5,445 ▼ 🇨🇦 دلار کانادا: 187,800 ▼ 🇷🇺 روبل: 3,210 ▼ 🇦🇫 افغانی: 4,055 ▼ 🇴🇲 ریال عمان: 697,40...",Turkey,,,,,,,,,,,,,,,,,,toman,"{""Turkey"": 2460051.0}",,,,fresh,72,100,regional_fx_board,2026-10-04T14:28:55+00:00,Turkey,2460051.0,single_value,TRY
dolarrates,قیمت دلار امروز,"╔════ 📊 تابلوی بازار ════╗ 📅 1405/07/12 ⏰ 19:00 💸 ارزها: 🇪🇺 یورو: 302,100 ▲ 💲 تتر: 267,879 تومان ▼ 🇬🇧 پوند: 354,450 ▲ 🇦🇪 درهم: 73,050 ▲ 🇹🇷 لیر ترکیه: 5,460 ▲ 🇨🇦 دلار کانادا: 188,300 ▲ 🇷🇺 روبل: 3,220 ▲ 🇦🇫 افغانی: 4,065 ▲ 🇴🇲 ریال عمان: 699,20...",Turkey,,,,,,,,,,,,,,,,,,toman,"{""Turkey"": 2466828.0}",,,,fresh,72,100,regional_fx_board,2026-10-04T15:30:00+00:00,Turkey,2466828.0,single_value,TRY
dollarstreamer,قیمت دلار سکه طلا خودرو,"🔴 دلار: 2,680,050 (0.00+) 📈 سقف: 2,725,200 📉 کف: 2,662,800 ↘️ تغییر روزانه: 8,150 (0.3%-) ا ➖ ➖ ➖ ➖ 🔴 یورو: 3,020,700 (0.00+) 📈 سقف: 3,071,700 📉 کف: 3,001,400 ↘️ تغییر روزانه: 4,700 (0.16%-) ا ➖ ➖ ➖ ➖ 🔴 درهم: 732,240 (0.00+) 📈 سقف: 744,570 ...",Herat,,2679000.00,,,,,,,,,,,,,,,,rial,"{""Herat"": 2679000.0}",,,,fresh,72,100,regional_market_channel,2026-10-04T14:46:05+00:00,Herat,2679000.0,single_value,USD
dollarstreamer,قیمت دلار سکه طلا خودرو,"🔴 دلار: 2,680,150 (0.00+) 📈 سقف: 2,725,200 📉 کف: 2,662,800 ↘️ تغییر روزانه: 8,050 (0.3%-) ا ➖ ➖ ➖ ➖ 🔴 یورو: 3,020,600 (0.00+) 📈 سقف: 3,071,700 📉 کف: 3,001,400 ↘️ تغییر روزانه: 4,800 (0.16%-) ا ➖ ➖ ➖ ➖ 🔴 درهم: 732,220 (0.00+) 📈 سقف: 744,570 ...",Herat,,2678000.00,,,,,,,,,,,,,,,,rial,"{""Herat"": 2678000.0}",,,,fresh,72,100,regional_market_channel,2026-10-04T14:56:05+00:00,Herat,2678000.0,single_value,USD
dollarstreamer,قیمت دلار سکه طلا خودرو,"🔴 دلار: 2,680,100 (0.00+) 📈 سقف: 2,725,200 📉 کف: 2,662,800 ↘️ تغییر روزانه: 8,100 (0.3%-) ا ➖ ➖ ➖ ➖ 🔴 یورو: 3,020,900 (0.00+) 📈 سقف: 3,071,700 📉 کف: 3,001,400 ↘️ تغییر روزانه: 4,500 (0.15%-) ا ➖ ➖ ➖ ➖ 🔴 درهم: 732,280 (0.00+) 📈 سقف: 744,570 ...",Herat,,2678000.00,,,,,,,,,,,,,,,,rial,"{""Herat"": 2678000.0}",,,,fresh,72,100,regional_market_channel,2026-10-04T15:06:05+00:00,Herat,2678000.0,single_value,USD
dollarstreamer,قیمت دلار سکه طلا خودرو,"🔴 دلار: 2,680,200 (0.00+) 📈 سقف: 2,725,200 📉 کف: 2,662,800 ↘️ تغییر روزانه: 8,000 (0.3%-) ا ➖ ➖ ➖ ➖ 🔴 یورو: 3,021,000 (0.00+) 📈 سقف: 3,071,700 📉 کف: 3,001,400 ↘️ تغییر روزانه: 4,400 (0.15%-) ا ➖ ➖ ➖ ➖ 🔴 درهم: 732,320 (0.00+) 📈 سقف: 744,570 ...",Herat,,2687000.00,,,,,,,,,,,,,,,,rial,"{""Herat"": 2687000.0}",,,,fresh,72,100,regional_market_channel,2026-10-04T15:16:05+00:00,Herat,2687000.0,single_value,USD
dollarstreamer,قیمت دلار سکه طلا خودرو,"🔴 دلار: 2,681,850 (0.00+) 📈 سقف: 2,725,200 📉 کف: 2,662,800 ↘️ تغییر روزانه: 6,350 (0.24%-) ا ➖ ➖ ➖ ➖ 🔴 یورو: 3,023,000 (0.00+) 📈 سقف: 3,071,700 📉 کف: 3,001,400 ↘️ تغییر روزانه: 2,400 (0.08%-) ا ➖ ➖ ➖ ➖ 🔴 درهم: 732,800 (0.00+) 📈 سقف: 744,570...",Herat,,2685000.00,,,,,,,,,,,,,,,,rial,"{""Herat"": 2685000.0}",,,,fresh,72,100,regional_market_channel,2026-10-04T15:26:05+00:00,Herat,2685000.0,single_value,USD
dollarstreamer,قیمت دلار سکه طلا خودرو,"🔴 دلار: 2,682,050 (0.00+) 📈 سقف: 2,725,200 📉 کف: 2,662,800 ↘️ تغییر روزانه: 6,150 (0.23%-) ا ➖ ➖ ➖ ➖ 🔴 یورو: 3,023,200 (0.00+) 📈 سقف: 3,071,700 📉 کف: 3,001,400 ↘️ تغییر روزانه: 2,200 (0.07%-) ا ➖ ➖ ➖ ➖ 🔴 درهم: 732,850 (0.00+) 📈 سقف: 744,570...",Herat,,2690000.00,,,,,,,,,,,,,,,,rial,"{""Herat"": 2690000.0}",,,,fresh,72,100,regional_market_channel,2026-10-04T15:36:05+00:00,Herat,2690000.0,single_value,USD
dollarstreamer,قیمت دلار سکه طلا خودرو,"🔴 دلار: 2,682,050 (0.00+) 📈 سقف: 2,725,200 📉 کف: 2,662,800 ↘️ تغییر روزانه: 6,150 (0.23%-) ا ➖ ➖ ➖ ➖ 🔴 یورو: 3,023,000 (0.00+) 📈 سقف: 3,071,700 📉 کف: 3,001,400 ↘️ تغییر روزانه: 2,400 (0.08%-) ا ➖ ➖ ➖ ➖ 🔴 درهم: 732,800 (0.00+) 📈 سقف: 744,570...",Herat,,2687000.00,,,,,,,,,,,,,,,,rial,"{""Herat"": 2687000.0}",,,,fresh,72,100,regional_market_channel,2026-10-04T15:46:05+00:00,Herat,2687000.0,single_value,USD
navasanchannel,نوسان - اعلان لحظه ای نرخ ارز و سکه,"دلار آمریکا 🇺🇸 267,600 تغییر 1200-▼ %0.45- یورو 🇪🇺 301,300 تغییر 1350-▼ %0.45- پوند انگلیس 🇬🇧 353,510 تغییر 2460-▼ %0.69- درهم امارات 🇦🇪 73,640 تغییر 250-▼ %0.34- لیر ترکیه 🇹🇷 5,450 تغییر 20-▼ %0.37- ین ژاپن 🇯🇵 1,695 تغییر 10-▼ %0.59- دلار ...",Dubai|Turkey|UK,,,,,,,2704429.00,,,,,,,,,,,toman,"{""Dubai"": 2704429.0}",,,,fresh,72,100,regional_fx_board,2026-10-04T14:23:04+00:00,Dubai,2704429.0,single_value,AED
navasanchannel,نوسان - اعلان لحظه ای نرخ ارز و سکه,"دلار آمریکا 🇺🇸 268,200 تغییر 600-▼ %0.22- یورو 🇪🇺 301,980 تغییر 670-▼ %0.22- پوند انگلیس 🇬🇧 354,310 تغییر 1660-▼ %0.47- درهم امارات 🇦🇪 73,670 تغییر 220-▼ %0.30- لیر ترکیه 🇹🇷 5,460 تغییر 10-▼ %0.18- ین ژاپن 🇯🇵 1,700 تغییر 5-▼ %0.29- دلار است...",Dubai|Turkey|UK,,,,,,,2705530.75,,,,,,,,,,,toman,"{""Dubai"": 2705530.75}",,,,fresh,72,100,regional_fx_board,2026-10-04T15:23:10+00:00,Dubai,2705530.75,single_value,AED
navasanchannel,نوسان - اعلان لحظه ای نرخ ارز و سکه,"دلار آمریکا 🇺🇸 267,600 تغییر 1200-▼ %0.45- یورو 🇪🇺 301,300 تغییر 1350-▼ %0.45- پوند انگلیس 🇬🇧 353,510 تغییر 2460-▼ %0.69- درهم امارات 🇦🇪 73,640 تغییر 250-▼ %0.34- لیر ترکیه 🇹🇷 5,450 تغییر 20-▼ %0.37- ین ژاپن 🇯🇵 1,695 تغییر 10-▼ %0.59- دلار ...",Dubai|Turkey|UK,,,,,,,2704429.00,,,,,,,,,,,toman,"{""Dubai"": 2704429.0, ""Turkey"": 2462310.0}",,,,fresh,72,100,regional_fx_board,2026-10-04T14:23:04+00:00,Turkey,2462310.0,single_value,TRY
navasanchannel,نوسان - اعلان لحظه ای نرخ ارز و سکه,"دلار آمریکا 🇺🇸 268,200 تغییر 600-▼ %0.22- یورو 🇪🇺 301,980 تغییر 670-▼ %0.22- پوند انگلیس 🇬🇧 354,310 تغییر 1660-▼ %0.47- درهم امارات 🇦🇪 73,670 تغییر 220-▼ %0.30- لیر ترکیه 🇹🇷 5,460 تغییر 10-▼ %0.18- ین ژاپن 🇯🇵 1,700 تغییر 5-▼ %0.29- دلار است...",Dubai|Turkey|UK,,,,,,,2705530.75,,,,,,,,,,,toman,"{""Dubai"": 2705530.75, ""Turkey"": 2466828.0}",,,,fresh,72,100,regional_fx_board,2026-10-04T15:23:10+00:00,Turkey,2466828.0,single_value,TRY
navasanchannel,نوسان - اعلان لحظه ای نرخ ارز و سکه,"دلار آمریکا 🇺🇸 267,600 تغییر 1200-▼ %0.45- یورو 🇪🇺 301,300 تغییر 1350-▼ %0.45- پوند انگلیس 🇬🇧 353,510 تغییر 2460-▼ %0.69- درهم امارات 🇦🇪 73,640 تغییر 250-▼ %0.34- لیر ترکیه 🇹🇷 5,450 تغییر 20-▼ %0.37- ین ژاپن 🇯🇵 1,695 تغییر 10-▼ %0.59- دلار ...",Dubai|Turkey|UK,,,,,,,2704429.00,,,,,,,,,,,toman,"{""Dubai"": 2704429.0, ""Turkey"": 2462310.0, ""UK"": 2719307.69}",,,,fresh,72,100,regional_fx_board,2026-10-04T14:23:04+00:00,UK,2719307.692307692,single_value,GBP
navasanchannel,نوسان - اعلان لحظه ای نرخ ارز و سکه,"دلار آمریکا 🇺🇸 268,200 تغییر 600-▼ %0.22- یورو 🇪🇺 301,980 تغییر 670-▼ %0.22- پوند انگلیس 🇬🇧 354,310 تغییر 1660-▼ %0.47- درهم امارات 🇦🇪 73,670 تغییر 220-▼ %0.30- لیر ترکیه 🇹🇷 5,460 تغییر 10-▼ %0.18- ین ژاپن 🇯🇵 1,700 تغییر 5-▼ %0.29- دلار است...",Dubai|Turkey|UK,,,,,,,2705530.75,,,,,,,,,,,toman,"{""Dubai"": 2705530.75, ""Turkey"": 2466828.0, ""UK"": 2725461.54}",,,,fresh,72,100,regional_fx_board,2026-10-04T15:23:10+00:00,UK,2725461.5384615385,single_value,GBP
sarafibartarlondon,صرافی برتر | لندن,"خرید پوند بانکی : 315,000 تومان نرخ‌های بانکی : برای مبالغ بالای 1000 پوند 💷 فروش پوند بانکی (حساب رسمی) : Call برای کسب قیمت قطعی و اطلاعات بیشتر تماس بگیرید ⁦برای معاملات رسمی با رسید معتبر با ما تماس بگیرید راه‌های ارتباط با ما 🇬🇧 👇🏻 📞 ت...",London,,,,,,,,,,,,2423076.92,,,,,,toman,"{""London"": 2423076.92}",315000,,,recent,72,65,exchange_shop,2026-10-02T08:28:22+00:00,London,2423076.923076923,buy,GBP
dolareseleimani,نرخ لحظه ای دلار سلیمانیه,"دلار فردایی تهران ⏳ 269,045 فروش 🔴 ⏱️ به‌روزرسانی: 20:44:00 📅 تاریخ: یک‌شنبه 12 مهر 1405 💎 دلار سلیمانی",Tehran,2690450.00,,,,,,,,,,,,,,,,,toman,"{""Tehran"": 2690450.0}",,269045,,fresh,71,50,regional_market_channel,2026-10-04T17:14:00+00:00,Tehran,2690450.0,sell,USD
dolareseleimani,نرخ لحظه ای دلار سلیمانیه,"دلار فردایی تهران ⏳ 269,499 فروش 🔴 ⏱️ به‌روزرسانی: 20:44:00 📅 تاریخ: یک‌شنبه 12 مهر 1405 💎 دلار سلیمانی",Tehran,2694990.00,,,,,,,,,,,,,,,,,toman,"{""Tehran"": 2694990.0}",,269499,,fresh,71,50,regional_market_channel,2026-10-04T17:14:00+00:00,Tehran,2694990.0,sell,USD
dolareseleimani,نرخ لحظه ای دلار سلیمانیه,"دلار فردایی تهران ⏳ 269,015 فروش 🔴 ⏱️ به‌روزرسانی: 20:44:00 📅 تاریخ: یک‌شنبه 12 مهر 1405 💎 دلار سلیمانی",Tehran,2690150.00,,,,,,,,,,,,,,,,,toman,"{""Tehran"": 2690150.0}",,269015,,fresh,71,50,regional_market_channel,2026-10-04T17:14:00+00:00,Tehran,2690150.0,sell,USD
dolareseleimani,نرخ لحظه ای دلار سلیمانیه,"دلار فردایی تهران ⏳ 268,895 فروش 🔴 ⏱️ به‌روزرسانی: 20:59:00 📅 تاریخ: یک‌شنبه 12 مهر 1405 💎 دلار سلیمانی",Tehran,2688950.00,,,,,,,,,,,,,,,,,toman,"{""Tehran"": 2688950.0}",,268895,,fresh,71,50,regional_market_channel,2026-10-04T17:29:00+00:00,Tehran,2688950.0,sell,USD
dolareseleimani,نرخ لحظه ای دلار سلیمانیه,"دلار فردایی تهران ⏳ 269,257 فروش 🔴 ⏱️ به‌روزرسانی: 20:59:00 📅 تاریخ: یک‌شنبه 12 مهر 1405 💎 دلار سلیمانی",Tehran,2692570.00,,,,,,,,,,,,,,,,,toman,"{""Tehran"": 2692570.0}",,269257,,fresh,71,50,regional_market_channel,2026-10-04T17:29:00+00:00,Tehran,2692570.0,sell,USD
dolareseleimani,نرخ لحظه ای دلار سلیمانیه,"دلار فردایی تهران ⏳ 269,509 فروش 🔴 ⏱️ به‌روزرسانی: 21:13:59 📅 تاریخ: یک‌شنبه 12 مهر 1405 💎 دلار سلیمانی",Tehran,2695090.00,,,,,,,,,,,,,,,,,toman,"{""Tehran"": 2695090.0}",,269509,,fresh,71,50,regional_market_channel,2026-10-04T17:44:00+00:00,Tehran,2695090.0,sell,USD
dollar_tehran3bze,قیمت لحظه‌ای دلار تهران,"دلار فردایی تهران ⏳ 268,700 فروش 🔴",Tehran,2687000.00,,,,,,,,,,,,,,,,,toman,"{""Tehran"": 2687000.0}",,268700,,fresh,71,15,aggregator,2026-10-04T17:01:21+00:00,Tehran,2687000.0,sell,USD
dollar_tehran3bze,قیمت لحظه‌ای دلار تهران,"دلار فردایی تهران ⏳ 269,000 فروش 🔴",Tehran,2690000.00,,,,,,,,,,,,,,,,,toman,"{""Tehran"": 2690000.0}",,269000,,fresh,71,15,aggregator,2026-10-04T17:01:23+00:00,Tehran,2690000.0,sell,USD
dollar_tehran3bze,قیمت لحظه‌ای دلار تهران,"دلار فردایی تهران ⏳ 269,200 فروش 🔴",Tehran,2692000.00,,,,,,,,,,,,,,,,,toman,"{""Tehran"": 2692000.0}",,269200,,fresh,71,15,aggregator,2026-10-04T17:27:47+00:00,Tehran,2692000.0,sell,USD
dollarferdowsi,نرخ لحظه ای دلار | میدان فردوسی تهران,"دلار فردایی تهران ⏳ 268,800 فروش 🔴",Tehran,2688000.00,,,,,,,,,,,,,,,,,toman,"{""Tehran"": 2688000.0}",,268800,,fresh,71,10,regional_market_channel,2026-10-04T16:20:26+00:00,Tehran,2688000.0,sell,USD
dollarferdowsi,نرخ لحظه ای دلار | میدان فردوسی تهران,"دلار فردایی تهران ⏳ 268,700 فروش 🔴",Tehran,2687000.00,,,,,,,,,,,,,,,,,toman,"{""Tehran"": 2687000.0}",,268700,,fresh,71,10,regional_market_channel,2026-10-04T16:33:47+00:00,Tehran,2687000.0,sell,USD
dollarferdowsi,نرخ لحظه ای دلار | میدان فردوسی تهران,"دلار فردایی تهران ⏳ 269,000 فروش 🔴",Tehran,2690000.00,,,,,,,,,,,,,,,,,toman,"{""Tehran"": 2690000.0}",,269000,,fresh,71,10,regional_market_channel,2026-10-04T17:01:28+00:00,Tehran,2690000.0,sell,USD
dollarferdowsi,نرخ لحظه ای دلار | میدان فردوسی تهران,"دلار فردایی تهران ⏳ 269,200 فروش 🔴",Tehran,2692000.00,,,,,,,,,,,,,,,,,toman,"{""Tehran"": 2692000.0}",,269200,,fresh,71,10,regional_market_channel,2026-10-04T17:27:55+00:00,Tehran,2692000.0,sell,USD
dollarsprice22,💵 مظنه ارز 💵,"#1405_07_11 ⏱️ 16:17 💵 #دلار تهران_نقدی 🇮🇷 267,500 تا 267,700 دلار 🇺🇸 تهران بین همکاران 268,500 دینار عراق 🇮🇶 167,000 تومان 🅱 بیت‌کوین 86.183.00 💵 📈 💰 قیمت ارز،طلا و خودرو 👇 @dollarsprice22",Tehran,2675000.00,,,,,,,,,,,,,,,,,toman,"{""Tehran"": 2675000.0}",,,,recent,71,100,regional_fx_board,2026-10-03T12:47:44+00:00,Tehran,2675000.0,single_value,USD
dollarsprice22,💵 مظنه ارز 💵,"#1405_07_11 ⏱️ 19:48 💵 #دلار تهران_نقدی 🇮🇷 267,500 تا 267,700 دلار 🇺🇸 تهران بین همکاران 268,500 دینار عراق 🇮🇶 168,000 تومان 🅱 بیت‌کوین 86.268.00 💵 📈 💰 قیمت ارز،طلا و خودرو 👇 @dollarsprice22",Tehran,2675000.00,,,,,,,,,,,,,,,,,toman,"{""Tehran"": 2675000.0}",,,,recent,71,100,regional_fx_board,2026-10-03T16:19:34+00:00,Tehran,2675000.0,single_value,USD
doolarharat,نرخ لحظه ای دلار هرات,"دلار فردایی تهران ⏳ 268,333 فروش 🔴 ⏱️ به‌روزرسانی: 20:43:57 📅 تاریخ: یک‌شنبه 12 مهر 1405 💎 دلار هرات",Tehran,2683330.00,,,,,,,,,,,,,,,,,toman,"{""Tehran"": 2683330.0}",,268333,,fresh,71,100,regional_market_channel,2026-10-04T17:13:57+00:00,Tehran,2683330.0,sell,USD
doolarharat,نرخ لحظه ای دلار هرات,"دلار فردایی تهران ⏳ 269,548 فروش 🔴 ⏱️ به‌روزرسانی: 20:43:57 📅 تاریخ: یک‌شنبه 12 مهر 1405 💎 دلار هرات",Tehran,2695480.00,,,,,,,,,,,,,,,,,toman,"{""Tehran"": 2695480.0}",,269548,,fresh,71,100,regional_market_channel,2026-10-04T17:13:57+00:00,Tehran,2695480.0,sell,USD
doolarharat,نرخ لحظه ای دلار هرات,"دلار فردایی تهران ⏳ 269,168 فروش 🔴 ⏱️ به‌روزرسانی: 20:43:57 📅 تاریخ: یک‌شنبه 12 مهر 1405 💎 دلار هرات",Tehran,2691680.00,,,,,,,,,,,,,,,,,toman,"{""Tehran"": 2691680.0}",,269168,,fresh,71,100,regional_market_channel,2026-10-04T17:13:57+00:00,Tehran,2691680.0,sell,USD
doolarharat,نرخ لحظه ای دلار هرات,"دلار فردایی تهران ⏳ 269,406 فروش 🔴 ⏱️ به‌روزرسانی: 20:58:57 📅 تاریخ: یک‌شنبه 12 مهر 1405 💎 دلار هرات",Tehran,2694060.00,,,,,,,,,,,,,,,,,toman,"{""Tehran"": 2694060.0}",,269406,,fresh,71,100,regional_market_channel,2026-10-04T17:28:57+00:00,Tehran,2694060.0,sell,USD
doolarharat,نرخ لحظه ای دلار هرات,"دلار فردایی تهران ⏳ 268,409 فروش 🔴 ⏱️ به‌روزرسانی: 20:58:57 📅 تاریخ: یک‌شنبه 12 مهر 1405 💎 دلار هرات",Tehran,2684090.00,,,,,,,,,,,,,,,,,toman,"{""Tehran"": 2684090.0}",,268409,,fresh,71,100,regional_market_channel,2026-10-04T17:28:57+00:00,Tehran,2684090.0,sell,USD
doolarharat,نرخ لحظه ای دلار هرات,"دلار فردایی تهران ⏳ 269,531 فروش 🔴 ⏱️ به‌روزرسانی: 21:13:57 📅 تاریخ: یک‌شنبه 12 مهر 1405 💎 دلار هرات",Tehran,2695310.00,,,,,,,,,,,,,,,,,toman,"{""Tehran"": 2695310.0}",,269531,,fresh,71,100,regional_market_channel,2026-10-04T17:43:57+00:00,Tehran,2695310.0,sell,USD
ir_dolar,قیمت لحظه ای دلار,"#1405_07_11 ⏱️ 16:17 💵 #دلار تهران_نقدی 🇮🇷 267,500 تا 267,700 دلار 🇺🇸 تهران بین همکاران 268,500 دینار عراق 🇮🇶 167,000 تومان 🅱 بیت‌کوین 86.183.00 💵 📈 💰 قیمت ارز،طلا و خودرو 👇 @ir_dolar @new_onlin",Tehran,2675000.00,,,,,,,,,,,,,,,,,toman,"{""Tehran"": 2675000.0}",,,,recent,71,100,regional_fx_board,2026-10-03T12:47:27+00:00,Tehran,2675000.0,single_value,USD
ir_dolar,قیمت لحظه ای دلار,"#1405_07_11 ⏱️ 19:48 💵 #دلار تهران_نقدی 🇮🇷 267,500 تا 267,700 دلار 🇺🇸 تهران بین همکاران 268,500 دینار عراق 🇮🇶 168,000 تومان 🅱 بیت‌کوین 86.268.00 💵 📈 💰 قیمت ارز،طلا و خودرو 👇 @ir_dolar @new_onlin",Tehran,2675000.00,,,,,,,,,,,,,,,,,toman,"{""Tehran"": 2675000.0}",,,,recent,71,100,regional_fx_board,2026-10-03T16:19:16+00:00,Tehran,2675000.0,single_value,USD
sarafijavan,SARAFI JAVAN | صرافی جوان لندن پوند خرید و فروش قیمت پوند نرخ ارز حواله دلار کانادا آمریکا درهم CAD EURO انگلیس یورو,"🟢 296,000 تومـــان خـــریـــ‌‌ـد ما ( پوند حسابی) 🔴 310,000 تومـــان فــــــروش ما (پــوند حسابی) ⭐️ انتقال سریع، مطمئن و شفاف ⭐️ ⸻ 📞 WhatsApp استعلام بهترین و آخرین قیمت 💬 👇 👇 👇 👇 https://wa.me/447577175916 ⸻ 📌 قیمت‌های فروش در تهران 💸 پون...",UK,,,,,,,,,,,,,,,,,,toman,"{""UK"": 2405487.5}",,318000,,stale,71,100,regional_fx_board,2026-09-28T08:17:13+00:00,UK,2405487.5,single_value,AED
sarafijavan,SARAFI JAVAN | صرافی جوان لندن پوند خرید و فروش قیمت پوند نرخ ارز حواله دلار کانادا آمریکا درهم CAD EURO انگلیس یورو,"🟢 305,000 تومـــان خـــریـــ‌‌ـد ما ( پوند حسابی) 🔴 325,000 تومـــان فــــــروش ما (پــوند حسابی) ⭐️ انتقال سریع، مطمئن و شفاف ⭐️ ⸻ 📞 WhatsApp استعلام بهترین و آخرین قیمت 💬 👇 👇 👇 👇 https://wa.me/447577175916 ⸻ 📌 قیمت‌های فروش در تهران 💸 پون...",UK,,,,,,,,,,,,,,,,,,toman,"{""UK"": 2497300.0}",,330000,,stale,71,100,regional_fx_board,2026-09-29T08:17:54+00:00,UK,2497300.0,single_value,AED
sarafijavan,SARAFI JAVAN | صرافی جوان لندن پوند خرید و فروش قیمت پوند نرخ ارز حواله دلار کانادا آمریکا درهم CAD EURO انگلیس یورو,"🟢 310,000 تومـــان خـــریـــ‌‌ـد ما ( پوند حسابی) 🔴 330,000 تومـــان فــــــروش ما (پــوند حسابی) ⭐️ انتقال سریع، مطمئن و شفاف ⭐️ ⸻ 📞 WhatsApp استعلام بهترین و آخرین قیمت 💬 👇 👇 👇 👇 https://wa.me/447577175916 ⸻ 📌 قیمت‌های فروش در تهران 💸 پون...",UK,,,,,,,,,,,,,,,,,,toman,"{""UK"": 2552387.5}",,338000,,stale,71,100,regional_fx_board,2026-09-30T08:07:33+00:00,UK,2552387.5,single_value,AED
sarafijavan,SARAFI JAVAN | صرافی جوان لندن پوند خرید و فروش قیمت پوند نرخ ارز حواله دلار کانادا آمریکا درهم CAD EURO انگلیس یورو,"🟢 315,000 تومـــان خـــریـــ‌‌ـد ما ( پوند حسابی) 🔴 335,000 تومـــان فــــــروش ما (پــوند حسابی) ⭐️ انتقال سریع، مطمئن و شفاف ⭐️ ⸻ 📞 WhatsApp استعلام بهترین و آخرین قیمت 💬 👇 👇 👇 👇 https://wa.me/447577175916 ⸻ 📌 قیمت‌های فروش در تهران 💸 پون...",UK,,,,,,,,,,,,,,,,,,toman,"{""UK"": 2570750.0}",,338000,,stale,71,100,regional_fx_board,2026-10-01T08:27:38+00:00,UK,2570750.0,single_value,AED
tahran_sabza,قیمت لحظه ای دلارتهران,"دلار فردایی تهران ⏳ 268,700 فروش 🔴",Tehran,2687000.00,,,,,,,,,,,,,,,,,toman,"{""Tehran"": 2687000.0}",,268700,,fresh,71,20,regional_market_channel,2026-10-04T16:33:40+00:00,Tehran,2687000.0,sell,USD
tahran_sabza,قیمت لحظه ای دلارتهران,"دلار فردایی تهران ⏳ 269,000 فروش 🔴",Tehran,2690000.00,,,,,,,,,,,,,,,,,toman,"{""Tehran"": 2690000.0}",,269000,,fresh,71,20,regional_market_channel,2026-10-04T17:01:24+00:00,Tehran,2690000.0,sell,USD
tahran_sabza,قیمت لحظه ای دلارتهران,"دلار فردایی تهران ⏳ 269,200 فروش 🔴",Tehran,2692000.00,,,,,,,,,,,,,,,,,toman,"{""Tehran"": 2692000.0}",,269200,,fresh,71,20,regional_market_channel,2026-10-04T17:27:47+00:00,Tehran,2692000.0,sell,USD
arzdolar,کانال ارز دلار | ARZDOLAR,"🔔 #دلار تهران = 268,500 #تتر (تومان) = 268,348",Tehran,2685000.00,,,,,,,,,,,,,,,,,toman,"{""Tehran"": 2685000.0}",,,,fresh,70,100,regional_market_channel,2026-10-04T15:57:16+00:00,Tehran,2685000.0,single_value,USD
arzdolar,کانال ارز دلار | ARZDOLAR,"🔔 #دلار تهران = 268,800 #تتر (تومان) = 268,300",Tehran,2688000.00,,,,,,,,,,,,,,,,,toman,"{""Tehran"": 2688000.0}",,,,fresh,70,100,regional_market_channel,2026-10-04T16:21:16+00:00,Tehran,2688000.0,single_value,USD
arzdolar,کانال ارز دلار | ARZDOLAR,"🔔 #دلار تهران = 268,700 #تتر (تومان) = 268,300",Tehran,2687000.00,,,,,,,,,,,,,,,,,toman,"{""Tehran"": 2687000.0}",,,,fresh,70,100,regional_market_channel,2026-10-04T16:35:18+00:00,Tehran,2687000.0,single_value,USD
arzdolar,کانال ارز دلار | ARZDOLAR,"🔔 #دلار تهران = 269,000 #تتر (تومان) = 268,597",Tehran,2690000.00,,,,,,,,,,,,,,,,,toman,"{""Tehran"": 2690000.0}",,,,fresh,70,100,regional_market_channel,2026-10-04T17:02:17+00:00,Tehran,2690000.0,single_value,USD
arzdolar,کانال ارز دلار | ARZDOLAR,"🔔 #دلار تهران = 269,200 #تتر (تومان) = 268,801",Tehran,2692000.00,,,,,,,,,,,,,,,,,toman,"{""Tehran"": 2692000.0}",,,,fresh,70,100,regional_market_channel,2026-10-04T17:28:18+00:00,Tehran,2692000.0,single_value,USD
as_plus_shopping,دخانیات آس,"🔸 دلار آمریکا : 272,000 🔸 دلار کانادا : 190,880 🔸 یورو : 306,250 🔸 پوند انگلیس : 359,330 🔸 درهم امارات : 74,710 🔸 یوآن چین : 40,570 🔸 لیر ترکیه : 5,540 🔸 سکه امامی : 275,500,000 🔸 نیم سکه : 143,000,000 🔸 ربع سکه : 79,000,000 🔸 گرم طلای 18 :...",Dubai|UK,,,,,,,2743724.75,,,,,,,,,,,toman,"{""Dubai"": 2743724.75}",,,,fresh,69,100,regional_fx_board,2026-10-04T09:03:45+00:00,Dubai,2743724.75,single_value,AED
as_plus_shopping,دخانیات آس,"🔸 دلار آمریکا : 272,000 🔸 دلار کانادا : 190,880 🔸 یورو : 306,250 🔸 پوند انگلیس : 359,330 🔸 درهم امارات : 74,710 🔸 یوآن چین : 40,570 🔸 لیر ترکیه : 5,540 🔸 سکه امامی : 275,500,000 🔸 نیم سکه : 143,000,000 🔸 ربع سکه : 79,000,000 🔸 گرم طلای 18 :...",Dubai|UK,,,,,,,2743724.75,,,,,,,,,,,toman,"{""Dubai"": 2743724.75, ""UK"": 2764076.92}",,,,fresh,69,100,regional_fx_board,2026-10-04T09:03:45+00:00,UK,2764076.923076923,single_value,GBP
danielexchange,صرافی دانیال لندن - Sarafi Daniel London,"💷 خرید پوند بانکی : 285,000- 290,000 تومان 💷 فروش پوند بانکی: Call تومان 🔸 شامل مبالغ انتقال بانکی ============================== 💷 خرید نقدی پوند :280,000 تومان 💷 فروش نقدی پوند : Call تومان 🔸 شامل مبالغ کش(نقدی) ✴️ خرید و فروش قانونی ارز ...",London,,,,,,,,,,,,2211538.46,,,,,,toman,"{""London"": 2211538.46}",285000,290000,287500.00,old,69,100,regional_market_channel,2026-09-21T09:32:53+00:00,London,2211538.4615384615,midpoint,GBP
danielexchange,صرافی دانیال لندن - Sarafi Daniel London,"💷 خرید پوند بانکی : 285,000- 292,000 تومان 💷 فروش پوند بانکی: Call تومان 🔸 شامل مبالغ انتقال بانکی ============================== 💷 خرید نقدی پوند :285,000 تومان 💷 فروش نقدی پوند : Call تومان 🔸 شامل مبالغ کش(نقدی) ✴️ خرید و فروش قانونی ارز ...",London,,,,,,,,,,,,2219230.77,,,,,,toman,"{""London"": 2219230.77}",285000,292000,288500.00,old,69,100,regional_market_channel,2026-09-22T12:26:28+00:00,London,2219230.769230769,midpoint,GBP
danielexchange,صرافی دانیال لندن - Sarafi Daniel London,"💷 خرید پوند بانکی : 282,000- 287,000 تومان 💷 فروش پوند بانکی: Call تومان 🔸 شامل مبالغ انتقال بانکی ============================== 💷 خرید نقدی پوند :282,000 تومان 💷 فروش نقدی پوند : Call تومان 🔸 شامل مبالغ کش(نقدی) ✴️ خرید و فروش قانونی ارز ...",London,,,,,,,,,,,,2188461.54,,,,,,toman,"{""London"": 2188461.54}",282000,287000,284500.00,old,69,100,regional_market_channel,2026-09-23T09:44:07+00:00,London,2188461.5384615385,midpoint,GBP
danielexchange,صرافی دانیال لندن - Sarafi Daniel London,"💷 خرید پوند بانکی : 287,000- 292,000 تومان 💷 فروش پوند بانکی: Call تومان 🔸 شامل مبالغ انتقال بانکی ============================== 💷 خرید نقدی پوند :285,000 تومان 💷 فروش نقدی پوند : Call تومان 🔸 شامل مبالغ کش(نقدی) ✴️ خرید و فروش قانونی ارز ...",London,,,,,,,,,,,,2226923.08,,,,,,toman,"{""London"": 2226923.08}",287000,292000,289500.00,old,69,100,regional_market_channel,2026-09-24T09:34:40+00:00,London,2226923.076923077,midpoint,GBP
daviditsupportuklondon,DAVID IT SUPPORT UK,"17/09/2026 ‎ ⭕️ گزارش قیمت ارزهای دیجیتال چهارشنبه 25 شهریور 1405 ‎ ◽️ بیت کوین : 173,721,656,000 ریال ‎ ◽️ بیت کوین : 75,626.51 تتر ‎ ◽️ اتریوم : 5,484,395,200 ریال ‎ ◽️ اتریوم : 2,387.53 تتر ‎ ◽️ تتر : 2,300,090 ریال ‎ ◽️ تتر : 1 تتر ‎✓ ن...",London|UK,,,,,,,,,,,,2307692.31,,,,,,toman,"{""London"": 2307692.31}",300000,300000,290000.00,old,69,100,regional_fx_board,2026-09-17T09:10:25+00:00,London,2307692.3076923075,midpoint,GBP
daviditsupportuklondon,DAVID IT SUPPORT UK,"18/09/2026 ‎گزارش قیمت ارزهای دیجیتال جمعه 27 شهریور 1405 ‎ ◽️ بیت کوین : 178,765,885,000 ریال ‎ ◽️ بیت کوین : 78,299.63 تتر ‎ ◽️ اتریوم : 5,725,946,300 ریال ‎ ◽️ اتریوم : 2,507.97 تتر ‎ ◽️ تتر : 2,283,850 ریال ‎ ◽️ تتر : 1. تتر ‎✓ نرخ ارز ...",London|UK,,,,,,,,,,,,2307692.31,,,,,,toman,"{""London"": 2307692.31}",300000,300000,292500.00,old,69,100,regional_fx_board,2026-09-18T09:13:30+00:00,London,2307692.3076923075,midpoint,GBP
daviditsupportuklondon,DAVID IT SUPPORT UK,"19/09/2026 ‎ ⭕️ گزارش قیمت ‎ارزهای دیجیتال ‎شنبه 28 شهریور 1405 ‎ ◽️ بیت کوین : ‎185,256,310,000 ریال ‎ ◽️ بیت کوین ‎ : 81,263.46 تتر ‎ ◽️ اتریوم ‎ : 6,030,080,100 ریال ‎ ◽️ اتریوم : 2,645.12 تتر ‎ ◽️ تتر : 2,279,920 ریال ‎ ◽️ تتر : 1 تتر ‎...",London|UK,,,,,,,,,,,,2307692.31,,,,,,toman,"{""London"": 2307692.31}",300000,300000,292500.00,old,69,100,regional_fx_board,2026-09-19T09:00:13+00:00,London,2307692.3076923075,midpoint,GBP
daviditsupportuklondon,DAVID IT SUPPORT UK,"20/09/2026 . ‎ ⭕️ گزارش قیمت ارزهای دیجیتال دوشنبه 30 شهریور 1405 ‎ ◽️ بیت کوین : 187,118,323,000 ریال ‎ ◽️ بیت کوین : 81,907.78 تتر ‎ ◽️ اتریوم : 6,092,099,000 ریال ‎ ◽️ اتریوم : 2,666.71 تتر ‎ ◽️ تتر : 2,285,890 ریال ‎ ◽️ تتر : 1 تتر ‎✓ ن...",London|UK,,,,,,,,,,,,2307692.31,,,,,,toman,"{""London"": 2307692.31}",300000,300000,292500.00,old,69,100,regional_fx_board,2026-09-21T08:37:55+00:00,London,2307692.3076923075,midpoint,GBP
daviditsupportuklondon,DAVID IT SUPPORT UK,"22/09/2026 ‎ ⭕️ گزارش قیمت ارزهای دیجیتال سه شنبه 31 شهریور 1405 ‎ ◽️ بیت کوین : 198,971,417,000 ریال ‎ ◽️ بیت کوین : 86,250.56 تتر ‎ ◽️ اتریوم : 6,346,743,300 ریال ‎ ◽️ اتریوم : 2,751.2 تتر ‎ ◽️ تتر : 2,314,520 ریال ‎ ◽️ تتر : 1 تتر ‎✓ نرخ...",London|UK,,,,,,,,,,,,2346153.85,,,,,,toman,"{""London"": 2346153.85}",305000,305000,295000.00,old,69,100,regional_fx_board,2026-09-22T10:17:50+00:00,London,2346153.846153846,midpoint,GBP
daviditsupportuklondon,DAVID IT SUPPORT UK,"22/09/2026 ‎ ⭕️ گزارش قیمت ارزهای دیجیتال سه شنبه 31 شهریور 1405 ‎ ◽️ بیت کوین : 198,971,417,000 ریال ‎ ◽️ بیت کوین : 86,250.56 تتر ‎ ◽️ اتریوم : 6,346,743,300 ریال ‎ ◽️ اتریوم : 2,751.2 تتر ‎ ◽️ تتر : 2,314,520 ریال ‎ ◽️ تتر : 1 تتر ‎✓ نرخ...",London|UK,,,,,,,,,,,,2346153.85,,,,,,toman,"{""London"": 2346153.85}",305000,305000,295000.00,old,69,100,regional_fx_board,2026-09-22T10:41:18+00:00,London,2346153.846153846,midpoint,GBP
daviditsupportuklondon,DAVID IT SUPPORT UK,"25/09/2026 ‎ ⭕️ گزارش قیمت ارزهای دیجیتال سه شنبه 31 شهریور 1405 ‎ ◽️ بیت کوین : 198,971,417,000 ریال ‎ ◽️ بیت کوین : 86,250.56 تتر ‎ ◽️ اتریوم : 6,346,743,300 ریال ‎ ◽️ اتریوم : 2,751.2 تتر ‎ ◽️ تتر : 2,314,520 ریال ‎ ◽️ تتر : 1 تتر ‎✓ نرخ...",London|UK,,,,,,,,,,,,2323076.92,,,,,,toman,"{""London"": 2323076.92}",302000,302000,295000.00,old,69,100,regional_fx_board,2026-09-25T08:34:12+00:00,London,2323076.923076923,midpoint,GBP
daviditsupportuklondon,DAVID IT SUPPORT UK,"17/09/2026 ‎ ⭕️ گزارش قیمت ارزهای دیجیتال چهارشنبه 25 شهریور 1405 ‎ ◽️ بیت کوین : 173,721,656,000 ریال ‎ ◽️ بیت کوین : 75,626.51 تتر ‎ ◽️ اتریوم : 5,484,395,200 ریال ‎ ◽️ اتریوم : 2,387.53 تتر ‎ ◽️ تتر : 2,300,090 ریال ‎ ◽️ تتر : 1 تتر ‎✓ ن...",London|UK,,,,,,,,,,,,2307692.31,,,,,,toman,"{""London"": 2307692.31, ""UK"": 2307692.31}",300000,300000,290000.00,old,69,100,regional_fx_board,2026-09-17T09:10:25+00:00,UK,2307692.3076923075,midpoint,GBP
daviditsupportuklondon,DAVID IT SUPPORT UK,"18/09/2026 ✓ قیمت پوند انگلستان 🇬🇧 ✓ خرید نقدی پوند 285,000 ✓ فروش نقدی پوند 295,000 ✓ واریزی فوری 1 روزه ✓ خرید حسابی پوند 285,000 فروش حساب شخصی 300,000 فروش حساب شرکتی 310,000 ✓ واریزی فوری 1 ساعته و 1روزه ✓ کارمزد کمتر 1,000پوند5 تا 10پ...",UK,,,,,,,,,,,,,,,,,,toman,"{""UK"": 2850000.0}",285000,285000,285000.00,old,69,100,regional_fx_board,2026-09-18T08:36:51+00:00,UK,2850000.0,midpoint,USD
daviditsupportuklondon,DAVID IT SUPPORT UK,"18/09/2026 ‎گزارش قیمت ارزهای دیجیتال جمعه 27 شهریور 1405 ‎ ◽️ بیت کوین : 178,765,885,000 ریال ‎ ◽️ بیت کوین : 78,299.63 تتر ‎ ◽️ اتریوم : 5,725,946,300 ریال ‎ ◽️ اتریوم : 2,507.97 تتر ‎ ◽️ تتر : 2,283,850 ریال ‎ ◽️ تتر : 1. تتر ‎✓ نرخ ارز ...",London|UK,,,,,,,,,,,,2307692.31,,,,,,toman,"{""London"": 2307692.31, ""UK"": 2307692.31}",300000,300000,292500.00,old,69,100,regional_fx_board,2026-09-18T09:13:30+00:00,UK,2307692.3076923075,midpoint,GBP
daviditsupportuklondon,DAVID IT SUPPORT UK,"19/09/2026 ‎ ⭕️ گزارش قیمت ‎ارزهای دیجیتال ‎شنبه 28 شهریور 1405 ‎ ◽️ بیت کوین : ‎185,256,310,000 ریال ‎ ◽️ بیت کوین ‎ : 81,263.46 تتر ‎ ◽️ اتریوم ‎ : 6,030,080,100 ریال ‎ ◽️ اتریوم : 2,645.12 تتر ‎ ◽️ تتر : 2,279,920 ریال ‎ ◽️ تتر : 1 تتر ‎...",London|UK,,,,,,,,,,,,2307692.31,,,,,,toman,"{""London"": 2307692.31, ""UK"": 2307692.31}",300000,300000,292500.00,old,69,100,regional_fx_board,2026-09-19T09:00:13+00:00,UK,2307692.3076923075,midpoint,GBP
daviditsupportuklondon,DAVID IT SUPPORT UK,"20/09/2026 . ‎ ⭕️ گزارش قیمت ارزهای دیجیتال دوشنبه 30 شهریور 1405 ‎ ◽️ بیت کوین : 187,118,323,000 ریال ‎ ◽️ بیت کوین : 81,907.78 تتر ‎ ◽️ اتریوم : 6,092,099,000 ریال ‎ ◽️ اتریوم : 2,666.71 تتر ‎ ◽️ تتر : 2,285,890 ریال ‎ ◽️ تتر : 1 تتر ‎✓ ن...",London|UK,,,,,,,,,,,,2307692.31,,,,,,toman,"{""London"": 2307692.31, ""UK"": 2307692.31}",300000,300000,292500.00,old,69,100,regional_fx_board,2026-09-21T08:37:55+00:00,UK,2307692.3076923075,midpoint,GBP
daviditsupportuklondon,DAVID IT SUPPORT UK,"22/09/2026 ‎ ⭕️ گزارش قیمت ارزهای دیجیتال سه شنبه 31 شهریور 1405 ‎ ◽️ بیت کوین : 198,971,417,000 ریال ‎ ◽️ بیت کوین : 86,250.56 تتر ‎ ◽️ اتریوم : 6,346,743,300 ریال ‎ ◽️ اتریوم : 2,751.2 تتر ‎ ◽️ تتر : 2,314,520 ریال ‎ ◽️ تتر : 1 تتر ‎✓ نرخ...",London|UK,,,,,,,,,,,,2346153.85,,,,,,toman,"{""London"": 2346153.85, ""UK"": 2346153.85}",305000,305000,295000.00,old,69,100,regional_fx_board,2026-09-22T10:17:50+00:00,UK,2346153.846153846,midpoint,GBP
daviditsupportuklondon,DAVID IT SUPPORT UK,"22/09/2026 ‎ ⭕️ گزارش قیمت ارزهای دیجیتال سه شنبه 31 شهریور 1405 ‎ ◽️ بیت کوین : 198,971,417,000 ریال ‎ ◽️ بیت کوین : 86,250.56 تتر ‎ ◽️ اتریوم : 6,346,743,300 ریال ‎ ◽️ اتریوم : 2,751.2 تتر ‎ ◽️ تتر : 2,314,520 ریال ‎ ◽️ تتر : 1 تتر ‎✓ نرخ...",London|UK,,,,,,,,,,,,2346153.85,,,,,,toman,"{""London"": 2346153.85, ""UK"": 2346153.85}",305000,305000,295000.00,old,69,100,regional_fx_board,2026-09-22T10:41:18+00:00,UK,2346153.846153846,midpoint,GBP
daviditsupportuklondon,DAVID IT SUPPORT UK,"25/09/2026 ‎ ⭕️ گزارش قیمت ارزهای دیجیتال سه شنبه 31 شهریور 1405 ‎ ◽️ بیت کوین : 198,971,417,000 ریال ‎ ◽️ بیت کوین : 86,250.56 تتر ‎ ◽️ اتریوم : 6,346,743,300 ریال ‎ ◽️ اتریوم : 2,751.2 تتر ‎ ◽️ تتر : 2,314,520 ریال ‎ ◽️ تتر : 1 تتر ‎✓ نرخ...",London|UK,,,,,,,,,,,,2323076.92,,,,,,toman,"{""London"": 2323076.92, ""UK"": 2323076.92}",302000,302000,295000.00,old,69,100,regional_fx_board,2026-09-25T08:34:12+00:00,UK,2323076.923076923,midpoint,GBP
dollariraqi,سعر الدولار في العراق لحظة بلحظة بورصة الكفاح و الحارثية $,"🟢 آخر أسعار الدولار في البورصات المحلية 🕰 🔺 🔺 🔥 : 🏛️ سموأل 1580.00 | 1580.00 🏛️ كفاح 1580.00 | 1581.00 🏛️ حارثية 1578.00 | 1578.50 🏛️ النجف 157,900 | 158,100 🏛️ كربلاء 157,900 | 158,100 🏛️ البصرة 1577.00 | 1577.50 🏛️ الموصل 157,900 | 158,10...",Sulaymaniyah,,,1579750.00,,,,,,,,,,,,,,,toman,"{""Sulaymaniyah"": 1579750.0}",157850,158100,158000.00,fresh,69,100,regional_fx_board,2026-10-04T07:42:03+00:00,Sulaymaniyah,1579750.0,midpoint,USD
dollariraqi,سعر الدولار في العراق لحظة بلحظة بورصة الكفاح و الحارثية $,"🟢 آخر أسعار الدولار في البورصات المحلية 🕰 🔺 🔻 ⚡️ : 🏛️ كفاح 1580.00 | 1580.50 🏛️ حارثية 1579.50 | 1580.00 🏛️ أربيل 1581.00 | 1581.50 🏛️ سليمانية 1581.00 | 1581.00 🏛️ دهوك 1579.00 | 1579.50 🏛️ الموصل 157,900 | 158,100 🏛️ صلاح الدين 157,850 | ...",Sulaymaniyah,,,1580000.00,,,,,,,,,,,,,,,toman,"{""Sulaymaniyah"": 1580000.0}",157900,158100,158000.00,fresh,69,100,regional_fx_board,2026-10-04T11:21:25+00:00,Sulaymaniyah,1580000.0,midpoint,USD
dollarstreamer,قیمت دلار سکه طلا خودرو,"🔴 دلار: 2,674,900 (0.00+) 📈 سقف: 2,725,200 📉 کف: 2,662,800 ↘️ تغییر روزانه: 13,300 (0.5%-) ا ➖ ➖ ➖ ➖ 🔴 یورو: 3,015,000 (0.00+) 📈 سقف: 3,071,700 📉 کف: 3,001,400 ↘️ تغییر روزانه: 10,400 (0.34%-) ا ➖ ➖ ➖ ➖ 🔴 درهم: 730,860 (0.00+) 📈 سقف: 744,57...",Herat,,2673000.00,,,,,,,,,,,,,,,,rial,"{""Herat"": 2673000.0}",,,,fresh,69,100,regional_market_channel,2026-10-04T14:16:05+00:00,Herat,2673000.0,single_value,USD
dollarstreamer,قیمت دلار سکه طلا خودرو,"🔴 دلار: 2,674,950 (0.00+) 📈 سقف: 2,725,200 📉 کف: 2,662,800 ↘️ تغییر روزانه: 13,250 (0.5%-) ا ➖ ➖ ➖ ➖ 🔴 یورو: 3,015,300 (0.00+) 📈 سقف: 3,071,700 📉 کف: 3,001,400 ↘️ تغییر روزانه: 10,100 (0.33%-) ا ➖ ➖ ➖ ➖ 🔴 درهم: 730,940 (0.00+) 📈 سقف: 744,57...",Herat,,2675000.00,,,,,,,,,,,,,,,,rial,"{""Herat"": 2675000.0}",,,,fresh,69,100,regional_market_channel,2026-10-04T14:26:05+00:00,Herat,2675000.0,single_value,USD
dollarstreamer,قیمت دلار سکه طلا خودرو,"🔴 دلار: 2,675,100 (0.00+) 📈 سقف: 2,725,200 📉 کف: 2,662,800 ↘️ تغییر روزانه: 13,100 (0.49%-) ا ➖ ➖ ➖ ➖ 🔴 یورو: 3,015,300 (0.00+) 📈 سقف: 3,071,700 📉 کف: 3,001,400 ↘️ تغییر روزانه: 10,100 (0.33%-) ا ➖ ➖ ➖ ➖ 🔴 درهم: 730,940 (0.00+) 📈 سقف: 744,5...",Herat,,2675500.00,,,,,,,,,,,,,,,,rial,"{""Herat"": 2675500.0}",,,,fresh,69,100,regional_market_channel,2026-10-04T14:36:05+00:00,Herat,2675500.0,single_value,USD
dollarstreamer,قیمت دلار سکه طلا خودرو,"🔴 دلار: 2,684,850 (0.00+) 📈 سقف: 2,725,200 📉 کف: 2,662,800 ↘️ تغییر روزانه: 3,350 (0.12%-) ا ➖ ➖ ➖ ➖ 🟢 یورو: 3,026,600 (0.00+) 📈 سقف: 3,071,700 📉 کف: 3,001,400 ↗️ تغییر روزانه: 1,200 (0.04%) ا ➖ ➖ ➖ ➖ 🟢 درهم: 733,670 (0.00+) 📈 سقف: 744,570 ...",Herat,,2688000.00,,,,,,,,,,,,,,,,rial,"{""Herat"": 2688000.0}",,,,fresh,69,100,regional_market_channel,2026-10-04T15:56:05+00:00,Herat,2688000.0,single_value,USD
exchangeratescountries,نرخ ارز ساعتی £ $ €,". ⭕️ قیمت ارزهای آزاد | یکشنبه 12 مهر 1405 - 11:30 🇺🇸 دلار : 2,701,950 ریال 🇪🇺 یورو : 3,051,100 ریال 🇬🇧 پوند انگلیس : 3,584,500 ریال 🇦🇪 درهم امارات : 739,600 ریال 🇹🇷 لیر ترکیه : 55,700 ریال 🇨🇭 فرانک سوئیس : 3,267,300 ریال 🇩🇰 کرون دانمارک : ...",Armenia|Dubai|Iraq|Qatar|Turkey|UK,,,,,,2305600.00,2716181.00,,,,,,,,2705976.00,,2889900.00,rial,"{""Armenia"": 2889900.0, ""Dubai"": 2716181.0, ""Iraq"": 2305600.0, ""Qatar"": 2705976.0, ""Turkey"": 2516526.0, ""UK"": 2757307.69}",,,,fresh,69,100,regional_fx_board,2026-10-04T08:51:03+00:00,Armenia,2889900.0,single_value,AMD
exchangeratescountries,نرخ ارز ساعتی £ $ €,". ⭕️ قیمت ارزهای آزاد | یکشنبه 12 مهر 1405 - 11:30 🇺🇸 دلار : 2,701,950 ریال 🇪🇺 یورو : 3,051,100 ریال 🇬🇧 پوند انگلیس : 3,584,500 ریال 🇦🇪 درهم امارات : 739,600 ریال 🇹🇷 لیر ترکیه : 55,700 ریال 🇨🇭 فرانک سوئیس : 3,267,300 ریال 🇩🇰 کرون دانمارک : ...",Armenia|Dubai|Iraq|Qatar|Turkey|UK,,,,,,2305600.00,2716181.00,,,,,,,,,,,rial,"{""Dubai"": 2716181.0, ""Iraq"": 2305600.0}",,,,fresh,69,100,regional_fx_board,2026-10-04T08:51:03+00:00,Dubai,2716181.0,single_value,AED
exchangeratescountries,نرخ ارز ساعتی £ $ €,". ⭕️ قیمت ارزهای آزاد | یکشنبه 12 مهر 1405 - 11:30 🇺🇸 دلار : 2,701,950 ریال 🇪🇺 یورو : 3,051,100 ریال 🇬🇧 پوند انگلیس : 3,584,500 ریال 🇦🇪 درهم امارات : 739,600 ریال 🇹🇷 لیر ترکیه : 55,700 ریال 🇨🇭 فرانک سوئیس : 3,267,300 ریال 🇩🇰 کرون دانمارک : ...",Armenia|Dubai|Iraq|Qatar|Turkey|UK,,,,,,2305600.00,,,,,,,,,,,,rial,"{""Iraq"": 2305600.0}",,,,fresh,69,100,regional_fx_board,2026-10-04T08:51:03+00:00,Iraq,2305600.0,single_value,IQD
exchangeratescountries,نرخ ارز ساعتی £ $ €,"22/09/2026 ‎ ⭕️ گزارش قیمت ارزهای دیجیتال سه شنبه 31 شهریور 1405 ‎ ◽️ بیت کوین : 198,971,417,000 ریال ‎ ◽️ بیت کوین : 86,250.56 تتر ‎ ◽️ اتریوم : 6,346,743,300 ریال ‎ ◽️ اتریوم : 2,751.2 تتر ‎ ◽️ تتر : 2,314,520 ریال ‎ ◽️ تتر : 1 تتر ‎✓ نرخ...",London|UK,,,,,,,,,,,,2346153.85,,,,,,toman,"{""London"": 2346153.85}",305000,305000,295000.00,old,69,100,regional_fx_board,2026-09-22T10:41:18+00:00,London,2346153.846153846,midpoint,GBP
exchangeratescountries,نرخ ارز ساعتی £ $ €,"25/09/2026 ‎ ⭕️ گزارش قیمت ارزهای دیجیتال سه شنبه 31 شهریور 1405 ‎ ◽️ بیت کوین : 198,971,417,000 ریال ‎ ◽️ بیت کوین : 86,250.56 تتر ‎ ◽️ اتریوم : 6,346,743,300 ریال ‎ ◽️ اتریوم : 2,751.2 تتر ‎ ◽️ تتر : 2,314,520 ریال ‎ ◽️ تتر : 1 تتر ‎✓ نرخ...",London|UK,,,,,,,,,,,,2323076.92,,,,,,toman,"{""London"": 2323076.92}",302000,302000,295000.00,old,69,100,regional_fx_board,2026-09-25T08:38:05+00:00,London,2323076.923076923,midpoint,GBP
exchangeratescountries,نرخ ارز ساعتی £ $ €,". ⭕️ قیمت ارزهای آزاد | یکشنبه 12 مهر 1405 - 11:30 🇺🇸 دلار : 2,701,950 ریال 🇪🇺 یورو : 3,051,100 ریال 🇬🇧 پوند انگلیس : 3,584,500 ریال 🇦🇪 درهم امارات : 739,600 ریال 🇹🇷 لیر ترکیه : 55,700 ریال 🇨🇭 فرانک سوئیس : 3,267,300 ریال 🇩🇰 کرون دانمارک : ...",Armenia|Dubai|Iraq|Qatar|Turkey|UK,,,,,,2305600.00,2716181.00,,,,,,,,2705976.00,,,rial,"{""Dubai"": 2716181.0, ""Iraq"": 2305600.0, ""Qatar"": 2705976.0, ""Turkey"": 2516526.0, ""UK"": 2757307.69}",,,,fresh,69,100,regional_fx_board,2026-10-04T08:51:03+00:00,Qatar,2705976.0,single_value,QAR
exchangeratescountries,نرخ ارز ساعتی £ $ €,". ⭕️ قیمت ارزهای آزاد | یکشنبه 12 مهر 1405 - 11:30 🇺🇸 دلار : 2,701,950 ریال 🇪🇺 یورو : 3,051,100 ریال 🇬🇧 پوند انگلیس : 3,584,500 ریال 🇦🇪 درهم امارات : 739,600 ریال 🇹🇷 لیر ترکیه : 55,700 ریال 🇨🇭 فرانک سوئیس : 3,267,300 ریال 🇩🇰 کرون دانمارک : ...",Armenia|Dubai|Iraq|Qatar|Turkey|UK,,,,,,2305600.00,2716181.00,,,,,,,,,,,rial,"{""Dubai"": 2716181.0, ""Iraq"": 2305600.0, ""Turkey"": 2516526.0}",,,,fresh,69,100,regional_fx_board,2026-10-04T08:51:03+00:00,Turkey,2516526.0,single_value,TRY
exchangeratescountries,نرخ ارز ساعتی £ $ €,"22/09/2026 ‌‏ ‎نرخ امروز لندن ✓قیمت خرید پوند, ‎خريد حساب رسمی: 290,000 ‎نقدی/حساب از ۵،۰۰۰: 285,000 ‎ نقدی/حساب از ۲،۰۰۰: 280,000 ‎ نقدی/حساب از ۱۰۰: 275,000 ✓قیمت فروش پوند; ‎فروش پوند نقدی:300,000 ‎حساب عادی:305,000 ‎ حساب فوری: 310,000 ...",UK,,,,,,,,,,,,,,,,,,toman,"{""UK"": 2173076.92}",290000,275000,282500.00,old,69,100,regional_fx_board,2026-09-22T09:46:46+00:00,UK,2173076.923076923,midpoint,GBP
exchangeratescountries,نرخ ارز ساعتی £ $ €,"22/09/2026 ‎ ⭕️ گزارش قیمت ارزهای دیجیتال سه شنبه 31 شهریور 1405 ‎ ◽️ بیت کوین : 198,971,417,000 ریال ‎ ◽️ بیت کوین : 86,250.56 تتر ‎ ◽️ اتریوم : 6,346,743,300 ریال ‎ ◽️ اتریوم : 2,751.2 تتر ‎ ◽️ تتر : 2,314,520 ریال ‎ ◽️ تتر : 1 تتر ‎✓ نرخ...",London|UK,,,,,,,,,,,,2346153.85,,,,,,toman,"{""London"": 2346153.85, ""UK"": 2346153.85}",305000,305000,295000.00,old,69,100,regional_fx_board,2026-09-22T10:41:18+00:00,UK,2346153.846153846,midpoint,GBP
exchangeratescountries,نرخ ارز ساعتی £ $ €,"23/09/2026 ‌‏ ‎نرخ امروز لندن ✓قیمت خرید پوند, ‎خريد حساب رسمی: 285,000 ‎نقدی/حساب از ۵،۰۰۰: 280,000 ‎ نقدی/حساب از ۲،۰۰۰: 275,000 ‎ نقدی/حساب از ۱۰۰: 270,000 ✓قیمت فروش پوند; ‎فروش پوند نقدی:295,000 ‎حساب عادی:299,000 ‎ حساب فوری: 305,000 ...",UK,,,,,,,,,,,,,,,,,,toman,"{""UK"": 2134615.38}",285000,270000,277500.00,old,69,100,regional_fx_board,2026-09-23T11:13:00+00:00,UK,2134615.3846153845,midpoint,GBP
exchangeratescountries,نرخ ارز ساعتی £ $ €,"25/09/2026 ‎ ⭕️ گزارش قیمت ارزهای دیجیتال سه شنبه 31 شهریور 1405 ‎ ◽️ بیت کوین : 198,971,417,000 ریال ‎ ◽️ بیت کوین : 86,250.56 تتر ‎ ◽️ اتریوم : 6,346,743,300 ریال ‎ ◽️ اتریوم : 2,751.2 تتر ‎ ◽️ تتر : 2,314,520 ریال ‎ ◽️ تتر : 1 تتر ‎✓ نرخ...",London|UK,,,,,,,,,,,,2323076.92,,,,,,toman,"{""London"": 2323076.92, ""UK"": 2323076.92}",302000,302000,295000.00,old,69,100,regional_fx_board,2026-09-25T08:38:05+00:00,UK,2323076.923076923,midpoint,GBP
exchangeratescountries,نرخ ارز ساعتی £ $ €,"26/09/2026 ‌‏ ‎نرخ امروز لندن ✓قیمت خرید پوند, ‎خريد حساب رسمی: 290,000 ‎نقدی/حساب از ۵،۰۰۰: 285,000 ‎ نقدی/حساب از ۲،۰۰۰: 280,000 ‎ نقدی/حساب از ۱۰۰: 275,000 ✓قیمت فروش پوند; ‎فروش پوند نقدی:300,000 ‎حساب عادی:305,000 ‎ حساب فوری: 310,000 ...",UK,,,,,,,,,,,,,,,,,,toman,"{""UK"": 2173076.92}",290000,275000,282500.00,old,69,100,regional_fx_board,2026-09-26T20:53:27+00:00,UK,2173076.923076923,midpoint,GBP
exchangeratescountries,نرخ ارز ساعتی £ $ €,". ⭕️ قیمت ارزهای آزاد | یکشنبه 12 مهر 1405 - 11:30 🇺🇸 دلار : 2,701,950 ریال 🇪🇺 یورو : 3,051,100 ریال 🇬🇧 پوند انگلیس : 3,584,500 ریال 🇦🇪 درهم امارات : 739,600 ریال 🇹🇷 لیر ترکیه : 55,700 ریال 🇨🇭 فرانک سوئیس : 3,267,300 ریال 🇩🇰 کرون دانمارک : ...",Armenia|Dubai|Iraq|Qatar|Turkey|UK,,,,,,2305600.00,2716181.00,,,,,,,,,,,rial,"{""Dubai"": 2716181.0, ""Iraq"": 2305600.0, ""Turkey"": 2516526.0, ""UK"": 2757307.69}",,,,fresh,69,100,regional_fx_board,2026-10-04T08:51:03+00:00,UK,2757307.692307692,single_value,GBP
fardaei_tehran,قیمت لحظه ای دلار تهران,"‏ ✅ يورو : 303,800 🔸 دلار آمريکا : 269,000 🔸 تتر : 268,441 🔸 پوند انگليس : 353,800 🔸 درهم امارات : 73,480 🔸 يوآن چين : 40,360 🔸 لير ترکيه : 5,580 🔸 دینار کویت : 873,880 🔹 طلاي 18 عيار هر گرم : 26,455,600 🔹 سکه امامي : 271,300,000 🔹 سکه بهار...",Dubai,,,,,,,2698553.00,,,,,,,,,,,toman,"{""Dubai"": 2698553.0}",,,,fresh,69,35,regional_market_channel,2026-10-04T17:45:59+00:00,Dubai,2698553.0,single_value,AED
gold_mesghal,👎💰 تحلیل تکنیکال آبشده نقدی رسمی و غیررسمی Gold_Mesghal 💰👍,"نرخ فروش #دلار ، #ارز ، #سکه و #طلا در بازار -- تغییر نسبت به دیروز - درصد 💵 دلار: 255,660 تومان 10 🔻 💶 یورو: 290,280 تومان 470 🔼 %0.16+ 💷 پوند: 339,460 تومان 1420 🔼 %0.42+ ‏ 🇨🇦 دلار کانادا: 180,030 تومان 120 🔻 %0.07- ‏ 🇦🇺 دلار استرالیا: 17...",Iran,,,,,,,,,,,,,,,,,,toman,"{""Iran"": 2729700.0}",255660,290280,272970.00,stale,69,100,regional_fx_board,2026-09-30T17:24:46+00:00,Iran,2729700.0,midpoint,USD
groupsarafilondonuk,گروه تجاری مالی لندن London,"01/09/2026 ‎ ⭕️ گزارش قیمت ارزهای دیجیتال سه شنبه 10 شهریور 1405 ‎ ◽️ بیت کوین : 163,479,976,000 ریال ‎ ◽️ بیت کوین : 77,955.26 تتر ‎ ◽️ اتریوم : 5,146,178,500 ریال ‎ ◽️ اتریوم : 2,453.95 تتر ‎ ◽️ تتر : 2,096,970 ریال ‎ ◽️ تتر : 1 تتر ‎✓ نر...",London|UK,,,,,,,,,,,,2115384.62,,,,,,toman,"{""London"": 2115384.62}",275000,275000,265000.00,old,69,100,regional_fx_board,2026-09-01T08:40:59+00:00,London,2115384.6153846155,midpoint,GBP
groupsarafilondonuk,گروه تجاری مالی لندن London,"02/09/2026 ‎ ⭕️ گزارش قیمت ارزهای دیجیتال چهارشنبه 11 شهریور 1405 ‎ ◽️ بیت کوین : 168,795,866,000 ریال ‎ ◽️ بیت کوین : 77,482.61 تتر ‎ ◽️ اتریوم : 5,268,310,100 ریال ‎ ◽️ اتریوم : 2,418.32 تتر ‎ ◽️ تتر : 2,178,400 ریال ‎ ◽️ تتر : 1 تتر ‎✓ ن...",London|UK,,,,,,,,,,,,2153846.15,,,,,,toman,"{""London"": 2153846.15}",280000,280000,270000.00,old,69,100,regional_fx_board,2026-09-02T08:45:26+00:00,London,2153846.153846154,midpoint,GBP
groupsarafilondonuk,گروه تجاری مالی لندن London,"05/09/2026 ‎ ⭕️ گزارش قیمت ارزهای دیجیتال جمعه 13 شهریور 1405 ‎ ◽️ بیت کوین : 170,237,176,000 ریال ‎ ◽️ بیت کوین : 76,912.07 تتر ‎ ◽️ اتریوم : 5,279,977,200 ریال ‎ ◽️ اتریوم : 2,385.46 تتر ‎ ◽️ تتر : 2,213,500 ریال ‎ ◽️ تتر : 1. تتر ‎✓ نرخ ...",London|UK,,,,,,,,,,,,2269230.77,,,,,,toman,"{""London"": 2269230.77}",295000,295000,285000.00,old,69,100,regional_fx_board,2026-09-05T08:16:11+00:00,London,2269230.769230769,midpoint,GBP
groupsarafilondonuk,گروه تجاری مالی لندن London,"07/09/2026 ‎گزارش قیمت ارزهای دیجیتال دوشنبه 16 شهریور 1405 ‎ ◽️ بیت کوین : 179,275,752,000 ریال ‎ ◽️ بیت کوین : 79,462.68 تتر ‎ ◽️ اتریوم : 5,616,718,900 ریال ‎ ◽️ اتریوم : 2,489.57 تتر ‎ ◽️ تتر : 2,255,980 ریال ‎ ◽️ تتر : 1 تتر ‎✓ نرخ ارز...",London|UK,,,,,,,,,,,,2307692.31,,,,,,toman,"{""London"": 2307692.31}",300000,300000,290000.00,old,69,100,regional_fx_board,2026-09-07T08:36:27+00:00,London,2307692.3076923075,midpoint,GBP
groupsarafilondonuk,گروه تجاری مالی لندن London,"09/09/2026 ‎ ⭕️ گزارش قیمت ارزهای دیجیتال چهارشنبه 18 شهریور 1405 ‎ ◽️ بیت کوین : 182,974,859,000 ریال ‎ ◽️ بیت کوین : 79,471.36 تتر ‎ ◽️ اتریوم : 5,793,759,400 ریال ‎ ◽️ اتریوم : 2,516.4 تتر ‎ ◽️ تتر : 2,302,510 ریال ‎ ◽️ تتر : 1 تتر ‎✓ نر...",London|UK,,,,,,,,,,,,2346153.85,,,,,,toman,"{""London"": 2346153.85}",305000,305000,292500.00,old,69,100,regional_fx_board,2026-09-09T08:36:12+00:00,London,2346153.846153846,midpoint,GBP
groupsarafilondonuk,گروه تجاری مالی لندن London,"10/09/2026 ‎ ⭕️ گزارش قیمت ارزهای دیجیتال پنجشنبه 19 شهریور 1405 ‎ ◽️ بیت کوین : 183,262,551,000 ریال ‎ ◽️ بیت کوین : 77,974.11 تتر ‎ ◽️ اتریوم : 5,796,286,400 ریال ‎ ◽️ اتریوم : 2,466.19 تتر ‎ ◽️ تتر : 2,354,270 ریال ‎ ◽️ تتر : 1 تتر ‎✓ نر...",London|UK,,,,,,,,,,,,2346153.85,,,,,,toman,"{""London"": 2346153.85}",305000,305000,292500.00,old,69,100,regional_fx_board,2026-09-10T07:58:10+00:00,London,2346153.846153846,midpoint,GBP
groupsarafilondonuk,گروه تجاری مالی لندن London,"11/09/2026 ‎ ⭕️ گزارش قیمت ارزهای دیجیتال جمعه 20 شهریور 1405 ‎ ◽️ بیت کوین : 181,755,258,000 ریال ‎ ◽️ بیت کوین : 77,155.52 تتر ‎ ◽️ اتریوم : 5,804,963,100 ریال ‎ ◽️ اتریوم : 2,464.22 تتر ‎ ◽️ تتر : 2,355,750 ریال ‎ ◽️ تتر : 1. تتر ‎✓ نرخ ...",London|UK,,,,,,,,,,,,2384615.38,,,,,,toman,"{""London"": 2384615.38}",310000,310000,297500.00,old,69,100,regional_fx_board,2026-09-11T08:35:00+00:00,London,2384615.3846153845,midpoint,GBP
groupsarafilondonuk,گروه تجاری مالی لندن London,"12/09/2026 ‎ گزارش قیمت ارزهای دیجیتال شنبه 21 شهریور 1405 ‎ ◽️ بیت کوین : 181,388,996,000 ریال ‎ ◽️ بیت کوین : 77,341.49 تتر ‎ ◽️ اتریوم : 5,936,869,000 ریال ‎ ◽️ اتریوم : 2,531.39 تتر ‎ ◽️ تتر : 2,345,070 ریال ‎ ◽️ تتر : 1 تتر ‎✓ نرخ ارز ...",London|UK,,,,,,,,,,,,2384615.38,,,,,,toman,"{""London"": 2384615.38}",310000,310000,297500.00,old,69,100,regional_fx_board,2026-09-12T09:23:33+00:00,London,2384615.3846153845,midpoint,GBP
groupsarafilondonuk,گروه تجاری مالی لندن London,"13/09/2026 ‎ گزارش قیمت ارزهای دیجیتال شنبه 21 شهریور 1405 ‎ ◽️ بیت کوین : 181,388,996,000 ریال ‎ ◽️ بیت کوین : 77,341.49 تتر ‎ ◽️ اتریوم : 5,936,869,000 ریال ‎ ◽️ اتریوم : 2,531.39 تتر ‎ ◽️ تتر : 2,345,070 ریال ‎ ◽️ تتر : 1 تتر ‎✓ نرخ ارز ...",London|UK,,,,,,,,,,,,2384615.38,,,,,,toman,"{""London"": 2384615.38}",310000,310000,297500.00,old,69,100,regional_fx_board,2026-09-13T08:47:37+00:00,London,2384615.3846153845,midpoint,GBP
groupsarafilondonuk,گروه تجاری مالی لندن London,"14/09/2026 ‎ گزارش قیمت ارزهای دیجیتال شنبه 21 شهریور 1405 ‎ ◽️ بیت کوین : 181,388,996,000 ریال ‎ ◽️ بیت کوین : 77,341.49 تتر ‎ ◽️ اتریوم : 5,936,869,000 ریال ‎ ◽️ اتریوم : 2,531.39 تتر ‎ ◽️ تتر : 2,345,070 ریال ‎ ◽️ تتر : 1 تتر ‎✓ نرخ ارز ...",London|UK,,,,,,,,,,,,2384615.38,,,,,,toman,"{""London"": 2384615.38}",310000,310000,297500.00,old,69,100,regional_fx_board,2026-09-14T08:16:08+00:00,London,2384615.3846153845,midpoint,GBP
groupsarafilondonuk,گروه تجاری مالی لندن London,"15/09/2026 ‎ گزارش قیمت ارزهای دیجیتال شنبه 21 شهریور 1405 ‎ ◽️ بیت کوین : 181,388,996,000 ریال ‎ ◽️ بیت کوین : 77,341.49 تتر ‎ ◽️ اتریوم : 5,936,869,000 ریال ‎ ◽️ اتریوم : 2,531.39 تتر ‎ ◽️ تتر : 2,345,070 ریال ‎ ◽️ تتر : 1 تتر ‎✓ نرخ ارز ...",London|UK,,,,,,,,,,,,2369230.77,,,,,,toman,"{""London"": 2369230.77}",308000,308000,299000.00,old,69,100,regional_fx_board,2026-09-15T09:06:20+00:00,London,2369230.769230769,midpoint,GBP
groupsarafilondonuk,گروه تجاری مالی لندن London,"18/09/2026 ‎گزارش قیمت ارزهای دیجیتال جمعه 27 شهریور 1405 ‎ ◽️ بیت کوین : 178,765,885,000 ریال ‎ ◽️ بیت کوین : 78,299.63 تتر ‎ ◽️ اتریوم : 5,725,946,300 ریال ‎ ◽️ اتریوم : 2,507.97 تتر ‎ ◽️ تتر : 2,283,850 ریال ‎ ◽️ تتر : 1. تتر ‎✓ نرخ ارز ...",London|UK,,,,,,,,,,,,2307692.31,,,,,,toman,"{""London"": 2307692.31}",300000,300000,292500.00,old,69,100,regional_fx_board,2026-09-18T09:21:05+00:00,London,2307692.3076923075,midpoint,GBP
groupsarafilondonuk,گروه تجاری مالی لندن London,"20/09/2026 . ‎ ⭕️ گزارش قیمت ارزهای دیجیتال دوشنبه 30 شهریور 1405 ‎ ◽️ بیت کوین : 187,118,323,000 ریال ‎ ◽️ بیت کوین : 81,907.78 تتر ‎ ◽️ اتریوم : 6,092,099,000 ریال ‎ ◽️ اتریوم : 2,666.71 تتر ‎ ◽️ تتر : 2,285,890 ریال ‎ ◽️ تتر : 1 تتر ‎✓ ن...",London|UK,,,,,,,,,,,,2307692.31,,,,,,toman,"{""London"": 2307692.31}",300000,300000,292500.00,old,69,100,regional_fx_board,2026-09-21T08:44:43+00:00,London,2307692.3076923075,midpoint,GBP
groupsarafilondonuk,گروه تجاری مالی لندن London,"25/09/2026 ‎ ⭕️ گزارش قیمت ارزهای دیجیتال سه شنبه 31 شهریور 1405 ‎ ◽️ بیت کوین : 198,971,417,000 ریال ‎ ◽️ بیت کوین : 86,250.56 تتر ‎ ◽️ اتریوم : 6,346,743,300 ریال ‎ ◽️ اتریوم : 2,751.2 تتر ‎ ◽️ تتر : 2,314,520 ریال ‎ ◽️ تتر : 1 تتر ‎✓ نرخ...",London|UK,,,,,,,,,,,,2323076.92,,,,,,toman,"{""London"": 2323076.92}",302000,302000,295000.00,old,69,100,regional_fx_board,2026-09-25T08:38:06+00:00,London,2323076.923076923,midpoint,GBP
groupsarafilondonuk,گروه تجاری مالی لندن London,"01/09/2026 ‎ ⭕️ گزارش قیمت ارزهای دیجیتال سه شنبه 10 شهریور 1405 ‎ ◽️ بیت کوین : 163,479,976,000 ریال ‎ ◽️ بیت کوین : 77,955.26 تتر ‎ ◽️ اتریوم : 5,146,178,500 ریال ‎ ◽️ اتریوم : 2,453.95 تتر ‎ ◽️ تتر : 2,096,970 ریال ‎ ◽️ تتر : 1 تتر ‎✓ نر...",London|UK,,,,,,,,,,,,2115384.62,,,,,,toman,"{""London"": 2115384.62, ""UK"": 2115384.62}",275000,275000,265000.00,old,69,100,regional_fx_board,2026-09-01T08:40:59+00:00,UK,2115384.6153846155,midpoint,GBP
groupsarafilondonuk,گروه تجاری مالی لندن London,"02/09/2026 ‎ ⭕️ گزارش قیمت ارزهای دیجیتال چهارشنبه 11 شهریور 1405 ‎ ◽️ بیت کوین : 168,795,866,000 ریال ‎ ◽️ بیت کوین : 77,482.61 تتر ‎ ◽️ اتریوم : 5,268,310,100 ریال ‎ ◽️ اتریوم : 2,418.32 تتر ‎ ◽️ تتر : 2,178,400 ریال ‎ ◽️ تتر : 1 تتر ‎✓ ن...",London|UK,,,,,,,,,,,,2153846.15,,,,,,toman,"{""London"": 2153846.15, ""UK"": 2153846.15}",280000,280000,270000.00,old,69,100,regional_fx_board,2026-09-02T08:45:26+00:00,UK,2153846.153846154,midpoint,GBP
groupsarafilondonuk,گروه تجاری مالی لندن London,"05/09/2026 ‎ ⭕️ گزارش قیمت ارزهای دیجیتال جمعه 13 شهریور 1405 ‎ ◽️ بیت کوین : 170,237,176,000 ریال ‎ ◽️ بیت کوین : 76,912.07 تتر ‎ ◽️ اتریوم : 5,279,977,200 ریال ‎ ◽️ اتریوم : 2,385.46 تتر ‎ ◽️ تتر : 2,213,500 ریال ‎ ◽️ تتر : 1. تتر ‎✓ نرخ ...",London|UK,,,,,,,,,,,,2269230.77,,,,,,toman,"{""London"": 2269230.77, ""UK"": 2269230.77}",295000,295000,285000.00,old,69,100,regional_fx_board,2026-09-05T08:16:11+00:00,UK,2269230.769230769,midpoint,GBP
groupsarafilondonuk,گروه تجاری مالی لندن London,"07/09/2026 ‎گزارش قیمت ارزهای دیجیتال دوشنبه 16 شهریور 1405 ‎ ◽️ بیت کوین : 179,275,752,000 ریال ‎ ◽️ بیت کوین : 79,462.68 تتر ‎ ◽️ اتریوم : 5,616,718,900 ریال ‎ ◽️ اتریوم : 2,489.57 تتر ‎ ◽️ تتر : 2,255,980 ریال ‎ ◽️ تتر : 1 تتر ‎✓ نرخ ارز...",London|UK,,,,,,,,,,,,2307692.31,,,,,,toman,"{""London"": 2307692.31, ""UK"": 2307692.31}",300000,300000,290000.00,old,69,100,regional_fx_board,2026-09-07T08:36:27+00:00,UK,2307692.3076923075,midpoint,GBP
groupsarafilondonuk,گروه تجاری مالی لندن London,"09/09/2026 ‎ ⭕️ گزارش قیمت ارزهای دیجیتال چهارشنبه 18 شهریور 1405 ‎ ◽️ بیت کوین : 182,974,859,000 ریال ‎ ◽️ بیت کوین : 79,471.36 تتر ‎ ◽️ اتریوم : 5,793,759,400 ریال ‎ ◽️ اتریوم : 2,516.4 تتر ‎ ◽️ تتر : 2,302,510 ریال ‎ ◽️ تتر : 1 تتر ‎✓ نر...",London|UK,,,,,,,,,,,,2346153.85,,,,,,toman,"{""London"": 2346153.85, ""UK"": 2346153.85}",305000,305000,292500.00,old,69,100,regional_fx_board,2026-09-09T08:36:12+00:00,UK,2346153.846153846,midpoint,GBP
groupsarafilondonuk,گروه تجاری مالی لندن London,"10/09/2026 ‎ ⭕️ گزارش قیمت ارزهای دیجیتال پنجشنبه 19 شهریور 1405 ‎ ◽️ بیت کوین : 183,262,551,000 ریال ‎ ◽️ بیت کوین : 77,974.11 تتر ‎ ◽️ اتریوم : 5,796,286,400 ریال ‎ ◽️ اتریوم : 2,466.19 تتر ‎ ◽️ تتر : 2,354,270 ریال ‎ ◽️ تتر : 1 تتر ‎✓ نر...",London|UK,,,,,,,,,,,,2346153.85,,,,,,toman,"{""London"": 2346153.85, ""UK"": 2346153.85}",305000,305000,292500.00,old,69,100,regional_fx_board,2026-09-10T07:58:10+00:00,UK,2346153.846153846,midpoint,GBP
groupsarafilondonuk,گروه تجاری مالی لندن London,"11/09/2026 ‎ ⭕️ گزارش قیمت ارزهای دیجیتال جمعه 20 شهریور 1405 ‎ ◽️ بیت کوین : 181,755,258,000 ریال ‎ ◽️ بیت کوین : 77,155.52 تتر ‎ ◽️ اتریوم : 5,804,963,100 ریال ‎ ◽️ اتریوم : 2,464.22 تتر ‎ ◽️ تتر : 2,355,750 ریال ‎ ◽️ تتر : 1. تتر ‎✓ نرخ ...",London|UK,,,,,,,,,,,,2384615.38,,,,,,toman,"{""London"": 2384615.38, ""UK"": 2384615.38}",310000,310000,297500.00,old,69,100,regional_fx_board,2026-09-11T08:35:00+00:00,UK,2384615.3846153845,midpoint,GBP
groupsarafilondonuk,گروه تجاری مالی لندن London,"12/09/2026 ‎ گزارش قیمت ارزهای دیجیتال شنبه 21 شهریور 1405 ‎ ◽️ بیت کوین : 181,388,996,000 ریال ‎ ◽️ بیت کوین : 77,341.49 تتر ‎ ◽️ اتریوم : 5,936,869,000 ریال ‎ ◽️ اتریوم : 2,531.39 تتر ‎ ◽️ تتر : 2,345,070 ریال ‎ ◽️ تتر : 1 تتر ‎✓ نرخ ارز ...",London|UK,,,,,,,,,,,,2384615.38,,,,,,toman,"{""London"": 2384615.38, ""UK"": 2384615.38}",310000,310000,297500.00,old,69,100,regional_fx_board,2026-09-12T09:23:33+00:00,UK,2384615.3846153845,midpoint,GBP
groupsarafilondonuk,گروه تجاری مالی لندن London,"13/09/2026 ‎ گزارش قیمت ارزهای دیجیتال شنبه 21 شهریور 1405 ‎ ◽️ بیت کوین : 181,388,996,000 ریال ‎ ◽️ بیت کوین : 77,341.49 تتر ‎ ◽️ اتریوم : 5,936,869,000 ریال ‎ ◽️ اتریوم : 2,531.39 تتر ‎ ◽️ تتر : 2,345,070 ریال ‎ ◽️ تتر : 1 تتر ‎✓ نرخ ارز ...",London|UK,,,,,,,,,,,,2384615.38,,,,,,toman,"{""London"": 2384615.38, ""UK"": 2384615.38}",310000,310000,297500.00,old,69,100,regional_fx_board,2026-09-13T08:47:37+00:00,UK,2384615.3846153845,midpoint,GBP
groupsarafilondonuk,گروه تجاری مالی لندن London,"14/09/2026 ‎ گزارش قیمت ارزهای دیجیتال شنبه 21 شهریور 1405 ‎ ◽️ بیت کوین : 181,388,996,000 ریال ‎ ◽️ بیت کوین : 77,341.49 تتر ‎ ◽️ اتریوم : 5,936,869,000 ریال ‎ ◽️ اتریوم : 2,531.39 تتر ‎ ◽️ تتر : 2,345,070 ریال ‎ ◽️ تتر : 1 تتر ‎✓ نرخ ارز ...",London|UK,,,,,,,,,,,,2384615.38,,,,,,toman,"{""London"": 2384615.38, ""UK"": 2384615.38}",310000,310000,297500.00,old,69,100,regional_fx_board,2026-09-14T08:16:08+00:00,UK,2384615.3846153845,midpoint,GBP
groupsarafilondonuk,گروه تجاری مالی لندن London,"15/09/2026 ‎ گزارش قیمت ارزهای دیجیتال شنبه 21 شهریور 1405 ‎ ◽️ بیت کوین : 181,388,996,000 ریال ‎ ◽️ بیت کوین : 77,341.49 تتر ‎ ◽️ اتریوم : 5,936,869,000 ریال ‎ ◽️ اتریوم : 2,531.39 تتر ‎ ◽️ تتر : 2,345,070 ریال ‎ ◽️ تتر : 1 تتر ‎✓ نرخ ارز ...",London|UK,,,,,,,,,,,,2369230.77,,,,,,toman,"{""London"": 2369230.77, ""UK"": 2369230.77}",308000,308000,299000.00,old,69,100,regional_fx_board,2026-09-15T09:06:20+00:00,UK,2369230.769230769,midpoint,GBP
groupsarafilondonuk,گروه تجاری مالی لندن London,"18/09/2026 ‎گزارش قیمت ارزهای دیجیتال جمعه 27 شهریور 1405 ‎ ◽️ بیت کوین : 178,765,885,000 ریال ‎ ◽️ بیت کوین : 78,299.63 تتر ‎ ◽️ اتریوم : 5,725,946,300 ریال ‎ ◽️ اتریوم : 2,507.97 تتر ‎ ◽️ تتر : 2,283,850 ریال ‎ ◽️ تتر : 1. تتر ‎✓ نرخ ارز ...",London|UK,,,,,,,,,,,,2307692.31,,,,,,toman,"{""London"": 2307692.31, ""UK"": 2307692.31}",300000,300000,292500.00,old,69,100,regional_fx_board,2026-09-18T09:21:05+00:00,UK,2307692.3076923075,midpoint,GBP
groupsarafilondonuk,گروه تجاری مالی لندن London,"20/09/2026 . ‎ ⭕️ گزارش قیمت ارزهای دیجیتال دوشنبه 30 شهریور 1405 ‎ ◽️ بیت کوین : 187,118,323,000 ریال ‎ ◽️ بیت کوین : 81,907.78 تتر ‎ ◽️ اتریوم : 6,092,099,000 ریال ‎ ◽️ اتریوم : 2,666.71 تتر ‎ ◽️ تتر : 2,285,890 ریال ‎ ◽️ تتر : 1 تتر ‎✓ ن...",London|UK,,,,,,,,,,,,2307692.31,,,,,,toman,"{""London"": 2307692.31, ""UK"": 2307692.31}",300000,300000,292500.00,old,69,100,regional_fx_board,2026-09-21T08:44:43+00:00,UK,2307692.3076923075,midpoint,GBP
groupsarafilondonuk,گروه تجاری مالی لندن London,"25/09/2026 ‎ ⭕️ گزارش قیمت ارزهای دیجیتال سه شنبه 31 شهریور 1405 ‎ ◽️ بیت کوین : 198,971,417,000 ریال ‎ ◽️ بیت کوین : 86,250.56 تتر ‎ ◽️ اتریوم : 6,346,743,300 ریال ‎ ◽️ اتریوم : 2,751.2 تتر ‎ ◽️ تتر : 2,314,520 ریال ‎ ◽️ تتر : 1 تتر ‎✓ نرخ...",London|UK,,,,,,,,,,,,2323076.92,,,,,,toman,"{""London"": 2323076.92, ""UK"": 2323076.92}",302000,302000,295000.00,old,69,100,regional_fx_board,2026-09-25T08:38:06+00:00,UK,2323076.923076923,midpoint,GBP
hmbcexchangebureau,London exchange,HMBC London exchange صرافي لندن ارسال پوند به ایران و بالعكس 🔺 خريد از حساب هر پوند ٢٩٠،٠٠٠ 🔹 فروش واريز به حساب پوند ٣٠٠،٠٠٠ 🔹 خرید پوند نقدي ٢٨٥،٠٠٠ 🔺 فروش پوند نقدي ٢٩٥،٠٠۰ 🎉 کلیه حواله های زیر 500£ شامل 10£ کارمزد میباشد ✅ بهترین و پایی...,London,,,,,,,,,,,,2269230.77,,,,,,toman,"{""London"": 2269230.77}",300000,290000,295000.00,old,69,100,regional_market_channel,2026-09-23T10:32:07+00:00,London,2269230.769230769,midpoint,GBP
moneytransfersarafi,Money Transfer Sarafi مانی حواله صرافي,". ⭕️ قیمت ارزهای آزاد | یکشنبه 12 مهر 1405 - 11:30 🇺🇸 دلار : 2,701,950 ریال 🇪🇺 یورو : 3,051,100 ریال 🇬🇧 پوند انگلیس : 3,584,500 ریال 🇦🇪 درهم امارات : 739,600 ریال 🇹🇷 لیر ترکیه : 55,700 ریال 🇨🇭 فرانک سوئیس : 3,267,300 ریال 🇩🇰 کرون دانمارک : ...",Armenia|Dubai|Iraq|Qatar|Turkey|UK,,,,,,2305600.00,2716181.00,,,,,,,,2705976.00,,2889900.00,rial,"{""Armenia"": 2889900.0, ""Dubai"": 2716181.0, ""Iraq"": 2305600.0, ""Qatar"": 2705976.0, ""Turkey"": 2516526.0, ""UK"": 2757307.69}",,,,fresh,69,100,regional_fx_board,2026-10-04T08:51:03+00:00,Armenia,2889900.0,single_value,AMD
moneytransfersarafi,Money Transfer Sarafi مانی حواله صرافي,". ⭕️ قیمت ارزهای آزاد | یکشنبه 12 مهر 1405 - 11:30 🇺🇸 دلار : 2,701,950 ریال 🇪🇺 یورو : 3,051,100 ریال 🇬🇧 پوند انگلیس : 3,584,500 ریال 🇦🇪 درهم امارات : 739,600 ریال 🇹🇷 لیر ترکیه : 55,700 ریال 🇨🇭 فرانک سوئیس : 3,267,300 ریال 🇩🇰 کرون دانمارک : ...",Armenia|Dubai|Iraq|Qatar|Turkey|UK,,,,,,2305600.00,2716181.00,,,,,,,,,,,rial,"{""Dubai"": 2716181.0, ""Iraq"": 2305600.0}",,,,fresh,69,100,regional_fx_board,2026-10-04T08:51:03+00:00,Dubai,2716181.0,single_value,AED
moneytransfersarafi,Money Transfer Sarafi مانی حواله صرافي,". ⭕️ قیمت ارزهای آزاد | یکشنبه 12 مهر 1405 - 11:30 🇺🇸 دلار : 2,701,950 ریال 🇪🇺 یورو : 3,051,100 ریال 🇬🇧 پوند انگلیس : 3,584,500 ریال 🇦🇪 درهم امارات : 739,600 ریال 🇹🇷 لیر ترکیه : 55,700 ریال 🇨🇭 فرانک سوئیس : 3,267,300 ریال 🇩🇰 کرون دانمارک : ...",Armenia|Dubai|Iraq|Qatar|Turkey|UK,,,,,,2305600.00,,,,,,,,,,,,rial,"{""Iraq"": 2305600.0}",,,,fresh,69,100,regional_fx_board,2026-10-04T08:51:03+00:00,Iraq,2305600.0,single_value,IQD
moneytransfersarafi,Money Transfer Sarafi مانی حواله صرافي,". ⭕️ قیمت ارزهای آزاد | یکشنبه 12 مهر 1405 - 11:30 🇺🇸 دلار : 2,701,950 ریال 🇪🇺 یورو : 3,051,100 ریال 🇬🇧 پوند انگلیس : 3,584,500 ریال 🇦🇪 درهم امارات : 739,600 ریال 🇹🇷 لیر ترکیه : 55,700 ریال 🇨🇭 فرانک سوئیس : 3,267,300 ریال 🇩🇰 کرون دانمارک : ...",Armenia|Dubai|Iraq|Qatar|Turkey|UK,,,,,,2305600.00,2716181.00,,,,,,,,2705976.00,,,rial,"{""Dubai"": 2716181.0, ""Iraq"": 2305600.0, ""Qatar"": 2705976.0, ""Turkey"": 2516526.0, ""UK"": 2757307.69}",,,,fresh,69,100,regional_fx_board,2026-10-04T08:51:03+00:00,Qatar,2705976.0,single_value,QAR
moneytransfersarafi,Money Transfer Sarafi مانی حواله صرافي,". ⭕️ قیمت ارزهای آزاد | یکشنبه 12 مهر 1405 - 11:30 🇺🇸 دلار : 2,701,950 ریال 🇪🇺 یورو : 3,051,100 ریال 🇬🇧 پوند انگلیس : 3,584,500 ریال 🇦🇪 درهم امارات : 739,600 ریال 🇹🇷 لیر ترکیه : 55,700 ریال 🇨🇭 فرانک سوئیس : 3,267,300 ریال 🇩🇰 کرون دانمارک : ...",Armenia|Dubai|Iraq|Qatar|Turkey|UK,,,,,,2305600.00,2716181.00,,,,,,,,,,,rial,"{""Dubai"": 2716181.0, ""Iraq"": 2305600.0, ""Turkey"": 2516526.0}",,,,fresh,69,100,regional_fx_board,2026-10-04T08:51:03+00:00,Turkey,2516526.0,single_value,TRY
moneytransfersarafi,Money Transfer Sarafi مانی حواله صرافي,"21/09/2026 ‌‏ ‎نرخ امروز لندن ✓قیمت خرید پوند, ‎خريد حساب رسمی: 290,000 ‎نقدی/حساب از ۵،۰۰۰: 285,000 ‎ نقدی/حساب از ۲،۰۰۰: 280,000 ‎ نقدی/حساب از ۱۰۰: 275,000 ✓قیمت فروش پوند; ‎فروش پوند نقدی:300,000 ‎حساب عادی:305,000 ‎ حساب فوری: 310,000 ...",UK,,,,,,,,,,,,,,,,,,toman,"{""UK"": 2173076.92}",290000,275000,282500.00,old,69,100,regional_fx_board,2026-09-21T09:35:02+00:00,UK,2173076.923076923,midpoint,GBP
moneytransfersarafi,Money Transfer Sarafi مانی حواله صرافي,"22/09/2026 ‌‏ ‎نرخ امروز لندن ✓قیمت خرید پوند, ‎خريد حساب رسمی: 290,000 ‎نقدی/حساب از ۵،۰۰۰: 285,000 ‎ نقدی/حساب از ۲،۰۰۰: 280,000 ‎ نقدی/حساب از ۱۰۰: 275,000 ✓قیمت فروش پوند; ‎فروش پوند نقدی:300,000 ‎حساب عادی:305,000 ‎ حساب فوری: 310,000 ...",UK,,,,,,,,,,,,,,,,,,toman,"{""UK"": 2173076.92}",290000,275000,282500.00,old,69,100,regional_fx_board,2026-09-22T09:46:46+00:00,UK,2173076.923076923,midpoint,GBP
moneytransfersarafi,Money Transfer Sarafi مانی حواله صرافي,"23/09/2026 ‌‏ ‎نرخ امروز لندن ✓قیمت خرید پوند, ‎خريد حساب رسمی: 285,000 ‎نقدی/حساب از ۵،۰۰۰: 280,000 ‎ نقدی/حساب از ۲،۰۰۰: 275,000 ‎ نقدی/حساب از ۱۰۰: 270,000 ✓قیمت فروش پوند; ‎فروش پوند نقدی:295,000 ‎حساب عادی:299,000 ‎ حساب فوری: 305,000 ...",UK,,,,,,,,,,,,,,,,,,toman,"{""UK"": 2134615.38}",285000,270000,277500.00,old,69,100,regional_fx_board,2026-09-23T11:13:00+00:00,UK,2134615.3846153845,midpoint,GBP
moneytransfersarafi,Money Transfer Sarafi مانی حواله صرافي,"24/09/2026 ‌‏ ‎نرخ امروز لندن ✓قیمت خرید پوند, ‎خريد حساب رسمی: 290,000 ‎نقدی/حساب از ۵،۰۰۰: 285,000 ‎ نقدی/حساب از ۲،۰۰۰: 280,000 ‎ نقدی/حساب از ۱۰۰: 275,000 ✓قیمت فروش پوند; ‎فروش پوند نقدی:300,000 ‎حساب عادی:305,000 ‎ حساب فوری: 310,000 ...",UK,,,,,,,,,,,,,,,,,,toman,"{""UK"": 2173076.92}",290000,275000,282500.00,old,69,100,regional_fx_board,2026-09-25T09:06:41+00:00,UK,2173076.923076923,midpoint,GBP
moneytransfersarafi,Money Transfer Sarafi مانی حواله صرافي,"26/09/2026 ‌‏ ‎نرخ امروز لندن ✓قیمت خرید پوند, ‎خريد حساب رسمی: 290,000 ‎نقدی/حساب از ۵،۰۰۰: 285,000 ‎ نقدی/حساب از ۲،۰۰۰: 280,000 ‎ نقدی/حساب از ۱۰۰: 275,000 ✓قیمت فروش پوند; ‎فروش پوند نقدی:300,000 ‎حساب عادی:305,000 ‎ حساب فوری: 310,000 ...",UK,,,,,,,,,,,,,,,,,,toman,"{""UK"": 2173076.92}",290000,275000,282500.00,old,69,100,regional_fx_board,2026-09-26T20:53:27+00:00,UK,2173076.923076923,midpoint,GBP
moneytransfersarafi,Money Transfer Sarafi مانی حواله صرافي,". ⭕️ قیمت ارزهای آزاد | یکشنبه 12 مهر 1405 - 11:30 🇺🇸 دلار : 2,701,950 ریال 🇪🇺 یورو : 3,051,100 ریال 🇬🇧 پوند انگلیس : 3,584,500 ریال 🇦🇪 درهم امارات : 739,600 ریال 🇹🇷 لیر ترکیه : 55,700 ریال 🇨🇭 فرانک سوئیس : 3,267,300 ریال 🇩🇰 کرون دانمارک : ...",Armenia|Dubai|Iraq|Qatar|Turkey|UK,,,,,,2305600.00,2716181.00,,,,,,,,,,,rial,"{""Dubai"": 2716181.0, ""Iraq"": 2305600.0, ""Turkey"": 2516526.0, ""UK"": 2757307.69}",,,,fresh,69,100,regional_fx_board,2026-10-04T08:51:03+00:00,UK,2757307.692307692,single_value,GBP
nerkh_uk,نرخ ارز Nerkh_Uk,". ⭕️ قیمت ارزهای آزاد | یکشنبه 12 مهر 1405 - 11:30 🇺🇸 دلار : 2,701,950 ریال 🇪🇺 یورو : 3,051,100 ریال 🇬🇧 پوند انگلیس : 3,584,500 ریال 🇦🇪 درهم امارات : 739,600 ریال 🇹🇷 لیر ترکیه : 55,700 ریال 🇨🇭 فرانک سوئیس : 3,267,300 ریال 🇩🇰 کرون دانمارک : ...",Armenia|Dubai|Iraq|Qatar|Turkey|UK,,,,,,2305600.00,2716181.00,,,,,,,,2705976.00,,2889900.00,rial,"{""Armenia"": 2889900.0, ""Dubai"": 2716181.0, ""Iraq"": 2305600.0, ""Qatar"": 2705976.0, ""Turkey"": 2516526.0, ""UK"": 2757307.69}",,,,fresh,69,100,regional_fx_board,2026-10-04T08:51:03+00:00,Armenia,2889900.0,single_value,AMD
nerkh_uk,نرخ ارز Nerkh_Uk,". ⭕️ قیمت ارزهای آزاد | یکشنبه 12 مهر 1405 - 11:30 🇺🇸 دلار : 2,701,950 ریال 🇪🇺 یورو : 3,051,100 ریال 🇬🇧 پوند انگلیس : 3,584,500 ریال 🇦🇪 درهم امارات : 739,600 ریال 🇹🇷 لیر ترکیه : 55,700 ریال 🇨🇭 فرانک سوئیس : 3,267,300 ریال 🇩🇰 کرون دانمارک : ...",Armenia|Dubai|Iraq|Qatar|Turkey|UK,,,,,,2305600.00,2716181.00,,,,,,,,,,,rial,"{""Dubai"": 2716181.0, ""Iraq"": 2305600.0}",,,,fresh,69,100,regional_fx_board,2026-10-04T08:51:03+00:00,Dubai,2716181.0,single_value,AED
nerkh_uk,نرخ ارز Nerkh_Uk,". ⭕️ قیمت ارزهای آزاد | یکشنبه 12 مهر 1405 - 11:30 🇺🇸 دلار : 2,701,950 ریال 🇪🇺 یورو : 3,051,100 ریال 🇬🇧 پوند انگلیس : 3,584,500 ریال 🇦🇪 درهم امارات : 739,600 ریال 🇹🇷 لیر ترکیه : 55,700 ریال 🇨🇭 فرانک سوئیس : 3,267,300 ریال 🇩🇰 کرون دانمارک : ...",Armenia|Dubai|Iraq|Qatar|Turkey|UK,,,,,,2305600.00,,,,,,,,,,,,rial,"{""Iraq"": 2305600.0}",,,,fresh,69,100,regional_fx_board,2026-10-04T08:51:03+00:00,Iraq,2305600.0,single_value,IQD
nerkh_uk,نرخ ارز Nerkh_Uk,". ⭕️ قیمت ارزهای آزاد | یکشنبه 12 مهر 1405 - 11:30 🇺🇸 دلار : 2,701,950 ریال 🇪🇺 یورو : 3,051,100 ریال 🇬🇧 پوند انگلیس : 3,584,500 ریال 🇦🇪 درهم امارات : 739,600 ریال 🇹🇷 لیر ترکیه : 55,700 ریال 🇨🇭 فرانک سوئیس : 3,267,300 ریال 🇩🇰 کرون دانمارک : ...",Armenia|Dubai|Iraq|Qatar|Turkey|UK,,,,,,2305600.00,2716181.00,,,,,,,,2705976.00,,,rial,"{""Dubai"": 2716181.0, ""Iraq"": 2305600.0, ""Qatar"": 2705976.0, ""Turkey"": 2516526.0, ""UK"": 2757307.69}",,,,fresh,69,100,regional_fx_board,2026-10-04T08:51:03+00:00,Qatar,2705976.0,single_value,QAR
nerkh_uk,نرخ ارز Nerkh_Uk,". ⭕️ قیمت ارزهای آزاد | یکشنبه 12 مهر 1405 - 11:30 🇺🇸 دلار : 2,701,950 ریال 🇪🇺 یورو : 3,051,100 ریال 🇬🇧 پوند انگلیس : 3,584,500 ریال 🇦🇪 درهم امارات : 739,600 ریال 🇹🇷 لیر ترکیه : 55,700 ریال 🇨🇭 فرانک سوئیس : 3,267,300 ریال 🇩🇰 کرون دانمارک : ...",Armenia|Dubai|Iraq|Qatar|Turkey|UK,,,,,,2305600.00,2716181.00,,,,,,,,,,,rial,"{""Dubai"": 2716181.0, ""Iraq"": 2305600.0, ""Turkey"": 2516526.0}",,,,fresh,69,100,regional_fx_board,2026-10-04T08:51:03+00:00,Turkey,2516526.0,single_value,TRY
nerkh_uk,نرخ ارز Nerkh_Uk,"23/09/2026 ‌‏ ‎نرخ امروز لندن ✓قیمت خرید پوند, ‎خريد حساب رسمی: 285,000 ‎نقدی/حساب از ۵،۰۰۰: 280,000 ‎ نقدی/حساب از ۲،۰۰۰: 275,000 ‎ نقدی/حساب از ۱۰۰: 270,000 ✓قیمت فروش پوند; ‎فروش پوند نقدی:295,000 ‎حساب عادی:299,000 ‎ حساب فوری: 305,000 ...",UK,,,,,,,,,,,,,,,,,,toman,"{""UK"": 2134615.38}",285000,270000,277500.00,old,69,100,regional_fx_board,2026-09-23T11:13:00+00:00,UK,2134615.3846153845,midpoint,GBP
nerkh_uk,نرخ ارز Nerkh_Uk,"24/09/2026 ‌‏ ‎نرخ امروز لندن ✓قیمت خرید پوند, ‎خريد حساب رسمی: 290,000 ‎نقدی/حساب از ۵،۰۰۰: 285,000 ‎ نقدی/حساب از ۲،۰۰۰: 280,000 ‎ نقدی/حساب از ۱۰۰: 275,000 ✓قیمت فروش پوند; ‎فروش پوند نقدی:300,000 ‎حساب عادی:305,000 ‎ حساب فوری: 310,000 ...",UK,,,,,,,,,,,,,,,,,,toman,"{""UK"": 2173076.92}",290000,275000,282500.00,old,69,100,regional_fx_board,2026-09-25T09:06:40+00:00,UK,2173076.923076923,midpoint,GBP
nerkh_uk,نرخ ارز Nerkh_Uk,"26/09/2026 ‌‏ ‎نرخ امروز لندن ✓قیمت خرید پوند, ‎خريد حساب رسمی: 290,000 ‎نقدی/حساب از ۵،۰۰۰: 285,000 ‎ نقدی/حساب از ۲،۰۰۰: 280,000 ‎ نقدی/حساب از ۱۰۰: 275,000 ✓قیمت فروش پوند; ‎فروش پوند نقدی:300,000 ‎حساب عادی:305,000 ‎ حساب فوری: 310,000 ...",UK,,,,,,,,,,,,,,,,,,toman,"{""UK"": 2173076.92}",290000,275000,282500.00,old,69,100,regional_fx_board,2026-09-26T20:53:27+00:00,UK,2173076.923076923,midpoint,GBP
nerkh_uk,نرخ ارز Nerkh_Uk,". ⭕️ قیمت ارزهای آزاد | یکشنبه 12 مهر 1405 - 11:30 🇺🇸 دلار : 2,701,950 ریال 🇪🇺 یورو : 3,051,100 ریال 🇬🇧 پوند انگلیس : 3,584,500 ریال 🇦🇪 درهم امارات : 739,600 ریال 🇹🇷 لیر ترکیه : 55,700 ریال 🇨🇭 فرانک سوئیس : 3,267,300 ریال 🇩🇰 کرون دانمارک : ...",Armenia|Dubai|Iraq|Qatar|Turkey|UK,,,,,,2305600.00,2716181.00,,,,,,,,,,,rial,"{""Dubai"": 2716181.0, ""Iraq"": 2305600.0, ""Turkey"": 2516526.0, ""UK"": 2757307.69}",,,,fresh,69,100,regional_fx_board,2026-10-04T08:51:03+00:00,UK,2757307.692307692,single_value,GBP
nerkhsarafionline,Nerkh Sarafi Online نرخ صرافي,"20/09/2026 ‌‏ ‎نرخ امروز لندن ✓قیمت خرید پوند, ‎خريد حساب رسمی: 285,000 ‎نقدی/حساب از ۵،۰۰۰: 280,000 ‎ نقدی/حساب از ۲،۰۰۰: 275,000 ‎ نقدی/حساب از ۱۰۰: 270,000 ✓قیمت فروش پوند; ‎فروش پوند نقدی:295,000 ‎حساب عادی:300,000 ‎ حساب فوری: 305,000 ...",UK,,,,,,,,,,,,,,,,,,toman,"{""UK"": 2134615.38}",285000,270000,277500.00,old,69,100,regional_fx_board,2026-09-20T13:54:43+00:00,UK,2134615.3846153845,midpoint,GBP
nerkhsarafionline,Nerkh Sarafi Online نرخ صرافي,"21/09/2026 ‌‏ ‎نرخ امروز لندن ✓قیمت خرید پوند, ‎خريد حساب رسمی: 290,000 ‎نقدی/حساب از ۵،۰۰۰: 285,000 ‎ نقدی/حساب از ۲،۰۰۰: 280,000 ‎ نقدی/حساب از ۱۰۰: 275,000 ✓قیمت فروش پوند; ‎فروش پوند نقدی:300,000 ‎حساب عادی:305,000 ‎ حساب فوری: 310,000 ...",UK,,,,,,,,,,,,,,,,,,toman,"{""UK"": 2173076.92}",290000,275000,282500.00,old,69,100,regional_fx_board,2026-09-21T09:35:02+00:00,UK,2173076.923076923,midpoint,GBP
nerkhsarafionline,Nerkh Sarafi Online نرخ صرافي,"22/09/2026 ‌‏ ‎نرخ امروز لندن ✓قیمت خرید پوند, ‎خريد حساب رسمی: 290,000 ‎نقدی/حساب از ۵،۰۰۰: 285,000 ‎ نقدی/حساب از ۲،۰۰۰: 280,000 ‎ نقدی/حساب از ۱۰۰: 275,000 ✓قیمت فروش پوند; ‎فروش پوند نقدی:300,000 ‎حساب عادی:305,000 ‎ حساب فوری: 310,000 ...",UK,,,,,,,,,,,,,,,,,,toman,"{""UK"": 2173076.92}",290000,275000,282500.00,old,69,100,regional_fx_board,2026-09-22T09:46:46+00:00,UK,2173076.923076923,midpoint,GBP
nerkhsarafionline,Nerkh Sarafi Online نرخ صرافي,"23/09/2026 ‌‏ ‎نرخ امروز لندن ✓قیمت خرید پوند, ‎خريد حساب رسمی: 285,000 ‎نقدی/حساب از ۵،۰۰۰: 280,000 ‎ نقدی/حساب از ۲،۰۰۰: 275,000 ‎ نقدی/حساب از ۱۰۰: 270,000 ✓قیمت فروش پوند; ‎فروش پوند نقدی:295,000 ‎حساب عادی:299,000 ‎ حساب فوری: 305,000 ...",UK,,,,,,,,,,,,,,,,,,toman,"{""UK"": 2134615.38}",285000,270000,277500.00,old,69,100,regional_fx_board,2026-09-23T11:13:00+00:00,UK,2134615.3846153845,midpoint,GBP
nerkhsarafionline,Nerkh Sarafi Online نرخ صرافي,"24/09/2026 ‌‏ ‎نرخ امروز لندن ✓قیمت خرید پوند, ‎خريد حساب رسمی: 290,000 ‎نقدی/حساب از ۵،۰۰۰: 285,000 ‎ نقدی/حساب از ۲،۰۰۰: 280,000 ‎ نقدی/حساب از ۱۰۰: 275,000 ✓قیمت فروش پوند; ‎فروش پوند نقدی:300,000 ‎حساب عادی:305,000 ‎ حساب فوری: 310,000 ...",UK,,,,,,,,,,,,,,,,,,toman,"{""UK"": 2173076.92}",290000,275000,282500.00,old,69,100,regional_fx_board,2026-09-25T09:06:41+00:00,UK,2173076.923076923,midpoint,GBP
nerkhsarafionline,Nerkh Sarafi Online نرخ صرافي,"26/09/2026 ‌‏ ‎نرخ امروز لندن ✓قیمت خرید پوند, ‎خريد حساب رسمی: 290,000 ‎نقدی/حساب از ۵،۰۰۰: 285,000 ‎ نقدی/حساب از ۲،۰۰۰: 280,000 ‎ نقدی/حساب از ۱۰۰: 275,000 ✓قیمت فروش پوند; ‎فروش پوند نقدی:300,000 ‎حساب عادی:305,000 ‎ حساب فوری: 310,000 ...",UK,,,,,,,,,,,,,,,,,,toman,"{""UK"": 2173076.92}",290000,275000,282500.00,old,69,100,regional_fx_board,2026-09-26T20:53:27+00:00,UK,2173076.923076923,midpoint,GBP
royal_rate,نرخ ارز بازار CURRENCY RATE,"📌 قیمت فروش درهم الانی 72,400/500 📌 قیمت حواله از دبی الانی(N/A) با توجه نوسانات لحظه ایی نرخهای اعلامی ، صرفا جهت نرخ دهی میباشد. (برای مبالغ درشت) #نرخ #درهم_دبی #یوان #ارز کانال نرخ زنی مارو به اشتراک بزارین. 🇮🇷 🇦🇪 T.me/Royal_rate 🇨🇦 🇨🇳",Dubai,,,,,,,2658890.00,,,,,,,,,,,toman,"{""Dubai"": 2658890.0}",,72400,,recent,69,100,regional_market_channel,2026-10-03T07:45:06+00:00,Dubai,2658890.0,sell,AED
royal_rate,نرخ ارز بازار CURRENCY RATE,"📌 قیمت فروش درهم الانی 72,450/550 📌 قیمت حواله از دبی الانی(N/A) با توجه نوسانات لحظه ایی نرخهای اعلامی ، صرفا جهت نرخ دهی میباشد. (برای مبالغ درشت) #نرخ #درهم_دبی #یوان #ارز کانال نرخ زنی مارو به اشتراک بزارین. 🇮🇷 🇦🇪 T.me/Royal_rate 🇨🇦 🇨🇳",Dubai,,,,,,,2660726.25,,,,,,,,,,,toman,"{""Dubai"": 2660726.25}",,72450,,recent,69,100,regional_market_channel,2026-10-03T07:56:51+00:00,Dubai,2660726.25,sell,AED
royal_rate,نرخ ارز بازار CURRENCY RATE,"📌 قیمت فروش درهم الانی 72,700/800 📌 قیمت حواله از دبی الانی(N/A) با توجه نوسانات لحظه ایی نرخهای اعلامی ، صرفا جهت نرخ دهی میباشد. (برای مبالغ درشت) #نرخ #درهم_دبی #یوان #ارز کانال نرخ زنی مارو به اشتراک بزارین. 🇮🇷 🇦🇪 T.me/Royal_rate 🇨🇦 🇨🇳",Dubai,,,,,,,2669907.50,,,,,,,,,,,toman,"{""Dubai"": 2669907.5}",,72700,,recent,69,100,regional_market_channel,2026-10-03T08:49:49+00:00,Dubai,2669907.5,sell,AED
royal_rate,نرخ ارز بازار CURRENCY RATE,"📌 قیمت فروش درهم الانی 72,800/900 📌 قیمت حواله از دبی الانی(N/A) با توجه نوسانات لحظه ایی نرخهای اعلامی ، صرفا جهت نرخ دهی میباشد. (برای مبالغ درشت) #نرخ #درهم_دبی #یوان #ارز کانال نرخ زنی مارو به اشتراک بزارین. 🇮🇷 🇦🇪 T.me/Royal_rate 🇨🇦 🇨🇳",Dubai,,,,,,,2673580.00,,,,,,,,,,,toman,"{""Dubai"": 2673580.0}",,72800,,recent,69,100,regional_market_channel,2026-10-03T08:51:02+00:00,Dubai,2673580.0,sell,AED
sabzemaidan,قیمت دلار تهران | سبزه میدان,"𝐒𝐚𝐛𝐳𝐞𝐌𝐚𝐢𝐝𝐚𝐧 دلار سبزه تهران: 269,400 معامله #فردایی ✅ ™️ @SabzeMaidan | 🔙 نرخ #دلارتهران",Tehran,2694000.00,,,,,,,,,,,,,,,,,toman,"{""Tehran"": 2694000.0}",,,,fresh,69,100,regional_market_channel,2026-10-04T17:53:24+00:00,Tehran,2694000.0,single_value,USD
sabzemaidan,قیمت دلار تهران | سبزه میدان,"𝐒𝐚𝐛𝐳𝐞𝐌𝐚𝐢𝐝𝐚𝐧 ✅ نرخ معامله ● فردایی 269,650 ( دلار تهران ) ™️ @SabzeMaidan | 👈 نرخ #دلارتهران",Tehran,2696500.00,,,,,,,,,,,,,,,,,toman,"{""Tehran"": 2696500.0}",,,,fresh,69,100,regional_market_channel,2026-10-04T17:53:25+00:00,Tehran,2696500.0,single_value,USD
sabzemaidan,قیمت دلار تهران | سبزه میدان,"𝐒𝐚𝐛𝐳𝐞𝐌𝐚𝐢𝐝𝐚𝐧 دلار سبزه تهران: 269,300 معامله #فردایی ✅ ™️ @SabzeMaidan | 🔙 نرخ #دلارتهران",Tehran,2693000.00,,,,,,,,,,,,,,,,,toman,"{""Tehran"": 2693000.0}",,,,fresh,69,100,regional_market_channel,2026-10-04T18:05:52+00:00,Tehran,2693000.0,single_value,USD
sabzemaidan,قیمت دلار تهران | سبزه میدان,"𝐒𝐚𝐛𝐳𝐞𝐌𝐚𝐢𝐝𝐚𝐧 ✅ نرخ معامله ● فردایی 269,550 ( دلار تهران ) ™️ @SabzeMaidan | 👈 نرخ #دلارتهران",Tehran,2695500.00,,,,,,,,,,,,,,,,,toman,"{""Tehran"": 2695500.0}",,,,fresh,69,100,regional_market_channel,2026-10-04T18:05:52+00:00,Tehran,2695500.0,single_value,USD
sabzemaidan,قیمت دلار تهران | سبزه میدان,"𝐒𝐚𝐛𝐳𝐞𝐌𝐚𝐢𝐝𝐚𝐧 دلار سبزه تهران: 269,500 معامله #فردایی ✅ ™️ @SabzeMaidan | 🔙 نرخ #دلارتهران",Tehran,2695000.00,,,,,,,,,,,,,,,,,toman,"{""Tehran"": 2695000.0}",,,,fresh,69,100,regional_market_channel,2026-10-04T18:06:50+00:00,Tehran,2695000.0,single_value,USD
sabzemaidan,قیمت دلار تهران | سبزه میدان,"𝐒𝐚𝐛𝐳𝐞𝐌𝐚𝐢𝐝𝐚𝐧 ✅ نرخ معامله ● فردایی 269,750 ( دلار تهران ) ™️ @SabzeMaidan | 👈 نرخ #دلارتهران",Tehran,2697500.00,,,,,,,,,,,,,,,,,toman,"{""Tehran"": 2697500.0}",,,,fresh,69,100,regional_market_channel,2026-10-04T18:06:52+00:00,Tehran,2697500.0,single_value,USD
sarafionline7groupuk,Nerkh Sarafi Online 7 Group Uk,". ⭕️ قیمت ارزهای آزاد | یکشنبه 12 مهر 1405 - 11:30 🇺🇸 دلار : 2,701,950 ریال 🇪🇺 یورو : 3,051,100 ریال 🇬🇧 پوند انگلیس : 3,584,500 ریال 🇦🇪 درهم امارات : 739,600 ریال 🇹🇷 لیر ترکیه : 55,700 ریال 🇨🇭 فرانک سوئیس : 3,267,300 ریال 🇩🇰 کرون دانمارک : ...",Armenia|Dubai|Iraq|Qatar|Turkey|UK,,,,,,2305600.00,2716181.00,,,,,,,,2705976.00,,2889900.00,rial,"{""Armenia"": 2889900.0, ""Dubai"": 2716181.0, ""Iraq"": 2305600.0, ""Qatar"": 2705976.0, ""Turkey"": 2516526.0, ""UK"": 2757307.69}",,,,fresh,69,100,regional_fx_board,2026-10-04T08:02:35+00:00,Armenia,2889900.0,single_value,AMD
sarafionline7groupuk,Nerkh Sarafi Online 7 Group Uk,". ⭕️ قیمت ارزهای آزاد | یکشنبه 12 مهر 1405 - 11:30 🇺🇸 دلار : 2,701,950 ریال 🇪🇺 یورو : 3,051,100 ریال 🇬🇧 پوند انگلیس : 3,584,500 ریال 🇦🇪 درهم امارات : 739,600 ریال 🇹🇷 لیر ترکیه : 55,700 ریال 🇨🇭 فرانک سوئیس : 3,267,300 ریال 🇩🇰 کرون دانمارک : ...",Armenia|Dubai|Iraq|Qatar|Turkey|UK,,,,,,2305600.00,2716181.00,,,,,,,,,,,rial,"{""Dubai"": 2716181.0, ""Iraq"": 2305600.0}",,,,fresh,69,100,regional_fx_board,2026-10-04T08:02:35+00:00,Dubai,2716181.0,single_value,AED
sarafionline7groupuk,Nerkh Sarafi Online 7 Group Uk,". ⭕️ قیمت ارزهای آزاد | یکشنبه 12 مهر 1405 - 11:30 🇺🇸 دلار : 2,701,950 ریال 🇪🇺 یورو : 3,051,100 ریال 🇬🇧 پوند انگلیس : 3,584,500 ریال 🇦🇪 درهم امارات : 739,600 ریال 🇹🇷 لیر ترکیه : 55,700 ریال 🇨🇭 فرانک سوئیس : 3,267,300 ریال 🇩🇰 کرون دانمارک : ...",Armenia|Dubai|Iraq|Qatar|Turkey|UK,,,,,,2305600.00,,,,,,,,,,,,rial,"{""Iraq"": 2305600.0}",,,,fresh,69,100,regional_fx_board,2026-10-04T08:02:35+00:00,Iraq,2305600.0,single_value,IQD
sarafionline7groupuk,Nerkh Sarafi Online 7 Group Uk,". ⭕️ قیمت ارزهای آزاد | یکشنبه 12 مهر 1405 - 11:30 🇺🇸 دلار : 2,701,950 ریال 🇪🇺 یورو : 3,051,100 ریال 🇬🇧 پوند انگلیس : 3,584,500 ریال 🇦🇪 درهم امارات : 739,600 ریال 🇹🇷 لیر ترکیه : 55,700 ریال 🇨🇭 فرانک سوئیس : 3,267,300 ریال 🇩🇰 کرون دانمارک : ...",Armenia|Dubai|Iraq|Qatar|Turkey|UK,,,,,,2305600.00,2716181.00,,,,,,,,2705976.00,,,rial,"{""Dubai"": 2716181.0, ""Iraq"": 2305600.0, ""Qatar"": 2705976.0, ""Turkey"": 2516526.0, ""UK"": 2757307.69}",,,,fresh,69,100,regional_fx_board,2026-10-04T08:02:35+00:00,Qatar,2705976.0,single_value,QAR
sarafionline7groupuk,Nerkh Sarafi Online 7 Group Uk,". ⭕️ قیمت ارزهای آزاد | یکشنبه 12 مهر 1405 - 11:30 🇺🇸 دلار : 2,701,950 ریال 🇪🇺 یورو : 3,051,100 ریال 🇬🇧 پوند انگلیس : 3,584,500 ریال 🇦🇪 درهم امارات : 739,600 ریال 🇹🇷 لیر ترکیه : 55,700 ریال 🇨🇭 فرانک سوئیس : 3,267,300 ریال 🇩🇰 کرون دانمارک : ...",Armenia|Dubai|Iraq|Qatar|Turkey|UK,,,,,,2305600.00,2716181.00,,,,,,,,,,,rial,"{""Dubai"": 2716181.0, ""Iraq"": 2305600.0, ""Turkey"": 2516526.0}",,,,fresh,69,100,regional_fx_board,2026-10-04T08:02:35+00:00,Turkey,2516526.0,single_value,TRY
sarafionline7groupuk,Nerkh Sarafi Online 7 Group Uk,". ⭕️ قیمت ارزهای آزاد | یکشنبه 12 مهر 1405 - 11:30 🇺🇸 دلار : 2,701,950 ریال 🇪🇺 یورو : 3,051,100 ریال 🇬🇧 پوند انگلیس : 3,584,500 ریال 🇦🇪 درهم امارات : 739,600 ریال 🇹🇷 لیر ترکیه : 55,700 ریال 🇨🇭 فرانک سوئیس : 3,267,300 ریال 🇩🇰 کرون دانمارک : ...",Armenia|Dubai|Iraq|Qatar|Turkey|UK,,,,,,2305600.00,2716181.00,,,,,,,,,,,rial,"{""Dubai"": 2716181.0, ""Iraq"": 2305600.0, ""Turkey"": 2516526.0, ""UK"": 2757307.69}",,,,fresh,69,100,regional_fx_board,2026-10-04T08:02:35+00:00,UK,2757307.692307692,single_value,GBP
sarafionlineuk,Sarafi Online 7 Seven Uk,". ⭕️ قیمت ارزهای آزاد | یکشنبه 12 مهر 1405 - 11:30 🇺🇸 دلار : 2,701,950 ریال 🇪🇺 یورو : 3,051,100 ریال 🇬🇧 پوند انگلیس : 3,584,500 ریال 🇦🇪 درهم امارات : 739,600 ریال 🇹🇷 لیر ترکیه : 55,700 ریال 🇨🇭 فرانک سوئیس : 3,267,300 ریال 🇩🇰 کرون دانمارک : ...",Armenia|Dubai|Iraq|Qatar|Turkey|UK,,,,,,2305600.00,2716181.00,,,,,,,,2705976.00,,2889900.00,rial,"{""Armenia"": 2889900.0, ""Dubai"": 2716181.0, ""Iraq"": 2305600.0, ""Qatar"": 2705976.0, ""Turkey"": 2516526.0, ""UK"": 2757307.69}",,,,fresh,69,100,regional_fx_board,2026-10-04T08:51:02+00:00,Armenia,2889900.0,single_value,AMD
sarafionlineuk,Sarafi Online 7 Seven Uk,". ⭕️ قیمت ارزهای آزاد | یکشنبه 12 مهر 1405 - 11:30 🇺🇸 دلار : 2,701,950 ریال 🇪🇺 یورو : 3,051,100 ریال 🇬🇧 پوند انگلیس : 3,584,500 ریال 🇦🇪 درهم امارات : 739,600 ریال 🇹🇷 لیر ترکیه : 55,700 ریال 🇨🇭 فرانک سوئیس : 3,267,300 ریال 🇩🇰 کرون دانمارک : ...",Armenia|Dubai|Iraq|Qatar|Turkey|UK,,,,,,2305600.00,2716181.00,,,,,,,,,,,rial,"{""Dubai"": 2716181.0, ""Iraq"": 2305600.0}",,,,fresh,69,100,regional_fx_board,2026-10-04T08:51:02+00:00,Dubai,2716181.0,single_value,AED
sarafionlineuk,Sarafi Online 7 Seven Uk,". ⭕️ قیمت ارزهای آزاد | یکشنبه 12 مهر 1405 - 11:30 🇺🇸 دلار : 2,701,950 ریال 🇪🇺 یورو : 3,051,100 ریال 🇬🇧 پوند انگلیس : 3,584,500 ریال 🇦🇪 درهم امارات : 739,600 ریال 🇹🇷 لیر ترکیه : 55,700 ریال 🇨🇭 فرانک سوئیس : 3,267,300 ریال 🇩🇰 کرون دانمارک : ...",Armenia|Dubai|Iraq|Qatar|Turkey|UK,,,,,,2305600.00,,,,,,,,,,,,rial,"{""Iraq"": 2305600.0}",,,,fresh,69,100,regional_fx_board,2026-10-04T08:51:02+00:00,Iraq,2305600.0,single_value,IQD
sarafionlineuk,Sarafi Online 7 Seven Uk,". ⭕️ قیمت ارزهای آزاد | یکشنبه 12 مهر 1405 - 11:30 🇺🇸 دلار : 2,701,950 ریال 🇪🇺 یورو : 3,051,100 ریال 🇬🇧 پوند انگلیس : 3,584,500 ریال 🇦🇪 درهم امارات : 739,600 ریال 🇹🇷 لیر ترکیه : 55,700 ریال 🇨🇭 فرانک سوئیس : 3,267,300 ریال 🇩🇰 کرون دانمارک : ...",Armenia|Dubai|Iraq|Qatar|Turkey|UK,,,,,,2305600.00,2716181.00,,,,,,,,2705976.00,,,rial,"{""Dubai"": 2716181.0, ""Iraq"": 2305600.0, ""Qatar"": 2705976.0, ""Turkey"": 2516526.0, ""UK"": 2757307.69}",,,,fresh,69,100,regional_fx_board,2026-10-04T08:51:02+00:00,Qatar,2705976.0,single_value,QAR
sarafionlineuk,Sarafi Online 7 Seven Uk,". ⭕️ قیمت ارزهای آزاد | یکشنبه 12 مهر 1405 - 11:30 🇺🇸 دلار : 2,701,950 ریال 🇪🇺 یورو : 3,051,100 ریال 🇬🇧 پوند انگلیس : 3,584,500 ریال 🇦🇪 درهم امارات : 739,600 ریال 🇹🇷 لیر ترکیه : 55,700 ریال 🇨🇭 فرانک سوئیس : 3,267,300 ریال 🇩🇰 کرون دانمارک : ...",Armenia|Dubai|Iraq|Qatar|Turkey|UK,,,,,,2305600.00,2716181.00,,,,,,,,,,,rial,"{""Dubai"": 2716181.0, ""Iraq"": 2305600.0, ""Turkey"": 2516526.0}",,,,fresh,69,100,regional_fx_board,2026-10-04T08:51:02+00:00,Turkey,2516526.0,single_value,TRY
sarafionlineuk,Sarafi Online 7 Seven Uk,". ⭕️ قیمت ارزهای آزاد | یکشنبه 12 مهر 1405 - 11:30 🇺🇸 دلار : 2,701,950 ریال 🇪🇺 یورو : 3,051,100 ریال 🇬🇧 پوند انگلیس : 3,584,500 ریال 🇦🇪 درهم امارات : 739,600 ریال 🇹🇷 لیر ترکیه : 55,700 ریال 🇨🇭 فرانک سوئیس : 3,267,300 ریال 🇩🇰 کرون دانمارک : ...",Armenia|Dubai|Iraq|Qatar|Turkey|UK,,,,,,2305600.00,2716181.00,,,,,,,,,,,rial,"{""Dubai"": 2716181.0, ""Iraq"": 2305600.0, ""Turkey"": 2516526.0, ""UK"": 2757307.69}",,,,fresh,69,100,regional_fx_board,2026-10-04T08:51:02+00:00,UK,2757307.692307692,single_value,GBP
abanpardakht,AbanPardakht,"📊 گزارش لحظه ای بازار ارز(اسکناس): 🇺🇸 USD: 270,562 🔻 دلار آمریکا 🇪🇺 EUR: 301,530 🔺 یورو 🇬🇧 󠁧󠁢󠁥󠁮 GBP: 354,650 🔺 پوند انگلیس 🇨🇦 CAD: 187,950 🔺 دلار کانادا 🇦🇺 AUD: 185,560 🔺 دلار استرالیا 🇨🇭 CHF: 323,290 🔺 فرانک سوئیس 🇹🇷 TRY: 5,450 🔺 لیر ترکیه...",UK,,,,,,,,,,,,,,,,,,toman,"{""UK"": 1445769.23}",,,,recent,68,100,regional_fx_board,2026-10-03T10:30:23+00:00,UK,1445769.2307692308,single_value,GBP
abanpardakht,AbanPardakht,"📊 گزارش لحظه ای بازار ارز(اسکناس): 🇺🇸 USD: 270,652 🔺 دلار آمریکا 🇪🇺 EUR: 301,980 🔺 یورو 🇬🇧 󠁧󠁢󠁥󠁮 GBP: 354,310 🔻 پوند انگلیس 🇨🇦 CAD: 188,220 🔺 دلار کانادا 🇦🇺 AUD: 185,840 🔺 دلار استرالیا 🇨🇭 CHF: 322,980 🔻 فرانک سوئیس 🇹🇷 TRY: 5,460 🔺 لیر ترکیه...",UK,,,,,,,,,,,,,,,,,,toman,"{""UK"": 1447846.15}",,,,recent,68,100,regional_fx_board,2026-10-03T12:00:23+00:00,UK,1447846.1538461538,single_value,GBP
abanpardakht,AbanPardakht,"📊 گزارش لحظه ای بازار ارز(اسکناس): 🇺🇸 USD: 271,470 🔺 دلار آمریکا 🇪🇺 EUR: 302,650 🔺 یورو 🇬🇧 󠁧󠁢󠁥󠁮 GBP: 355,100 🔺 پوند انگلیس 🇨🇦 CAD: 188,640 🔺 دلار کانادا 🇦🇺 AUD: 186,250 🔺 دلار استرالیا 🇨🇭 CHF: 323,700 🔺 فرانک سوئیس 🇹🇷 TRY: 5,470 🔺 لیر ترکیه...",UK,,,,,,,,,,,,,,,,,,toman,"{""UK"": 1451076.92}",,,,recent,68,100,regional_fx_board,2026-10-03T13:30:23+00:00,UK,1451076.923076923,single_value,GBP
abanpardakht,AbanPardakht,"📊 گزارش لحظه ای بازار ارز(اسکناس): 🇺🇸 USD: 271,665 🔺 دلار آمریکا 🇪🇺 EUR: 302,880 🔺 یورو 🇬🇧 󠁧󠁢󠁥󠁮 GBP: 355,360 🔺 پوند انگلیس 🇨🇦 CAD: 188,780 🔺 دلار کانادا 🇦🇺 AUD: 186,390 🔺 دلار استرالیا 🇨🇭 CHF: 323,940 🔺 فرانک سوئیس 🇹🇷 TRY: 5,480 🔺 لیر ترکیه...",UK,,,,,,,,,,,,,,,,,,toman,"{""UK"": 1452153.85}",,,,recent,68,100,regional_fx_board,2026-10-03T15:00:23+00:00,UK,1452153.846153846,single_value,GBP
abanpardakht,AbanPardakht,"📊 گزارش لحظه ای بازار ارز(اسکناس): 🇺🇸 USD: 271,012 🔻 دلار آمریکا 🇪🇺 EUR: 302,200 🔻 یورو 🇬🇧 󠁧󠁢󠁥󠁮 GBP: 354,570 🔻 پوند انگلیس 🇨🇦 CAD: 188,360 🔻 دلار کانادا 🇦🇺 AUD: 185,970 🔻 دلار استرالیا 🇨🇭 CHF: 323,220 🔻 فرانک سوئیس 🇹🇷 TRY: 5,460 🔻 لیر ترکیه...",UK,,,,,,,,,,,,,,,,,,toman,"{""UK"": 1448923.08}",,,,recent,68,100,regional_fx_board,2026-10-03T16:30:23+00:00,UK,1448923.0769230768,single_value,GBP
arz_tala_online,قیمت ارز، طلا و سکه,"🔴 گزارش نهایی بازار: 🔸 دلار آمریکا : 268,600 🔸 دلار آمریکا 268,200 🔸 یورو : 304,000 🔸 پوند انگلیس : 356,680 🔸 درهم امارات : 73,300 🔸 یوآن چین : 40,100 🔸 لیر ترکیه : 5,560 🔸 سکه امامی : 274,700,000 🔸 سکه قدیمی: 262.200.000 🔸 نیم سکه : 143,10...",Dubai|Turkey|UK,,,,,,,2691942.50,,,,,,,,,,,toman,"{""Dubai"": 2691942.5}",,,,fresh,68,100,regional_fx_board,2026-10-04T10:31:01+00:00,Dubai,2691942.5,single_value,AED
arz_tala_online,قیمت ارز، طلا و سکه,"🔴 گزارش نهایی بازار: 🔸 دلار آمریکا : 268,600 🔸 دلار آمریکا 268,200 🔸 یورو : 304,000 🔸 پوند انگلیس : 356,680 🔸 درهم امارات : 73,300 🔸 یوآن چین : 40,100 🔸 لیر ترکیه : 5,560 🔸 سکه امامی : 274,700,000 🔸 سکه قدیمی: 262.200.000 🔸 نیم سکه : 143,10...",Dubai|Turkey|UK,,,,,,,2691942.50,,,,,,,,,,,toman,"{""Dubai"": 2691942.5, ""Turkey"": 2512008.0}",,,,fresh,68,100,regional_fx_board,2026-10-04T10:31:01+00:00,Turkey,2512008.0,single_value,TRY
arz_tala_online,قیمت ارز، طلا و سکه,"🔴 گزارش نهایی بازار: 🔸 دلار آمریکا : 268,600 🔸 دلار آمریکا 268,200 🔸 یورو : 304,000 🔸 پوند انگلیس : 356,680 🔸 درهم امارات : 73,300 🔸 یوآن چین : 40,100 🔸 لیر ترکیه : 5,560 🔸 سکه امامی : 274,700,000 🔸 سکه قدیمی: 262.200.000 🔸 نیم سکه : 143,10...",Dubai|Turkey|UK,,,,,,,2691942.50,,,,,,,,,,,toman,"{""Dubai"": 2691942.5, ""Turkey"": 2512008.0, ""UK"": 2743692.31}",,,,fresh,68,100,regional_fx_board,2026-10-04T10:31:01+00:00,UK,2743692.3076923075,single_value,GBP
arzcredit,Arz Credit | ارزکردیت,"🔺 قیمت‌ ارز 🔹 تاریخ 11 مهر 1405 🔻 نرخ‌ های زیر، نرخ حواله می‌ باشد 🔸 دلار:282,700 🔸 یورو: 316,900 🔸 درهم امارات: 75,900 🔸 رینگیت مالزی: 68,200 🔸 تتر: 276,100 🔹 سایت ما: http://www.arzcredit.com 🔹 کانال بله ما: https://ble.ir/arzcredit_com 🔹...",Dubai,,,,,,,2787427.50,,,,,,,,,,,toman,"{""Dubai"": 2787427.5}",,,,recent,68,100,regional_fx_board,2026-10-03T10:36:36+00:00,Dubai,2787427.5,single_value,AED
exchangeratescountries,نرخ ارز ساعتی £ $ €,"قیمت پوند انگلستان ✓کد درخواست فروش : 220926 ✓ خرید ویژه پوندلند T 290,000 T 285,000 T 280,000 T 275,000 ✓ فروش ویژه پوندلند T 300,000 T 305,000 T 310,000 T 315,000 گروه صرافی پوندلند انگلستان ✓نرخ ارز پوند،دلار،یورو،درهم،لیر ✓نرخ ارز دیجیت...",UK,,,,,,,,,,,,,,,,,,toman,"{""UK"": 2209260.0}",220926,220926,220926.00,old,68,100,regional_fx_board,2026-09-22T14:39:44+00:00,UK,2209260.0,midpoint,USD
moneytransfersarafi,Money Transfer Sarafi مانی حواله صرافي,"قیمت پوند انگلستان ✓کد درخواست فروش : 210926 ✓ خرید ویژه پوندلند T 290,000 T 285,000 T 280,000 T 275,000 ✓ فروش ویژه پوندلند T 300,000 T 305,000 T 310,000 T 315,000 گروه صرافی پوندلند انگلستان ✓نرخ ارز پوند،دلار،یورو،درهم،لیر ✓نرخ ارز دیجیت...",UK,,,,,,,,,,,,,,,,,,toman,"{""UK"": 2109260.0}",210926,210926,210926.00,old,68,100,regional_fx_board,2026-09-21T17:51:26+00:00,UK,2109260.0,midpoint,USD
moneytransfersarafi,Money Transfer Sarafi مانی حواله صرافي,"قیمت پوند انگلستان ✓کد درخواست فروش : 220926 ✓ خرید ویژه پوندلند T 290,000 T 285,000 T 280,000 T 275,000 ✓ فروش ویژه پوندلند T 300,000 T 305,000 T 310,000 T 315,000 گروه صرافی پوندلند انگلستان ✓نرخ ارز پوند،دلار،یورو،درهم،لیر ✓نرخ ارز دیجیت...",UK,,,,,,,,,,,,,,,,,,toman,"{""UK"": 2209260.0}",220926,220926,220926.00,old,68,100,regional_fx_board,2026-09-22T14:39:44+00:00,UK,2209260.0,midpoint,USD
nerkh_uk,نرخ ارز Nerkh_Uk,"قیمت پوند انگلستان ✓کد درخواست فروش : 220926 ✓ خرید ویژه پوندلند T 290,000 T 285,000 T 280,000 T 275,000 ✓ فروش ویژه پوندلند T 300,000 T 305,000 T 310,000 T 315,000 گروه صرافی پوندلند انگلستان ✓نرخ ارز پوند،دلار،یورو،درهم،لیر ✓نرخ ارز دیجیت...",UK,,,,,,,,,,,,,,,,,,toman,"{""UK"": 2209260.0}",220926,220926,220926.00,old,68,100,regional_fx_board,2026-09-22T14:39:44+00:00,UK,2209260.0,midpoint,USD
nerkh_uk,نرخ ارز Nerkh_Uk,"قیمت پوند انگلستان ✓کد درخواست فروش : 250926 ✓ خرید ویژه پوندلند T 290,000 T 285,000 T 280,000 T 275,000 ✓ فروش ویژه پوندلند T 300,000 T 305,000 T 310,000 T 315,000 گروه صرافی پوندلند انگلستان ✓نرخ ارز پوند،دلار،یورو،درهم،لیر ✓نرخ ارز دیجیت...",UK,,,,,,,,,,,,,,,,,,toman,"{""UK"": 2509260.0}",250926,250926,250926.00,old,68,100,regional_fx_board,2026-09-25T17:33:37+00:00,UK,2509260.0,midpoint,USD
nerkhsarafionline,Nerkh Sarafi Online نرخ صرافي,"قیمت پوند انگلستان ✓کد درخواست فروش : 210926 ✓ خرید ویژه پوندلند T 290,000 T 285,000 T 280,000 T 275,000 ✓ فروش ویژه پوندلند T 300,000 T 305,000 T 310,000 T 315,000 گروه صرافی پوندلند انگلستان ✓نرخ ارز پوند،دلار،یورو،درهم،لیر ✓نرخ ارز دیجیت...",UK,,,,,,,,,,,,,,,,,,toman,"{""UK"": 2109260.0}",210926,210926,210926.00,old,68,100,regional_fx_board,2026-09-21T17:51:26+00:00,UK,2109260.0,midpoint,USD
nerkhsarafionline,Nerkh Sarafi Online نرخ صرافي,"قیمت پوند انگلستان ✓کد درخواست فروش : 220926 ✓ خرید ویژه پوندلند T 290,000 T 285,000 T 280,000 T 275,000 ✓ فروش ویژه پوندلند T 300,000 T 305,000 T 310,000 T 315,000 گروه صرافی پوندلند انگلستان ✓نرخ ارز پوند،دلار،یورو،درهم،لیر ✓نرخ ارز دیجیت...",UK,,,,,,,,,,,,,,,,,,toman,"{""UK"": 2209260.0}",220926,220926,220926.00,old,68,100,regional_fx_board,2026-09-22T14:39:44+00:00,UK,2209260.0,midpoint,USD
dirhamdubai,نرخ انلاین درهم دبی,"🔴 فروش درهم ( Dirham ) دبي 🇦🇪 74,500 🇦🇪 ری‌اکشن شما به ما انرژی میده ❤️ @DirhamDubai",Iran,,,,,,,,,,,,,,,,,,toman,"{""Iran"": 2736012.5}",,74500,,fresh,67,100,unknown,2026-10-04T08:16:38+00:00,Iran,2736012.5,sell,AED
dirhamdubai,نرخ انلاین درهم دبی,"🔴 فروش درهم ( Dirham ) دبي 🇦🇪 74,400 🇦🇪 ری‌اکشن شما به ما انرژی میده ❤️ @DirhamDubai",Iran,,,,,,,,,,,,,,,,,,toman,"{""Iran"": 2732340.0}",,74400,,fresh,67,100,unknown,2026-10-04T09:22:17+00:00,Iran,2732340.0,sell,AED
dirhamdubai,نرخ انلاین درهم دبی,"🔴 فروش درهم ( Dirham ) دبي 🇦🇪 74,200 🇦🇪 ری‌اکشن شما به ما انرژی میده ❤️ @DirhamDubai",Iran,,,,,,,,,,,,,,,,,,toman,"{""Iran"": 2724995.0}",,74200,,fresh,67,100,unknown,2026-10-04T10:24:53+00:00,Iran,2724995.0,sell,AED
dirhamdubai,نرخ انلاین درهم دبی,"🔴 فروش درهم ( Dirham ) دبي 🇦🇪 74,000 🇦🇪 ری‌اکشن شما به ما انرژی میده ❤️ @DirhamDubai",Iran,,,,,,,,,,,,,,,,,,toman,"{""Iran"": 2717650.0}",,74000,,fresh,67,100,unknown,2026-10-04T10:25:08+00:00,Iran,2717650.0,sell,AED
dirhamdubai,نرخ انلاین درهم دبی,"🔴 فروش درهم ( Dirham ) دبي 🇦🇪 73,800 🇦🇪 ری‌اکشن شما به ما انرژی میده ❤️ @DirhamDubai",Iran,,,,,,,,,,,,,,,,,,toman,"{""Iran"": 2710305.0}",,73800,,fresh,67,100,unknown,2026-10-04T11:21:22+00:00,Iran,2710305.0,sell,AED
dirhamdubai,نرخ انلاین درهم دبی,"🔴 فروش درهم ( Dirham ) دبي 🇦🇪 73,600 🇦🇪 ری‌اکشن شما به ما انرژی میده ❤️ @DirhamDubai",Iran,,,,,,,,,,,,,,,,,,toman,"{""Iran"": 2702960.0}",,73600,,fresh,67,100,unknown,2026-10-04T12:30:35+00:00,Iran,2702960.0,sell,AED
dirhamdubai,نرخ انلاین درهم دبی,"🔴 فروش درهم ( Dirham ) دبي 🇦🇪 73,400 🇦🇪 ری‌اکشن شما به ما انرژی میده ❤️ @DirhamDubai",Iran,,,,,,,,,,,,,,,,,,toman,"{""Iran"": 2695615.0}",,73400,,fresh,67,100,unknown,2026-10-04T12:30:41+00:00,Iran,2695615.0,sell,AED
dollarsprice22,💵 مظنه ارز 💵,"#1405_07_10 ⏱️ 17:51 💵 #دلار تهران_نقدی 🇮🇷 260,500 تا 261,000 دلار 🇺🇸 تهران بین همکاران 262,000 دینار عراق 🇮🇶 162,000 تومان 🅱 بیت‌کوین 87.364.00 💵 📈 💰 قیمت ارز،طلا و خودرو 👇 @dollarsprice22",Tehran,2605000.00,,,,,,,,,,,,,,,,,toman,"{""Tehran"": 2605000.0}",,,,recent,67,100,regional_fx_board,2026-10-02T14:21:58+00:00,Tehran,2605000.0,single_value,USD
ir_dolar,قیمت لحظه ای دلار,"#1405_07_10 ⏱️ 17:51 💵 #دلار تهران_نقدی 🇮🇷 260,500 تا 261,000 دلار 🇺🇸 تهران بین همکاران 262,000 دینار عراق 🇮🇶 162,000 تومان 🅱 بیت‌کوین 87.364.00 💵 📈 💰 قیمت ارز،طلا و خودرو 👇 @ir_dolar @new_onlin",Tehran,2605000.00,,,,,,,,,,,,,,,,,toman,"{""Tehran"": 2605000.0}",,,,recent,67,100,regional_fx_board,2026-10-02T14:21:40+00:00,Tehran,2605000.0,single_value,USD
ahanborhanii,🟨⬜ آهن برهانی ⬜🟨,"📍 دلار تهران = 270,800 📍 تتر (تومان) = 269,500",Tehran,2708000.00,,,,,,,,,,,,,,,,,toman,"{""Tehran"": 2708000.0}",,,,fresh,66,100,regional_fx_board,2026-10-04T07:57:15+00:00,Tehran,2708000.0,single_value,USD
ahanborhanii,🟨⬜ آهن برهانی ⬜🟨,"📍 دلار تهران = 271,800 📍 تتر (تومان) = 270,840",Tehran,2718000.00,,,,,,,,,,,,,,,,,toman,"{""Tehran"": 2718000.0}",,,,fresh,66,100,regional_fx_board,2026-10-04T08:37:32+00:00,Tehran,2718000.0,single_value,USD
ahanborhanii,🟨⬜ آهن برهانی ⬜🟨,"📍 دلار تهران = 272,000 📍 تتر (تومان) = 270,980",Tehran,2720000.00,,,,,,,,,,,,,,,,,toman,"{""Tehran"": 2720000.0}",,,,fresh,66,100,regional_fx_board,2026-10-04T08:53:27+00:00,Tehran,2720000.0,single_value,USD
arzdolar,کانال ارز دلار | ARZDOLAR,"🔔 #دلار تهران = 268,800 #تتر (تومان) = 268,333",Tehran,2688000.00,,,,,,,,,,,,,,,,,toman,"{""Tehran"": 2688000.0}",,,,fresh,66,100,regional_market_channel,2026-10-04T12:10:17+00:00,Tehran,2688000.0,single_value,USD
arzdolar,کانال ارز دلار | ARZDOLAR,"🔔 #دلار تهران = 269,000 #تتر (تومان) = 268,201",Tehran,2690000.00,,,,,,,,,,,,,,,,,toman,"{""Tehran"": 2690000.0}",,,,fresh,66,100,regional_market_channel,2026-10-04T12:16:16+00:00,Tehran,2690000.0,single_value,USD
arzdolar,کانال ارز دلار | ARZDOLAR,"🔔 #دلار تهران = 268,900 #تتر (تومان) = 268,751",Tehran,2689000.00,,,,,,,,,,,,,,,,,toman,"{""Tehran"": 2689000.0}",,,,fresh,66,100,regional_market_channel,2026-10-04T13:03:16+00:00,Tehran,2689000.0,single_value,USD
arzdolar,کانال ارز دلار | ARZDOLAR,"🔔 #دلار تهران = 268,800 #تتر (تومان) = 268,750",Tehran,2688000.00,,,,,,,,,,,,,,,,,toman,"{""Tehran"": 2688000.0}",,,,fresh,66,100,regional_market_channel,2026-10-04T13:04:18+00:00,Tehran,2688000.0,single_value,USD
arzdolar,کانال ارز دلار | ARZDOLAR,"🔔 #دلار تهران = 268,600 #تتر (تومان) = 268,600",Tehran,2686000.00,,,,,,,,,,,,,,,,,toman,"{""Tehran"": 2686000.0}",,,,fresh,66,100,regional_market_channel,2026-10-04T13:07:16+00:00,Tehran,2686000.0,single_value,USD
arzdolar,کانال ارز دلار | ARZDOLAR,"🔔 #دلار تهران = 268,400 #تتر (تومان) = 268,498",Tehran,2684000.00,,,,,,,,,,,,,,,,,toman,"{""Tehran"": 2684000.0}",,,,fresh,66,100,regional_market_channel,2026-10-04T13:34:17+00:00,Tehran,2684000.0,single_value,USD
arzdolar,کانال ارز دلار | ARZDOLAR,"🔔 #دلار تهران = 268,200 #تتر (تومان) = 268,216",Tehran,2682000.00,,,,,,,,,,,,,,,,,toman,"{""Tehran"": 2682000.0}",,,,fresh,66,100,regional_market_channel,2026-10-04T13:35:18+00:00,Tehran,2682000.0,single_value,USD
arzdolar,کانال ارز دلار | ARZDOLAR,"🔔 #دلار تهران = 268,400 #تتر (تومان) = 268,091",Tehran,2684000.00,,,,,,,,,,,,,,,,,toman,"{""Tehran"": 2684000.0}",,,,fresh,66,100,regional_market_channel,2026-10-04T13:45:17+00:00,Tehran,2684000.0,single_value,USD
arzdolar,کانال ارز دلار | ARZDOLAR,"🔔 #دلار تهران = 268,200 #تتر (تومان) = 268,010",Tehran,2682000.00,,,,,,,,,,,,,,,,,toman,"{""Tehran"": 2682000.0}",,,,fresh,66,100,regional_market_channel,2026-10-04T13:55:17+00:00,Tehran,2682000.0,single_value,USD
arzdolar,کانال ارز دلار | ARZDOLAR,"🔔 #دلار تهران = 268,000 #تتر (تومان) = 268,016",Tehran,2680000.00,,,,,,,,,,,,,,,,,toman,"{""Tehran"": 2680000.0}",,,,fresh,66,100,regional_market_channel,2026-10-04T13:56:17+00:00,Tehran,2680000.0,single_value,USD
arzdolar,کانال ارز دلار | ARZDOLAR,"🔔 #دلار تهران = 267,900 #تتر (تومان) = 268,001",Tehran,2679000.00,,,,,,,,,,,,,,,,,toman,"{""Tehran"": 2679000.0}",,,,fresh,66,100,regional_market_channel,2026-10-04T13:59:18+00:00,Tehran,2679000.0,single_value,USD
arzdolar,کانال ارز دلار | ARZDOLAR,"🔔 #دلار تهران = 267,600 #تتر (تومان) = 267,611",Tehran,2676000.00,,,,,,,,,,,,,,,,,toman,"{""Tehran"": 2676000.0}",,,,fresh,66,100,regional_market_channel,2026-10-04T14:18:16+00:00,Tehran,2676000.0,single_value,USD
arzdolar,کانال ارز دلار | ARZDOLAR,"🔔 #دلار تهران = 267,800 #تتر (تومان) = 268,160",Tehran,2678000.00,,,,,,,,,,,,,,,,,toman,"{""Tehran"": 2678000.0}",,,,fresh,66,100,regional_market_channel,2026-10-04T14:45:17+00:00,Tehran,2678000.0,single_value,USD
arzdolar,کانال ارز دلار | ARZDOLAR,"🔔 #دلار تهران = 268,000 #تتر (تومان) = 268,160",Tehran,2680000.00,,,,,,,,,,,,,,,,,toman,"{""Tehran"": 2680000.0}",,,,fresh,66,100,regional_market_channel,2026-10-04T14:46:17+00:00,Tehran,2680000.0,single_value,USD
arzdolar,کانال ارز دلار | ARZDOLAR,"🔔 #دلار تهران = 268,200 #تتر (تومان) = 267,495",Tehran,2682000.00,,,,,,,,,,,,,,,,,toman,"{""Tehran"": 2682000.0}",,,,fresh,66,100,regional_market_channel,2026-10-04T15:22:16+00:00,Tehran,2682000.0,single_value,USD
hamburg_euro,هامبورگ یورو,🔹 #فروش_یورو #هامبورگ آلمان مقدار: 2000 یورو نرخ: 190000 تومان 👤 ارتباط با شخص | @HamburgEuroo توضیحات: توافقی,Hamburg,,,,,,,,,1666666.67,,,,,,,,,toman,"{""Hamburg"": 1666666.67}",,,,old,66,100,regional_market_channel,2026-08-29T13:26:06+00:00,Hamburg,1666666.6666666667,single_value,EUR
haratdollar,دلار هرات 🅅🄸🄿,"هرات فردایی ⏳ 265,800 فروش 🔴",Herat,,2658000.00,,,,,,,,,,,,,,,,toman,"{""Herat"": 2658000.0}",,265800,,fresh,66,10,regional_market_channel,2026-10-04T17:19:36+00:00,Herat,2658000.0,sell,USD
haratdollar,دلار هرات 🅅🄸🄿,"هرات فردایی ⏳ 265,700 فروش 🔴",Herat,,2657000.00,,,,,,,,,,,,,,,,toman,"{""Herat"": 2657000.0}",,265700,,fresh,66,10,regional_market_channel,2026-10-04T17:21:43+00:00,Herat,2657000.0,sell,USD
haratdollar,دلار هرات 🅅🄸🄿,"هرات فردایی ⏳ 265,750 فروش 🔴",Herat,,2657500.00,,,,,,,,,,,,,,,,toman,"{""Herat"": 2657500.0}",,265750,,fresh,66,10,regional_market_channel,2026-10-04T18:01:00+00:00,Herat,2657500.0,sell,USD
royal_rate,نرخ ارز بازار CURRENCY RATE,"📌 قیمت فروش درهم الانی 72,400/500 📌 قیمت حواله از دبی الانی(N/A) با توجه نوسانات لحظه ایی نرخهای اعلامی ، صرفا جهت نرخ دهی میباشد. (برای مبالغ درشت) #نرخ #درهم_دبی #یوان #ارز کانال نرخ زنی مارو به اشتراک بزارین. 🇮🇷 🇦🇪 T.me/Royal_rate 🇨🇦 🇨🇳",Dubai,,,,,,,2658890.00,,,,,,,,,,,toman,"{""Dubai"": 2658890.0}",,72400,,recent,66,100,regional_market_channel,2026-10-03T08:26:21+00:00,Dubai,2658890.0,sell,AED
sepehrexchange1,حواله فوری یوآن CNY 🇨🇳 RMB,"⭕️ #قیمت_دلار 1405/07/10 🔸 دلار تهران وارد کانال ""261,000"" تومان شد. 🆔 @SepehrExchange1 ╰══•◍⃟ 🌾 •══╯",Tehran,2610000.00,,,,,,,,,,,,,,,,,toman,"{""Tehran"": 2610000.0}",,,,recent,66,100,regional_fx_board,2026-10-02T14:50:05+00:00,Tehran,2610000.0,single_value,USD
as_plus_shopping,دخانیات آس,"🔸 دلار آمریکا : 267,600 🔸 دلار کانادا : 187,810 🔸 یورو : 301,300 🔸 پوند انگلیس : 354,380 🔸 درهم امارات : 73,000 🔸 یوآن چین : 39,910 🔸 لیر ترکیه : 5,450 🔸 سکه امامی : 269,500,000 🔸 نیم سکه : 140,000,000 🔸 ربع سکه : 76,000,000 🔸 گرم طلای 18 :...",Dubai|UK,,,,,,,2680925.00,,,,,,,,,,,toman,"{""Dubai"": 2680925.0}",,,,recent,65,100,regional_fx_board,2026-10-03T09:42:17+00:00,Dubai,2680925.0,single_value,AED
as_plus_shopping,دخانیات آس,"🔸 دلار آمریکا : 267,600 🔸 دلار کانادا : 187,810 🔸 یورو : 301,300 🔸 پوند انگلیس : 354,380 🔸 درهم امارات : 73,000 🔸 یوآن چین : 39,910 🔸 لیر ترکیه : 5,450 🔸 سکه امامی : 269,500,000 🔸 نیم سکه : 140,000,000 🔸 ربع سکه : 76,000,000 🔸 گرم طلای 18 :...",Dubai|UK,,,,,,,2680925.00,,,,,,,,,,,toman,"{""Dubai"": 2680925.0, ""UK"": 2726000.0}",,,,recent,65,100,regional_fx_board,2026-10-03T09:42:17+00:00,UK,2726000.0,single_value,GBP
dhsgroupdubai,🇦🇪𝐃𝐇𝐒/درهم🇦🇪,🔘 USDT * 🇮🇷 نرخ تتر : 271450 @DHSGROUPDUBAI1,Dubai,,,,,,,2714500.00,,,,,,,,,,,toman,"{""Dubai"": 2714500.0}",,,,fresh,65,25,regional_market_channel,2026-10-04T08:58:16+00:00,Dubai,2714500.0,single_value,USD
dolareseleimani,نرخ لحظه ای دلار سلیمانیه,"دلار فردایی تهران ⏳ 269,113 مـعامله شد ✅ ⏱️ به‌روزرسانی: 20:44:00 📅 تاریخ: یک‌شنبه 12 مهر 1405 💎 دلار سلیمانی",Tehran,2691130.00,,,,,,,,,,,,,,,,,toman,"{""Tehran"": 2691130.0}",,,,fresh,65,50,regional_market_channel,2026-10-04T17:14:00+00:00,Tehran,2691130.0,single_value,USD
dolareseleimani,نرخ لحظه ای دلار سلیمانیه,"دلار فردایی تهران ⏳ 268,168 خــرید 🔵 ⏱️ به‌روزرسانی: 20:44:00 📅 تاریخ: یک‌شنبه 12 مهر 1405 💎 دلار سلیمانی",Tehran,2681680.00,,,,,,,,,,,,,,,,,toman,"{""Tehran"": 2681680.0}",,,,fresh,65,50,regional_market_channel,2026-10-04T17:14:00+00:00,Tehran,2681680.0,single_value,USD
dolareseleimani,نرخ لحظه ای دلار سلیمانیه,"دلار فردایی تهران ⏳ 268,132 خــرید 🔵 ⏱️ به‌روزرسانی: 20:44:00 📅 تاریخ: یک‌شنبه 12 مهر 1405 💎 دلار سلیمانی",Tehran,2681320.00,,,,,,,,,,,,,,,,,toman,"{""Tehran"": 2681320.0}",,,,fresh,65,50,regional_market_channel,2026-10-04T17:14:00+00:00,Tehran,2681320.0,single_value,USD
dolareseleimani,نرخ لحظه ای دلار سلیمانیه,"دلار فردایی تهران ⏳ 268,723 خــرید 🔵 ⏱️ به‌روزرسانی: 20:44:00 📅 تاریخ: یک‌شنبه 12 مهر 1405 💎 دلار سلیمانی",Tehran,2687230.00,,,,,,,,,,,,,,,,,toman,"{""Tehran"": 2687230.0}",,,,fresh,65,50,regional_market_channel,2026-10-04T17:14:00+00:00,Tehran,2687230.0,single_value,USD
dolareseleimani,نرخ لحظه ای دلار سلیمانیه,"دلار فردایی تهران ⏳ 269,061 خــرید 🔵 ⏱️ به‌روزرسانی: 20:44:00 📅 تاریخ: یک‌شنبه 12 مهر 1405 💎 دلار سلیمانی",Tehran,2690610.00,,,,,,,,,,,,,,,,,toman,"{""Tehran"": 2690610.0}",,,,fresh,65,50,regional_market_channel,2026-10-04T17:14:00+00:00,Tehran,2690610.0,single_value,USD
dolareseleimani,نرخ لحظه ای دلار سلیمانیه,"دلار فردایی تهران ⏳ 268,579 خــرید 🔵 ⏱️ به‌روزرسانی: 20:59:00 📅 تاریخ: یک‌شنبه 12 مهر 1405 💎 دلار سلیمانی",Tehran,2685790.00,,,,,,,,,,,,,,,,,toman,"{""Tehran"": 2685790.0}",,,,fresh,65,50,regional_market_channel,2026-10-04T17:29:00+00:00,Tehran,2685790.0,single_value,USD
dolareseleimani,نرخ لحظه ای دلار سلیمانیه,"دلار فردایی تهران ⏳ 268,931 خــرید 🔵 ⏱️ به‌روزرسانی: 20:59:00 📅 تاریخ: یک‌شنبه 12 مهر 1405 💎 دلار سلیمانی",Tehran,2689310.00,,,,,,,,,,,,,,,,,toman,"{""Tehran"": 2689310.0}",,,,fresh,65,50,regional_market_channel,2026-10-04T17:29:00+00:00,Tehran,2689310.0,single_value,USD
dolareseleimani,نرخ لحظه ای دلار سلیمانیه,"دلار فردایی تهران ⏳ 268,366 مـعامله شد ✅ ⏱️ به‌روزرسانی: 20:59:00 📅 تاریخ: یک‌شنبه 12 مهر 1405 💎 دلار سلیمانی",Tehran,2683660.00,,,,,,,,,,,,,,,,,toman,"{""Tehran"": 2683660.0}",,,,fresh,65,50,regional_market_channel,2026-10-04T17:29:00+00:00,Tehran,2683660.0,single_value,USD
dolareseleimani,نرخ لحظه ای دلار سلیمانیه,"دلار فردایی تهران ⏳ 269,194 خــرید 🔵 ⏱️ به‌روزرسانی: 21:13:59 📅 تاریخ: یک‌شنبه 12 مهر 1405 💎 دلار سلیمانی",Tehran,2691940.00,,,,,,,,,,,,,,,,,toman,"{""Tehran"": 2691940.0}",,,,fresh,65,50,regional_market_channel,2026-10-04T17:44:00+00:00,Tehran,2691940.0,single_value,USD
dollar_tehran3bze,قیمت لحظه‌ای دلار تهران,"دلار فردایی تهران ⏳ 268,700 مـعامله شد ✅",Tehran,2687000.00,,,,,,,,,,,,,,,,,toman,"{""Tehran"": 2687000.0}",,,,fresh,65,15,aggregator,2026-10-04T17:01:21+00:00,Tehran,2687000.0,single_value,USD
dollar_tehran3bze,قیمت لحظه‌ای دلار تهران,"دلار فردایی تهران ⏳ 268,700 خــرید 🔵",Tehran,2687000.00,,,,,,,,,,,,,,,,,toman,"{""Tehran"": 2687000.0}",,,,fresh,65,15,aggregator,2026-10-04T17:01:22+00:00,Tehran,2687000.0,single_value,USD
dollar_tehran3bze,قیمت لحظه‌ای دلار تهران,"دلار فردایی تهران ⏳ 268,800 خــرید 🔵",Tehran,2688000.00,,,,,,,,,,,,,,,,,toman,"{""Tehran"": 2688000.0}",,,,fresh,65,15,aggregator,2026-10-04T17:09:56+00:00,Tehran,2688000.0,single_value,USD
dollar_tehran3bze,قیمت لحظه‌ای دلار تهران,"دلار فردایی تهران ⏳ 269,000 مـعامله شد ✅",Tehran,2690000.00,,,,,,,,,,,,,,,,,toman,"{""Tehran"": 2690000.0}",,,,fresh,65,15,aggregator,2026-10-04T17:27:40+00:00,Tehran,2690000.0,single_value,USD
dollar_tehran3bze,قیمت لحظه‌ای دلار تهران,"دلار فردایی تهران ⏳ 269,000 خــرید 🔵",Tehran,2690000.00,,,,,,,,,,,,,,,,,toman,"{""Tehran"": 2690000.0}",,,,fresh,65,15,aggregator,2026-10-04T17:27:42+00:00,Tehran,2690000.0,single_value,USD
dollarferdowsi,نرخ لحظه ای دلار | میدان فردوسی تهران,"دلار فردایی تهران ⏳ 268,500 خــرید 🔵",Tehran,2685000.00,,,,,,,,,,,,,,,,,toman,"{""Tehran"": 2685000.0}",,,,fresh,65,10,regional_market_channel,2026-10-04T16:20:26+00:00,Tehran,2685000.0,single_value,USD
dollarferdowsi,نرخ لحظه ای دلار | میدان فردوسی تهران,"دلار فردایی تهران ⏳ 268,600 خــرید 🔵",Tehran,2686000.00,,,,,,,,,,,,,,,,,toman,"{""Tehran"": 2686000.0}",,,,fresh,65,10,regional_market_channel,2026-10-04T17:01:28+00:00,Tehran,2686000.0,single_value,USD
dollarferdowsi,نرخ لحظه ای دلار | میدان فردوسی تهران,"دلار فردایی تهران ⏳ 268,700 مـعامله شد ✅",Tehran,2687000.00,,,,,,,,,,,,,,,,,toman,"{""Tehran"": 2687000.0}",,,,fresh,65,10,regional_market_channel,2026-10-04T17:01:28+00:00,Tehran,2687000.0,single_value,USD
dollarferdowsi,نرخ لحظه ای دلار | میدان فردوسی تهران,"دلار فردایی تهران ⏳ 268,700 خــرید 🔵",Tehran,2687000.00,,,,,,,,,,,,,,,,,toman,"{""Tehran"": 2687000.0}",,,,fresh,65,10,regional_market_channel,2026-10-04T17:01:28+00:00,Tehran,2687000.0,single_value,USD
dollarferdowsi,نرخ لحظه ای دلار | میدان فردوسی تهران,"دلار فردایی تهران ⏳ 268,800 خــرید 🔵",Tehran,2688000.00,,,,,,,,,,,,,,,,,toman,"{""Tehran"": 2688000.0}",,,,fresh,65,10,regional_market_channel,2026-10-04T17:10:01+00:00,Tehran,2688000.0,single_value,USD
dollarferdowsi,نرخ لحظه ای دلار | میدان فردوسی تهران,"دلار فردایی تهران ⏳ 269,000 مـعامله شد ✅",Tehran,2690000.00,,,,,,,,,,,,,,,,,toman,"{""Tehran"": 2690000.0}",,,,fresh,65,10,regional_market_channel,2026-10-04T17:27:50+00:00,Tehran,2690000.0,single_value,USD
dollarferdowsi,نرخ لحظه ای دلار | میدان فردوسی تهران,"دلار فردایی تهران ⏳ 269,000 خــرید 🔵",Tehran,2690000.00,,,,,,,,,,,,,,,,,toman,"{""Tehran"": 2690000.0}",,,,fresh,65,10,regional_market_channel,2026-10-04T17:27:50+00:00,Tehran,2690000.0,single_value,USD
dollariraqi,سعر الدولار في العراق لحظة بلحظة بورصة الكفاح و الحارثية $,"🟢 آخر أسعار الدولار في البورصات المحلية 🕰 🔺 🔻 ⚡️ : 🏛️ بغداد 157,150 | 157,200 🏛️ البصرة 157,000 | 157,000 🏛️ أربيل 157,250 | 157,300 🏛️ سليمانية 157,300 | 157,350 🏛️ دهوك 157,300 | 157,350 🏛️ النجف 157,150 | 157,300 🏛️ كربلاء 157,150 | 157,...",Baghdad|Sulaymaniyah,,,1572750.00,,1571750.00,,,,,,,,,,,,,toman,"{""Baghdad"": 1571750.0, ""Sulaymaniyah"": 1572750.0}",157150,157200,157175.00,recent,65,100,regional_fx_board,2026-10-03T08:44:51+00:00,Baghdad,1571750.0,midpoint,USD
dollariraqi,سعر الدولار في العراق لحظة بلحظة بورصة الكفاح و الحارثية $,"🟢 آخر أسعار الدولار في البورصات المحلية 🕰 🔺 🔻 ⚡️ : 🏛️ بغداد 157,150 | 157,200 🏛️ البصرة 157,000 | 157,000 🏛️ أربيل 157,250 | 157,300 🏛️ سليمانية 157,300 | 157,350 🏛️ دهوك 157,300 | 157,350 🏛️ النجف 157,150 | 157,300 🏛️ كربلاء 157,150 | 157,...",Baghdad|Sulaymaniyah,,,1572750.00,,,,,,,,,,,,,,,toman,"{""Sulaymaniyah"": 1572750.0}",157250,157300,157175.00,recent,65,100,regional_fx_board,2026-10-03T08:44:51+00:00,Sulaymaniyah,1572750.0,midpoint,USD
dollariraqi,سعر الدولار في العراق لحظة بلحظة بورصة الكفاح و الحارثية $,"🟢 آخر أسعار الدولار في البورصات المحلية 🕰 🔺 🔺 ⚡️ : 🏛️ سموأل 157,250 | 157,300 🏛️ كفاح 157,250 | 157,300 🏛️ حارثية 157,200 | 157,250 🏛️ البصرة 157,000 | 157,100 🏛️ أربيل 157,400 | 157,425 🏛️ سليمانية 157,400 | 157,450 🏛️ دهوك 157,500 | 157,5...",Sulaymaniyah,,,1574125.00,,,,,,,,,,,,,,,toman,"{""Sulaymaniyah"": 1574125.0}",157400,157425,157275.00,recent,65,100,regional_fx_board,2026-10-03T10:20:52+00:00,Sulaymaniyah,1574125.0,midpoint,USD
dollariraqi,سعر الدولار في العراق لحظة بلحظة بورصة الكفاح و الحارثية $,"🟢 آخر أسعار الدولار في البورصات المحلية 🕰 🔺 🔺 ⚡️ : 🏛️ سموأل 157,400 | 157,400 🏛️ كفاح 157,400 | 157,450 🏛️ حارثية 157,350 | 157,400 🏛️ البصرة 157,200 | 157,200 🏛️ أربيل 157,400 | 157,425 🏛️ سليمانية 157,550 | 157,600 🏛️ دهوك 157,500 | 157,5...",Sulaymaniyah,,,1574125.00,,,,,,,,,,,,,,,toman,"{""Sulaymaniyah"": 1574125.0}",157400,157425,157400.00,recent,65,100,regional_fx_board,2026-10-03T12:44:36+00:00,Sulaymaniyah,1574125.0,midpoint,USD
doolarharat,نرخ لحظه ای دلار هرات,"دلار فردایی تهران ⏳ 268,338 مـعامله شد ✅ ⏱️ به‌روزرسانی: 20:43:57 📅 تاریخ: یک‌شنبه 12 مهر 1405 💎 دلار هرات",Tehran,2683380.00,,,,,,,,,,,,,,,,,toman,"{""Tehran"": 2683380.0}",,,,fresh,65,100,regional_market_channel,2026-10-04T17:13:57+00:00,Tehran,2683380.0,single_value,USD
doolarharat,نرخ لحظه ای دلار هرات,"دلار فردایی تهران ⏳ 268,797 خــرید 🔵 ⏱️ به‌روزرسانی: 20:43:57 📅 تاریخ: یک‌شنبه 12 مهر 1405 💎 دلار هرات",Tehran,2687970.00,,,,,,,,,,,,,,,,,toman,"{""Tehran"": 2687970.0}",,,,fresh,65,100,regional_market_channel,2026-10-04T17:13:57+00:00,Tehran,2687970.0,single_value,USD
doolarharat,نرخ لحظه ای دلار هرات,"دلار فردایی تهران ⏳ 269,109 خــرید 🔵 ⏱️ به‌روزرسانی: 20:43:57 📅 تاریخ: یک‌شنبه 12 مهر 1405 💎 دلار هرات",Tehran,2691090.00,,,,,,,,,,,,,,,,,toman,"{""Tehran"": 2691090.0}",,,,fresh,65,100,regional_market_channel,2026-10-04T17:13:57+00:00,Tehran,2691090.0,single_value,USD
doolarharat,نرخ لحظه ای دلار هرات,"دلار فردایی تهران ⏳ 268,140 خــرید 🔵 ⏱️ به‌روزرسانی: 20:43:57 📅 تاریخ: یک‌شنبه 12 مهر 1405 💎 دلار هرات",Tehran,2681400.00,,,,,,,,,,,,,,,,,toman,"{""Tehran"": 2681400.0}",,,,fresh,65,100,regional_market_channel,2026-10-04T17:13:57+00:00,Tehran,2681400.0,single_value,USD
doolarharat,نرخ لحظه ای دلار هرات,"دلار فردایی تهران ⏳ 268,201 خــرید 🔵 ⏱️ به‌روزرسانی: 20:43:57 📅 تاریخ: یک‌شنبه 12 مهر 1405 💎 دلار هرات",Tehran,2682010.00,,,,,,,,,,,,,,,,,toman,"{""Tehran"": 2682010.0}",,,,fresh,65,100,regional_market_channel,2026-10-04T17:13:57+00:00,Tehran,2682010.0,single_value,USD
doolarharat,نرخ لحظه ای دلار هرات,"دلار فردایی تهران ⏳ 268,300 خــرید 🔵 ⏱️ به‌روزرسانی: 20:58:57 📅 تاریخ: یک‌شنبه 12 مهر 1405 💎 دلار هرات",Tehran,2683000.00,,,,,,,,,,,,,,,,,toman,"{""Tehran"": 2683000.0}",,,,fresh,65,100,regional_market_channel,2026-10-04T17:28:57+00:00,Tehran,2683000.0,single_value,USD
doolarharat,نرخ لحظه ای دلار هرات,"دلار فردایی تهران ⏳ 269,572 خــرید 🔵 ⏱️ به‌روزرسانی: 20:58:57 📅 تاریخ: یک‌شنبه 12 مهر 1405 💎 دلار هرات",Tehran,2695720.00,,,,,,,,,,,,,,,,,toman,"{""Tehran"": 2695720.0}",,,,fresh,65,100,regional_market_channel,2026-10-04T17:28:57+00:00,Tehran,2695720.0,single_value,USD
doolarharat,نرخ لحظه ای دلار هرات,"دلار فردایی تهران ⏳ 268,324 مـعامله شد ✅ ⏱️ به‌روزرسانی: 20:58:57 📅 تاریخ: یک‌شنبه 12 مهر 1405 💎 دلار هرات",Tehran,2683240.00,,,,,,,,,,,,,,,,,toman,"{""Tehran"": 2683240.0}",,,,fresh,65,100,regional_market_channel,2026-10-04T17:28:57+00:00,Tehran,2683240.0,single_value,USD
doolarharat,نرخ لحظه ای دلار هرات,"دلار فردایی تهران ⏳ 268,316 خــرید 🔵 ⏱️ به‌روزرسانی: 21:13:57 📅 تاریخ: یک‌شنبه 12 مهر 1405 💎 دلار هرات",Tehran,2683160.00,,,,,,,,,,,,,,,,,toman,"{""Tehran"": 2683160.0}",,,,fresh,65,100,regional_market_channel,2026-10-04T17:43:57+00:00,Tehran,2683160.0,single_value,USD
eghtesadtejarat,اقتصادتجارت,"🌐 مظنه بازار 1405/07/06 دوشنبه دلار فروش : 244,300 تومان دلار خرید : 243,900 تومان یورو : 277,840 تومان دلار کانادا : 176,320 تومان درهم امارات : 67,150 تومان سکه امامی : 247,500,000 تومان سکه بهار آزادی: 240,000,000 تومان نیم سکه: 127,000,...",Dubai,,,,,,,2466083.75,,,,,,,,,,,toman,"{""Dubai"": 2466083.75}",244300,244300,244300.00,stale,65,100,regional_fx_board,2026-09-28T12:33:17+00:00,Dubai,2466083.75,single_value,AED
eghtesadtejarat,اقتصادتجارت,"🌐 مظنه بازار 1405/07/08 چهارشنبه دلار فروش : 256,400 تومان دلار خرید : 256,000 تومان یورو : 290,530 تومان دلار کانادا : 184,130 تومان درهم امارات: 70,100 تومان سکه امامی : 261,000,000 تومان سکه بهار آزادی : 252,000,000 تومان نیم سکه135,000,...",Dubai,,,,,,,2574422.50,,,,,,,,,,,toman,"{""Dubai"": 2574422.5}",256400,256400,256400.00,stale,65,100,regional_fx_board,2026-09-30T10:30:36+00:00,Dubai,2574422.5,single_value,AED
eghtesadtejarat,اقتصادتجارت,"🌐 مظنه بازار 1405/07/09 پنج شنبه دلار فروش : 259,000 تومان دلار خرید : 258,600 تومان یورو : 290,880 تومان دلار کانادا : 185,870 تومان درهم امارات : 71,190 تومان سکه امامی : 261,000,000 تومان سکه بهار آزادی252,000,000 تومان نیم سکه : 136,000...",Dubai,,,,,,,2614452.75,,,,,,,,,,,toman,"{""Dubai"": 2614452.75}",259000,259000,259000.00,stale,65,100,regional_fx_board,2026-10-01T17:00:01+00:00,Dubai,2614452.75,single_value,AED
exchangeratescountries,نرخ ارز ساعتی £ $ €,". ⭕️ قیمت ارزهای آزاد | شنبه 11 مهر 1405 - 11:23 🇺🇸 دلار : 2,654,900 ریال 🇪🇺 یورو : 2,993,600 ریال 🇬🇧 پوند انگلیس : 3,522,100 ریال 🇦🇪 درهم امارات : 726,760 ریال 🇹🇷 لیر ترکیه : 54,800 ریال 🇨🇭 فرانک سوئیس : 3,210,400 ریال 🇩🇰 کرون دانمارک : 39...",Armenia|Dubai|Iraq|Qatar|Turkey|UK,,,,,,2297740.00,2669026.10,,,,,,,,2655380.00,,2839200.00,rial,"{""Armenia"": 2839200.0, ""Dubai"": 2669026.1, ""Iraq"": 2297740.0, ""Qatar"": 2655380.0, ""Turkey"": 2475864.0, ""UK"": 2709307.69}",,,,recent,65,100,regional_fx_board,2026-10-03T08:57:44+00:00,Armenia,2839200.0,single_value,AMD
exchangeratescountries,نرخ ارز ساعتی £ $ €,". ⭕️ قیمت ارزهای آزاد | شنبه 11 مهر 1405 - 11:23 🇺🇸 دلار : 2,654,900 ریال 🇪🇺 یورو : 2,993,600 ریال 🇬🇧 پوند انگلیس : 3,522,100 ریال 🇦🇪 درهم امارات : 726,760 ریال 🇹🇷 لیر ترکیه : 54,800 ریال 🇨🇭 فرانک سوئیس : 3,210,400 ریال 🇩🇰 کرون دانمارک : 39...",Armenia|Dubai|Iraq|Qatar|Turkey|UK,,,,,,2297740.00,2669026.10,,,,,,,,,,,rial,"{""Dubai"": 2669026.1, ""Iraq"": 2297740.0}",,,,recent,65,100,regional_fx_board,2026-10-03T08:57:44+00:00,Dubai,2669026.1,single_value,AED
exchangeratescountries,نرخ ارز ساعتی £ $ €,". ⭕️ قیمت ارزهای آزاد | شنبه 11 مهر 1405 - 11:23 🇺🇸 دلار : 2,654,900 ریال 🇪🇺 یورو : 2,993,600 ریال 🇬🇧 پوند انگلیس : 3,522,100 ریال 🇦🇪 درهم امارات : 726,760 ریال 🇹🇷 لیر ترکیه : 54,800 ریال 🇨🇭 فرانک سوئیس : 3,210,400 ریال 🇩🇰 کرون دانمارک : 39...",Armenia|Dubai|Iraq|Qatar|Turkey|UK,,,,,,2297740.00,,,,,,,,,,,,rial,"{""Iraq"": 2297740.0}",,,,recent,65,100,regional_fx_board,2026-10-03T08:57:44+00:00,Iraq,2297740.0,single_value,IQD
exchangeratescountries,نرخ ارز ساعتی £ $ €,". ⭕️ قیمت ارزهای آزاد | شنبه 11 مهر 1405 - 11:23 🇺🇸 دلار : 2,654,900 ریال 🇪🇺 یورو : 2,993,600 ریال 🇬🇧 پوند انگلیس : 3,522,100 ریال 🇦🇪 درهم امارات : 726,760 ریال 🇹🇷 لیر ترکیه : 54,800 ریال 🇨🇭 فرانک سوئیس : 3,210,400 ریال 🇩🇰 کرون دانمارک : 39...",Armenia|Dubai|Iraq|Qatar|Turkey|UK,,,,,,2297740.00,2669026.10,,,,,,,,2655380.00,,,rial,"{""Dubai"": 2669026.1, ""Iraq"": 2297740.0, ""Qatar"": 2655380.0, ""Turkey"": 2475864.0, ""UK"": 2709307.69}",,,,recent,65,100,regional_fx_board,2026-10-03T08:57:44+00:00,Qatar,2655380.0,single_value,QAR
exchangeratescountries,نرخ ارز ساعتی £ $ €,". ⭕️ قیمت ارزهای آزاد | شنبه 11 مهر 1405 - 11:23 🇺🇸 دلار : 2,654,900 ریال 🇪🇺 یورو : 2,993,600 ریال 🇬🇧 پوند انگلیس : 3,522,100 ریال 🇦🇪 درهم امارات : 726,760 ریال 🇹🇷 لیر ترکیه : 54,800 ریال 🇨🇭 فرانک سوئیس : 3,210,400 ریال 🇩🇰 کرون دانمارک : 39...",Armenia|Dubai|Iraq|Qatar|Turkey|UK,,,,,,2297740.00,2669026.10,,,,,,,,,,,rial,"{""Dubai"": 2669026.1, ""Iraq"": 2297740.0, ""Turkey"": 2475864.0}",,,,recent,65,100,regional_fx_board,2026-10-03T08:57:44+00:00,Turkey,2475864.0,single_value,TRY
exchangeratescountries,نرخ ارز ساعتی £ $ €,". ⭕️ قیمت ارزهای آزاد | شنبه 11 مهر 1405 - 11:23 🇺🇸 دلار : 2,654,900 ریال 🇪🇺 یورو : 2,993,600 ریال 🇬🇧 پوند انگلیس : 3,522,100 ریال 🇦🇪 درهم امارات : 726,760 ریال 🇹🇷 لیر ترکیه : 54,800 ریال 🇨🇭 فرانک سوئیس : 3,210,400 ریال 🇩🇰 کرون دانمارک : 39...",Armenia|Dubai|Iraq|Qatar|Turkey|UK,,,,,,2297740.00,2669026.10,,,,,,,,,,,rial,"{""Dubai"": 2669026.1, ""Iraq"": 2297740.0, ""Turkey"": 2475864.0, ""UK"": 2709307.69}",,,,recent,65,100,regional_fx_board,2026-10-03T08:57:44+00:00,UK,2709307.692307692,single_value,GBP
fardaei_tehran,قیمت لحظه ای دلار تهران,"دلار فردایی تهران ⏳ 268,500 مـعامله شد ✅",Tehran,2685000.00,,,,,,,,,,,,,,,,,toman,"{""Tehran"": 2685000.0}",,,,fresh,65,35,regional_market_channel,2026-10-04T16:23:07+00:00,Tehran,2685000.0,single_value,USD
fardaei_tehran,قیمت لحظه ای دلار تهران,"دلار فردایی تهران ⏳ 268,700 مـعامله شد ✅",Tehran,2687000.00,,,,,,,,,,,,,,,,,toman,"{""Tehran"": 2687000.0}",,,,fresh,65,35,regional_market_channel,2026-10-04T17:03:13+00:00,Tehran,2687000.0,single_value,USD
fardaei_tehran,قیمت لحظه ای دلار تهران,"دلار فردایی تهران ⏳ 269,000 مـعامله شد ✅",Tehran,2690000.00,,,,,,,,,,,,,,,,,toman,"{""Tehran"": 2690000.0}",,,,fresh,65,35,regional_market_channel,2026-10-04T17:33:12+00:00,Tehran,2690000.0,single_value,USD
hiemarat,نرخ درهم امارات و طلا دبی، نقره و تتر,"درهم در بازار ایران: 73,810 تومان 🇮🇷 تغییرات: 80 تومان 📉 به‌روزرسانی: 2026-10-04 20:10 ⏰",Iran,,,,,,,,,,,,,,,,,,toman,"{""Iran"": 2710672.25}",,,,fresh,65,100,exchange_shop,2026-10-04T16:11:13+00:00,Iran,2710672.25,single_value,AED
hiemarat,نرخ درهم امارات و طلا دبی، نقره و تتر,"درهم در بازار ایران: 73,890 تومان 🇮🇷 تغییرات: 0 تومان ➖ به‌روزرسانی: 2026-10-04 20:30 ⏰",Iran,,,,,,,,,,,,,,,,,,toman,"{""Iran"": 2713610.25}",,,,fresh,65,100,exchange_shop,2026-10-04T16:32:15+00:00,Iran,2713610.25,single_value,AED
hiemarat,نرخ درهم امارات و طلا دبی، نقره و تتر,"درهم در بازار ایران: 73,860 تومان 🇮🇷 تغییرات: 30 تومان 📉 به‌روزرسانی: 2026-10-04 20:50 ⏰",Iran,,,,,,,,,,,,,,,,,,toman,"{""Iran"": 2712508.5}",,,,fresh,65,100,exchange_shop,2026-10-04T16:51:16+00:00,Iran,2712508.5,single_value,AED
hiemarat,نرخ درهم امارات و طلا دبی، نقره و تتر,"درهم در بازار ایران: 73,940 تومان 🇮🇷 تغییرات: 50 تومان 📈 به‌روزرسانی: 2026-10-04 21:10 ⏰",Iran,,,,,,,,,,,,,,,,,,toman,"{""Iran"": 2715446.5}",,,,fresh,65,100,exchange_shop,2026-10-04T17:11:18+00:00,Iran,2715446.5,single_value,AED
hiemarat,نرخ درهم امارات و طلا دبی، نقره و تتر,"درهم در بازار ایران: 74,000 تومان 🇮🇷 تغییرات: 110 تومان 📈 به‌روزرسانی: 2026-10-04 21:30 ⏰",Iran,,,,,,,,,,,,,,,,,,toman,"{""Iran"": 2717650.0}",,,,fresh,65,100,exchange_shop,2026-10-04T17:31:19+00:00,Iran,2717650.0,single_value,AED
moneytransfersarafi,Money Transfer Sarafi مانی حواله صرافي,". ⭕️ قیمت ارزهای آزاد | شنبه 11 مهر 1405 - 11:23 🇺🇸 دلار : 2,654,900 ریال 🇪🇺 یورو : 2,993,600 ریال 🇬🇧 پوند انگلیس : 3,522,100 ریال 🇦🇪 درهم امارات : 726,760 ریال 🇹🇷 لیر ترکیه : 54,800 ریال 🇨🇭 فرانک سوئیس : 3,210,400 ریال 🇩🇰 کرون دانمارک : 39...",Armenia|Dubai|Iraq|Qatar|Turkey|UK,,,,,,2297740.00,2669026.10,,,,,,,,2655380.00,,2839200.00,rial,"{""Armenia"": 2839200.0, ""Dubai"": 2669026.1, ""Iraq"": 2297740.0, ""Qatar"": 2655380.0, ""Turkey"": 2475864.0, ""UK"": 2709307.69}",,,,recent,65,100,regional_fx_board,2026-10-03T08:57:44+00:00,Armenia,2839200.0,single_value,AMD
moneytransfersarafi,Money Transfer Sarafi مانی حواله صرافي,". ⭕️ قیمت ارزهای آزاد | شنبه 11 مهر 1405 - 11:23 🇺🇸 دلار : 2,654,900 ریال 🇪🇺 یورو : 2,993,600 ریال 🇬🇧 پوند انگلیس : 3,522,100 ریال 🇦🇪 درهم امارات : 726,760 ریال 🇹🇷 لیر ترکیه : 54,800 ریال 🇨🇭 فرانک سوئیس : 3,210,400 ریال 🇩🇰 کرون دانمارک : 39...",Armenia|Dubai|Iraq|Qatar|Turkey|UK,,,,,,2297740.00,2669026.10,,,,,,,,,,,rial,"{""Dubai"": 2669026.1, ""Iraq"": 2297740.0}",,,,recent,65,100,regional_fx_board,2026-10-03T08:57:44+00:00,Dubai,2669026.1,single_value,AED
moneytransfersarafi,Money Transfer Sarafi مانی حواله صرافي,". ⭕️ قیمت ارزهای آزاد | شنبه 11 مهر 1405 - 11:23 🇺🇸 دلار : 2,654,900 ریال 🇪🇺 یورو : 2,993,600 ریال 🇬🇧 پوند انگلیس : 3,522,100 ریال 🇦🇪 درهم امارات : 726,760 ریال 🇹🇷 لیر ترکیه : 54,800 ریال 🇨🇭 فرانک سوئیس : 3,210,400 ریال 🇩🇰 کرون دانمارک : 39...",Armenia|Dubai|Iraq|Qatar|Turkey|UK,,,,,,2297740.00,,,,,,,,,,,,rial,"{""Iraq"": 2297740.0}",,,,recent,65,100,regional_fx_board,2026-10-03T08:57:44+00:00,Iraq,2297740.0,single_value,IQD
moneytransfersarafi,Money Transfer Sarafi مانی حواله صرافي,". ⭕️ قیمت ارزهای آزاد | شنبه 11 مهر 1405 - 11:23 🇺🇸 دلار : 2,654,900 ریال 🇪🇺 یورو : 2,993,600 ریال 🇬🇧 پوند انگلیس : 3,522,100 ریال 🇦🇪 درهم امارات : 726,760 ریال 🇹🇷 لیر ترکیه : 54,800 ریال 🇨🇭 فرانک سوئیس : 3,210,400 ریال 🇩🇰 کرون دانمارک : 39...",Armenia|Dubai|Iraq|Qatar|Turkey|UK,,,,,,2297740.00,2669026.10,,,,,,,,2655380.00,,,rial,"{""Dubai"": 2669026.1, ""Iraq"": 2297740.0, ""Qatar"": 2655380.0, ""Turkey"": 2475864.0, ""UK"": 2709307.69}",,,,recent,65,100,regional_fx_board,2026-10-03T08:57:44+00:00,Qatar,2655380.0,single_value,QAR
moneytransfersarafi,Money Transfer Sarafi مانی حواله صرافي,". ⭕️ قیمت ارزهای آزاد | شنبه 11 مهر 1405 - 11:23 🇺🇸 دلار : 2,654,900 ریال 🇪🇺 یورو : 2,993,600 ریال 🇬🇧 پوند انگلیس : 3,522,100 ریال 🇦🇪 درهم امارات : 726,760 ریال 🇹🇷 لیر ترکیه : 54,800 ریال 🇨🇭 فرانک سوئیس : 3,210,400 ریال 🇩🇰 کرون دانمارک : 39...",Armenia|Dubai|Iraq|Qatar|Turkey|UK,,,,,,2297740.00,2669026.10,,,,,,,,,,,rial,"{""Dubai"": 2669026.1, ""Iraq"": 2297740.0, ""Turkey"": 2475864.0}",,,,recent,65,100,regional_fx_board,2026-10-03T08:57:44+00:00,Turkey,2475864.0,single_value,TRY
moneytransfersarafi,Money Transfer Sarafi مانی حواله صرافي,". ⭕️ قیمت ارزهای آزاد | شنبه 11 مهر 1405 - 11:23 🇺🇸 دلار : 2,654,900 ریال 🇪🇺 یورو : 2,993,600 ریال 🇬🇧 پوند انگلیس : 3,522,100 ریال 🇦🇪 درهم امارات : 726,760 ریال 🇹🇷 لیر ترکیه : 54,800 ریال 🇨🇭 فرانک سوئیس : 3,210,400 ریال 🇩🇰 کرون دانمارک : 39...",Armenia|Dubai|Iraq|Qatar|Turkey|UK,,,,,,2297740.00,2669026.10,,,,,,,,,,,rial,"{""Dubai"": 2669026.1, ""Iraq"": 2297740.0, ""Turkey"": 2475864.0, ""UK"": 2709307.69}",,,,recent,65,100,regional_fx_board,2026-10-03T08:57:44+00:00,UK,2709307.692307692,single_value,GBP
nerkh_uk,نرخ ارز Nerkh_Uk,". ⭕️ قیمت ارزهای آزاد | شنبه 11 مهر 1405 - 11:23 🇺🇸 دلار : 2,654,900 ریال 🇪🇺 یورو : 2,993,600 ریال 🇬🇧 پوند انگلیس : 3,522,100 ریال 🇦🇪 درهم امارات : 726,760 ریال 🇹🇷 لیر ترکیه : 54,800 ریال 🇨🇭 فرانک سوئیس : 3,210,400 ریال 🇩🇰 کرون دانمارک : 39...",Armenia|Dubai|Iraq|Qatar|Turkey|UK,,,,,,2297740.00,2669026.10,,,,,,,,2655380.00,,2839200.00,rial,"{""Armenia"": 2839200.0, ""Dubai"": 2669026.1, ""Iraq"": 2297740.0, ""Qatar"": 2655380.0, ""Turkey"": 2475864.0, ""UK"": 2709307.69}",,,,recent,65,100,regional_fx_board,2026-10-03T08:57:44+00:00,Armenia,2839200.0,single_value,AMD
nerkh_uk,نرخ ارز Nerkh_Uk,". ⭕️ قیمت ارزهای آزاد | شنبه 11 مهر 1405 - 11:23 🇺🇸 دلار : 2,654,900 ریال 🇪🇺 یورو : 2,993,600 ریال 🇬🇧 پوند انگلیس : 3,522,100 ریال 🇦🇪 درهم امارات : 726,760 ریال 🇹🇷 لیر ترکیه : 54,800 ریال 🇨🇭 فرانک سوئیس : 3,210,400 ریال 🇩🇰 کرون دانمارک : 39...",Armenia|Dubai|Iraq|Qatar|Turkey|UK,,,,,,2297740.00,2669026.10,,,,,,,,,,,rial,"{""Dubai"": 2669026.1, ""Iraq"": 2297740.0}",,,,recent,65,100,regional_fx_board,2026-10-03T08:57:44+00:00,Dubai,2669026.1,single_value,AED
nerkh_uk,نرخ ارز Nerkh_Uk,". ⭕️ قیمت ارزهای آزاد | شنبه 11 مهر 1405 - 11:23 🇺🇸 دلار : 2,654,900 ریال 🇪🇺 یورو : 2,993,600 ریال 🇬🇧 پوند انگلیس : 3,522,100 ریال 🇦🇪 درهم امارات : 726,760 ریال 🇹🇷 لیر ترکیه : 54,800 ریال 🇨🇭 فرانک سوئیس : 3,210,400 ریال 🇩🇰 کرون دانمارک : 39...",Armenia|Dubai|Iraq|Qatar|Turkey|UK,,,,,,2297740.00,,,,,,,,,,,,rial,"{""Iraq"": 2297740.0}",,,,recent,65,100,regional_fx_board,2026-10-03T08:57:44+00:00,Iraq,2297740.0,single_value,IQD
nerkh_uk,نرخ ارز Nerkh_Uk,". ⭕️ قیمت ارزهای آزاد | شنبه 11 مهر 1405 - 11:23 🇺🇸 دلار : 2,654,900 ریال 🇪🇺 یورو : 2,993,600 ریال 🇬🇧 پوند انگلیس : 3,522,100 ریال 🇦🇪 درهم امارات : 726,760 ریال 🇹🇷 لیر ترکیه : 54,800 ریال 🇨🇭 فرانک سوئیس : 3,210,400 ریال 🇩🇰 کرون دانمارک : 39...",Armenia|Dubai|Iraq|Qatar|Turkey|UK,,,,,,2297740.00,2669026.10,,,,,,,,2655380.00,,,rial,"{""Dubai"": 2669026.1, ""Iraq"": 2297740.0, ""Qatar"": 2655380.0, ""Turkey"": 2475864.0, ""UK"": 2709307.69}",,,,recent,65,100,regional_fx_board,2026-10-03T08:57:44+00:00,Qatar,2655380.0,single_value,QAR
nerkh_uk,نرخ ارز Nerkh_Uk,". ⭕️ قیمت ارزهای آزاد | شنبه 11 مهر 1405 - 11:23 🇺🇸 دلار : 2,654,900 ریال 🇪🇺 یورو : 2,993,600 ریال 🇬🇧 پوند انگلیس : 3,522,100 ریال 🇦🇪 درهم امارات : 726,760 ریال 🇹🇷 لیر ترکیه : 54,800 ریال 🇨🇭 فرانک سوئیس : 3,210,400 ریال 🇩🇰 کرون دانمارک : 39...",Armenia|Dubai|Iraq|Qatar|Turkey|UK,,,,,,2297740.00,2669026.10,,,,,,,,,,,rial,"{""Dubai"": 2669026.1, ""Iraq"": 2297740.0, ""Turkey"": 2475864.0}",,,,recent,65,100,regional_fx_board,2026-10-03T08:57:44+00:00,Turkey,2475864.0,single_value,TRY
nerkh_uk,نرخ ارز Nerkh_Uk,". ⭕️ قیمت ارزهای آزاد | شنبه 11 مهر 1405 - 11:23 🇺🇸 دلار : 2,654,900 ریال 🇪🇺 یورو : 2,993,600 ریال 🇬🇧 پوند انگلیس : 3,522,100 ریال 🇦🇪 درهم امارات : 726,760 ریال 🇹🇷 لیر ترکیه : 54,800 ریال 🇨🇭 فرانک سوئیس : 3,210,400 ریال 🇩🇰 کرون دانمارک : 39...",Armenia|Dubai|Iraq|Qatar|Turkey|UK,,,,,,2297740.00,2669026.10,,,,,,,,,,,rial,"{""Dubai"": 2669026.1, ""Iraq"": 2297740.0, ""Turkey"": 2475864.0, ""UK"": 2709307.69}",,,,recent,65,100,regional_fx_board,2026-10-03T08:57:44+00:00,UK,2709307.692307692,single_value,GBP
nerkhsarafionline,Nerkh Sarafi Online نرخ صرافي,". ⭕️ قیمت ارزهای آزاد | شنبه 11 مهر 1405 - 11:23 🇺🇸 دلار : 2,654,900 ریال 🇪🇺 یورو : 2,993,600 ریال 🇬🇧 پوند انگلیس : 3,522,100 ریال 🇦🇪 درهم امارات : 726,760 ریال 🇹🇷 لیر ترکیه : 54,800 ریال 🇨🇭 فرانک سوئیس : 3,210,400 ریال 🇩🇰 کرون دانمارک : 39...",Armenia|Dubai|Iraq|Qatar|Turkey|UK,,,,,,2297740.00,2669026.10,,,,,,,,2655380.00,,2839200.00,rial,"{""Armenia"": 2839200.0, ""Dubai"": 2669026.1, ""Iraq"": 2297740.0, ""Qatar"": 2655380.0, ""Turkey"": 2475864.0, ""UK"": 2709307.69}",,,,recent,65,100,regional_fx_board,2026-10-03T08:57:43+00:00,Armenia,2839200.0,single_value,AMD
nerkhsarafionline,Nerkh Sarafi Online نرخ صرافي,". ⭕️ قیمت ارزهای آزاد | شنبه 11 مهر 1405 - 11:23 🇺🇸 دلار : 2,654,900 ریال 🇪🇺 یورو : 2,993,600 ریال 🇬🇧 پوند انگلیس : 3,522,100 ریال 🇦🇪 درهم امارات : 726,760 ریال 🇹🇷 لیر ترکیه : 54,800 ریال 🇨🇭 فرانک سوئیس : 3,210,400 ریال 🇩🇰 کرون دانمارک : 39...",Armenia|Dubai|Iraq|Qatar|Turkey|UK,,,,,,2297740.00,2669026.10,,,,,,,,,,,rial,"{""Dubai"": 2669026.1, ""Iraq"": 2297740.0}",,,,recent,65,100,regional_fx_board,2026-10-03T08:57:43+00:00,Dubai,2669026.1,single_value,AED
nerkhsarafionline,Nerkh Sarafi Online نرخ صرافي,". ⭕️ قیمت ارزهای آزاد | شنبه 11 مهر 1405 - 11:23 🇺🇸 دلار : 2,654,900 ریال 🇪🇺 یورو : 2,993,600 ریال 🇬🇧 پوند انگلیس : 3,522,100 ریال 🇦🇪 درهم امارات : 726,760 ریال 🇹🇷 لیر ترکیه : 54,800 ریال 🇨🇭 فرانک سوئیس : 3,210,400 ریال 🇩🇰 کرون دانمارک : 39...",Armenia|Dubai|Iraq|Qatar|Turkey|UK,,,,,,2297740.00,,,,,,,,,,,,rial,"{""Iraq"": 2297740.0}",,,,recent,65,100,regional_fx_board,2026-10-03T08:57:43+00:00,Iraq,2297740.0,single_value,IQD
nerkhsarafionline,Nerkh Sarafi Online نرخ صرافي,". ⭕️ قیمت ارزهای آزاد | شنبه 11 مهر 1405 - 11:23 🇺🇸 دلار : 2,654,900 ریال 🇪🇺 یورو : 2,993,600 ریال 🇬🇧 پوند انگلیس : 3,522,100 ریال 🇦🇪 درهم امارات : 726,760 ریال 🇹🇷 لیر ترکیه : 54,800 ریال 🇨🇭 فرانک سوئیس : 3,210,400 ریال 🇩🇰 کرون دانمارک : 39...",Armenia|Dubai|Iraq|Qatar|Turkey|UK,,,,,,2297740.00,2669026.10,,,,,,,,2655380.00,,,rial,"{""Dubai"": 2669026.1, ""Iraq"": 2297740.0, ""Qatar"": 2655380.0, ""Turkey"": 2475864.0, ""UK"": 2709307.69}",,,,recent,65,100,regional_fx_board,2026-10-03T08:57:43+00:00,Qatar,2655380.0,single_value,QAR
nerkhsarafionline,Nerkh Sarafi Online نرخ صرافي,". ⭕️ قیمت ارزهای آزاد | شنبه 11 مهر 1405 - 11:23 🇺🇸 دلار : 2,654,900 ریال 🇪🇺 یورو : 2,993,600 ریال 🇬🇧 پوند انگلیس : 3,522,100 ریال 🇦🇪 درهم امارات : 726,760 ریال 🇹🇷 لیر ترکیه : 54,800 ریال 🇨🇭 فرانک سوئیس : 3,210,400 ریال 🇩🇰 کرون دانمارک : 39...",Armenia|Dubai|Iraq|Qatar|Turkey|UK,,,,,,2297740.00,2669026.10,,,,,,,,,,,rial,"{""Dubai"": 2669026.1, ""Iraq"": 2297740.0, ""Turkey"": 2475864.0}",,,,recent,65,100,regional_fx_board,2026-10-03T08:57:43+00:00,Turkey,2475864.0,single_value,TRY
nerkhsarafionline,Nerkh Sarafi Online نرخ صرافي,". ⭕️ قیمت ارزهای آزاد | شنبه 11 مهر 1405 - 11:23 🇺🇸 دلار : 2,654,900 ریال 🇪🇺 یورو : 2,993,600 ریال 🇬🇧 پوند انگلیس : 3,522,100 ریال 🇦🇪 درهم امارات : 726,760 ریال 🇹🇷 لیر ترکیه : 54,800 ریال 🇨🇭 فرانک سوئیس : 3,210,400 ریال 🇩🇰 کرون دانمارک : 39...",Armenia|Dubai|Iraq|Qatar|Turkey|UK,,,,,,2297740.00,2669026.10,,,,,,,,,,,rial,"{""Dubai"": 2669026.1, ""Iraq"": 2297740.0, ""Turkey"": 2475864.0, ""UK"": 2709307.69}",,,,recent,65,100,regional_fx_board,2026-10-03T08:57:43+00:00,UK,2709307.692307692,single_value,GBP
sarafionline7groupuk,Nerkh Sarafi Online 7 Group Uk,". ⭕️ قیمت ارزهای آزاد | شنبه 11 مهر 1405 - 11:23 🇺🇸 دلار : 2,654,900 ریال 🇪🇺 یورو : 2,993,600 ریال 🇬🇧 پوند انگلیس : 3,522,100 ریال 🇦🇪 درهم امارات : 726,760 ریال 🇹🇷 لیر ترکیه : 54,800 ریال 🇨🇭 فرانک سوئیس : 3,210,400 ریال 🇩🇰 کرون دانمارک : 39...",Armenia|Dubai|Iraq|Qatar|Turkey|UK,,,,,,2297740.00,2669026.10,,,,,,,,2655380.00,,2839200.00,rial,"{""Armenia"": 2839200.0, ""Dubai"": 2669026.1, ""Iraq"": 2297740.0, ""Qatar"": 2655380.0, ""Turkey"": 2475864.0, ""UK"": 2709307.69}",,,,recent,65,100,regional_fx_board,2026-10-03T07:59:25+00:00,Armenia,2839200.0,single_value,AMD
sarafionline7groupuk,Nerkh Sarafi Online 7 Group Uk,". ⭕️ قیمت ارزهای آزاد | شنبه 11 مهر 1405 - 11:23 🇺🇸 دلار : 2,654,900 ریال 🇪🇺 یورو : 2,993,600 ریال 🇬🇧 پوند انگلیس : 3,522,100 ریال 🇦🇪 درهم امارات : 726,760 ریال 🇹🇷 لیر ترکیه : 54,800 ریال 🇨🇭 فرانک سوئیس : 3,210,400 ریال 🇩🇰 کرون دانمارک : 39...",Armenia|Dubai|Iraq|Qatar|Turkey|UK,,,,,,2297740.00,2669026.10,,,,,,,,,,,rial,"{""Dubai"": 2669026.1, ""Iraq"": 2297740.0}",,,,recent,65,100,regional_fx_board,2026-10-03T07:59:25+00:00,Dubai,2669026.1,single_value,AED
sarafionline7groupuk,Nerkh Sarafi Online 7 Group Uk,". ⭕️ قیمت ارزهای آزاد | شنبه 11 مهر 1405 - 11:23 🇺🇸 دلار : 2,654,900 ریال 🇪🇺 یورو : 2,993,600 ریال 🇬🇧 پوند انگلیس : 3,522,100 ریال 🇦🇪 درهم امارات : 726,760 ریال 🇹🇷 لیر ترکیه : 54,800 ریال 🇨🇭 فرانک سوئیس : 3,210,400 ریال 🇩🇰 کرون دانمارک : 39...",Armenia|Dubai|Iraq|Qatar|Turkey|UK,,,,,,2297740.00,,,,,,,,,,,,rial,"{""Iraq"": 2297740.0}",,,,recent,65,100,regional_fx_board,2026-10-03T07:59:25+00:00,Iraq,2297740.0,single_value,IQD
sarafionline7groupuk,Nerkh Sarafi Online 7 Group Uk,". ⭕️ قیمت ارزهای آزاد | شنبه 11 مهر 1405 - 11:23 🇺🇸 دلار : 2,654,900 ریال 🇪🇺 یورو : 2,993,600 ریال 🇬🇧 پوند انگلیس : 3,522,100 ریال 🇦🇪 درهم امارات : 726,760 ریال 🇹🇷 لیر ترکیه : 54,800 ریال 🇨🇭 فرانک سوئیس : 3,210,400 ریال 🇩🇰 کرون دانمارک : 39...",Armenia|Dubai|Iraq|Qatar|Turkey|UK,,,,,,2297740.00,2669026.10,,,,,,,,2655380.00,,,rial,"{""Dubai"": 2669026.1, ""Iraq"": 2297740.0, ""Qatar"": 2655380.0, ""Turkey"": 2475864.0, ""UK"": 2709307.69}",,,,recent,65,100,regional_fx_board,2026-10-03T07:59:25+00:00,Qatar,2655380.0,single_value,QAR
sarafionline7groupuk,Nerkh Sarafi Online 7 Group Uk,". ⭕️ قیمت ارزهای آزاد | شنبه 11 مهر 1405 - 11:23 🇺🇸 دلار : 2,654,900 ریال 🇪🇺 یورو : 2,993,600 ریال 🇬🇧 پوند انگلیس : 3,522,100 ریال 🇦🇪 درهم امارات : 726,760 ریال 🇹🇷 لیر ترکیه : 54,800 ریال 🇨🇭 فرانک سوئیس : 3,210,400 ریال 🇩🇰 کرون دانمارک : 39...",Armenia|Dubai|Iraq|Qatar|Turkey|UK,,,,,,2297740.00,2669026.10,,,,,,,,,,,rial,"{""Dubai"": 2669026.1, ""Iraq"": 2297740.0, ""Turkey"": 2475864.0}",,,,recent,65,100,regional_fx_board,2026-10-03T07:59:25+00:00,Turkey,2475864.0,single_value,TRY
sarafionline7groupuk,Nerkh Sarafi Online 7 Group Uk,". ⭕️ قیمت ارزهای آزاد | شنبه 11 مهر 1405 - 11:23 🇺🇸 دلار : 2,654,900 ریال 🇪🇺 یورو : 2,993,600 ریال 🇬🇧 پوند انگلیس : 3,522,100 ریال 🇦🇪 درهم امارات : 726,760 ریال 🇹🇷 لیر ترکیه : 54,800 ریال 🇨🇭 فرانک سوئیس : 3,210,400 ریال 🇩🇰 کرون دانمارک : 39...",Armenia|Dubai|Iraq|Qatar|Turkey|UK,,,,,,2297740.00,2669026.10,,,,,,,,,,,rial,"{""Dubai"": 2669026.1, ""Iraq"": 2297740.0, ""Turkey"": 2475864.0, ""UK"": 2709307.69}",,,,recent,65,100,regional_fx_board,2026-10-03T07:59:25+00:00,UK,2709307.692307692,single_value,GBP
sarafionlineuk,Sarafi Online 7 Seven Uk,". ⭕️ قیمت ارزهای آزاد | شنبه 11 مهر 1405 - 11:23 🇺🇸 دلار : 2,654,900 ریال 🇪🇺 یورو : 2,993,600 ریال 🇬🇧 پوند انگلیس : 3,522,100 ریال 🇦🇪 درهم امارات : 726,760 ریال 🇹🇷 لیر ترکیه : 54,800 ریال 🇨🇭 فرانک سوئیس : 3,210,400 ریال 🇩🇰 کرون دانمارک : 39...",Armenia|Dubai|Iraq|Qatar|Turkey|UK,,,,,,2297740.00,2669026.10,,,,,,,,2655380.00,,2839200.00,rial,"{""Armenia"": 2839200.0, ""Dubai"": 2669026.1, ""Iraq"": 2297740.0, ""Qatar"": 2655380.0, ""Turkey"": 2475864.0, ""UK"": 2709307.69}",,,,recent,65,100,regional_fx_board,2026-10-03T08:57:43+00:00,Armenia,2839200.0,single_value,AMD
sarafionlineuk,Sarafi Online 7 Seven Uk,". ⭕️ قیمت ارزهای آزاد | شنبه 11 مهر 1405 - 11:23 🇺🇸 دلار : 2,654,900 ریال 🇪🇺 یورو : 2,993,600 ریال 🇬🇧 پوند انگلیس : 3,522,100 ریال 🇦🇪 درهم امارات : 726,760 ریال 🇹🇷 لیر ترکیه : 54,800 ریال 🇨🇭 فرانک سوئیس : 3,210,400 ریال 🇩🇰 کرون دانمارک : 39...",Armenia|Dubai|Iraq|Qatar|Turkey|UK,,,,,,2297740.00,2669026.10,,,,,,,,,,,rial,"{""Dubai"": 2669026.1, ""Iraq"": 2297740.0}",,,,recent,65,100,regional_fx_board,2026-10-03T08:57:43+00:00,Dubai,2669026.1,single_value,AED
sarafionlineuk,Sarafi Online 7 Seven Uk,". ⭕️ قیمت ارزهای آزاد | شنبه 11 مهر 1405 - 11:23 🇺🇸 دلار : 2,654,900 ریال 🇪🇺 یورو : 2,993,600 ریال 🇬🇧 پوند انگلیس : 3,522,100 ریال 🇦🇪 درهم امارات : 726,760 ریال 🇹🇷 لیر ترکیه : 54,800 ریال 🇨🇭 فرانک سوئیس : 3,210,400 ریال 🇩🇰 کرون دانمارک : 39...",Armenia|Dubai|Iraq|Qatar|Turkey|UK,,,,,,2297740.00,,,,,,,,,,,,rial,"{""Iraq"": 2297740.0}",,,,recent,65,100,regional_fx_board,2026-10-03T08:57:43+00:00,Iraq,2297740.0,single_value,IQD
sarafionlineuk,Sarafi Online 7 Seven Uk,". ⭕️ قیمت ارزهای آزاد | شنبه 11 مهر 1405 - 11:23 🇺🇸 دلار : 2,654,900 ریال 🇪🇺 یورو : 2,993,600 ریال 🇬🇧 پوند انگلیس : 3,522,100 ریال 🇦🇪 درهم امارات : 726,760 ریال 🇹🇷 لیر ترکیه : 54,800 ریال 🇨🇭 فرانک سوئیس : 3,210,400 ریال 🇩🇰 کرون دانمارک : 39...",Armenia|Dubai|Iraq|Qatar|Turkey|UK,,,,,,2297740.00,2669026.10,,,,,,,,2655380.00,,,rial,"{""Dubai"": 2669026.1, ""Iraq"": 2297740.0, ""Qatar"": 2655380.0, ""Turkey"": 2475864.0, ""UK"": 2709307.69}",,,,recent,65,100,regional_fx_board,2026-10-03T08:57:43+00:00,Qatar,2655380.0,single_value,QAR
sarafionlineuk,Sarafi Online 7 Seven Uk,". ⭕️ قیمت ارزهای آزاد | شنبه 11 مهر 1405 - 11:23 🇺🇸 دلار : 2,654,900 ریال 🇪🇺 یورو : 2,993,600 ریال 🇬🇧 پوند انگلیس : 3,522,100 ریال 🇦🇪 درهم امارات : 726,760 ریال 🇹🇷 لیر ترکیه : 54,800 ریال 🇨🇭 فرانک سوئیس : 3,210,400 ریال 🇩🇰 کرون دانمارک : 39...",Armenia|Dubai|Iraq|Qatar|Turkey|UK,,,,,,2297740.00,2669026.10,,,,,,,,,,,rial,"{""Dubai"": 2669026.1, ""Iraq"": 2297740.0, ""Turkey"": 2475864.0}",,,,recent,65,100,regional_fx_board,2026-10-03T08:57:43+00:00,Turkey,2475864.0,single_value,TRY
sarafionlineuk,Sarafi Online 7 Seven Uk,". ⭕️ قیمت ارزهای آزاد | شنبه 11 مهر 1405 - 11:23 🇺🇸 دلار : 2,654,900 ریال 🇪🇺 یورو : 2,993,600 ریال 🇬🇧 پوند انگلیس : 3,522,100 ریال 🇦🇪 درهم امارات : 726,760 ریال 🇹🇷 لیر ترکیه : 54,800 ریال 🇨🇭 فرانک سوئیس : 3,210,400 ریال 🇩🇰 کرون دانمارک : 39...",Armenia|Dubai|Iraq|Qatar|Turkey|UK,,,,,,2297740.00,2669026.10,,,,,,,,,,,rial,"{""Dubai"": 2669026.1, ""Iraq"": 2297740.0, ""Turkey"": 2475864.0, ""UK"": 2709307.69}",,,,recent,65,100,regional_fx_board,2026-10-03T08:57:43+00:00,UK,2709307.692307692,single_value,GBP
tahran_sabza,قیمت لحظه ای دلارتهران,"دلار فردایی تهران ⏳ 268,600 خــرید 🔵",Tehran,2686000.00,,,,,,,,,,,,,,,,,toman,"{""Tehran"": 2686000.0}",,,,fresh,65,20,regional_market_channel,2026-10-04T17:01:21+00:00,Tehran,2686000.0,single_value,USD
tahran_sabza,قیمت لحظه ای دلارتهران,"دلار فردایی تهران ⏳ 268,700 مـعامله شد ✅",Tehran,2687000.00,,,,,,,,,,,,,,,,,toman,"{""Tehran"": 2687000.0}",,,,fresh,65,20,regional_market_channel,2026-10-04T17:01:22+00:00,Tehran,2687000.0,single_value,USD
tahran_sabza,قیمت لحظه ای دلارتهران,"دلار فردایی تهران ⏳ 268,700 خــرید 🔵",Tehran,2687000.00,,,,,,,,,,,,,,,,,toman,"{""Tehran"": 2687000.0}",,,,fresh,65,20,regional_market_channel,2026-10-04T17:01:23+00:00,Tehran,2687000.0,single_value,USD
tahran_sabza,قیمت لحظه ای دلارتهران,"دلار فردایی تهران ⏳ 268,800 خــرید 🔵",Tehran,2688000.00,,,,,,,,,,,,,,,,,toman,"{""Tehran"": 2688000.0}",,,,fresh,65,20,regional_market_channel,2026-10-04T17:09:58+00:00,Tehran,2688000.0,single_value,USD
tahran_sabza,قیمت لحظه ای دلارتهران,"دلار فردایی تهران ⏳ 269,000 مـعامله شد ✅",Tehran,2690000.00,,,,,,,,,,,,,,,,,toman,"{""Tehran"": 2690000.0}",,,,fresh,65,20,regional_market_channel,2026-10-04T17:27:41+00:00,Tehran,2690000.0,single_value,USD
tahran_sabza,قیمت لحظه ای دلارتهران,"دلار فردایی تهران ⏳ 269,000 خــرید 🔵",Tehran,2690000.00,,,,,,,,,,,,,,,,,toman,"{""Tehran"": 2690000.0}",,,,fresh,65,20,regional_market_channel,2026-10-04T17:27:42+00:00,Tehran,2690000.0,single_value,USD
arzcredit,Arz Credit | ارزکردیت,"🔺 قیمت‌ ارز 🔹 تاریخ 10 مهر 1405 🔻 نرخ‌ های زیر، نرخ حواله می‌ باشد 🔸 دلار:273,600 🔸 یورو: 306,400 🔸 درهم امارات: 73,500 🔸 رینگیت مالزی: 66,000 🔸 تتر: 267,200 🔹 سایت ما: http://www.arzcredit.com 🔹 کانال بله ما: https://ble.ir/arzcredit_com 🔹...",Dubai,,,,,,,2699287.50,,,,,,,,,,,toman,"{""Dubai"": 2699287.5}",,,,recent,64,100,regional_fx_board,2026-10-02T11:25:48+00:00,Dubai,2699287.5,single_value,AED
bazar360,Bazar360.com نرخ ارز,"‏ آخرین نرخ فروش ارز و طلا در بازار تهران Bazar360.com - 1405/7/8 @ 08:29 نسخه جدید بازار۳۶۰ در Arz360.com / Bazar360.com در دسترس شماست! منتظر نظرات شما هستیم! نرخ تقریبی فروش ارز در بازار آزاد 🇺🇸 دلار آمریکا: 253,500 - 256,700 ⬆ [چارت 📈 ]...",Dubai|Turkey|UK,,,,,,,2552552.76,,,,,,,,,,,toman,"{""Dubai"": 2552552.76}",69109,69900,255100.00,stale,64,100,regional_fx_board,2026-09-30T04:59:06+00:00,Dubai,2552552.7624999997,midpoint,AED
bazar360,Bazar360.com نرخ ارز,"‏ آخرین نرخ فروش ارز و طلا در بازار تهران Bazar360.com - 1405/7/8 @ 10:29 نسخه جدید بازار۳۶۰ در Arz360.com / Bazar360.com در دسترس شماست! منتظر نظرات شما هستیم! نرخ تقریبی فروش ارز در بازار آزاد 🇺🇸 دلار آمریکا: 253,500 - 255,100 ⬆ [چارت 📈 ]...",Dubai|Turkey|UK,,,,,,,2548513.01,,,,,,,,,,,toman,"{""Dubai"": 2548513.01}",69109,69680,254300.00,stale,64,100,regional_fx_board,2026-09-30T06:59:56+00:00,Dubai,2548513.0124999997,midpoint,AED
bazar360,Bazar360.com نرخ ارز,"‏ آخرین نرخ فروش ارز و طلا در بازار تهران Bazar360.com - 1405/7/8 @ 14:00 نسخه جدید بازار۳۶۰ در Arz360.com / Bazar360.com در دسترس شماست! منتظر نظرات شما هستیم! نرخ تقریبی فروش ارز در بازار آزاد 🇺🇸 دلار آمریکا: 256,200 - 257,200 ⬆ [چارت 📈 ]...",Dubai|Turkey|UK,,,,,,,2580114.88,,,,,,,,,,,toman,"{""Dubai"": 2580114.88}",70000,70510,256700.00,stale,64,100,regional_fx_board,2026-09-30T10:30:02+00:00,Dubai,2580114.875,midpoint,AED
bazar360,Bazar360.com نرخ ارز,"‏ آخرین نرخ فروش ارز و طلا در بازار تهران Bazar360.com - 1405/7/8 @ 16:59 نسخه جدید بازار۳۶۰ در Arz360.com / Bazar360.com در دسترس شماست! منتظر نظرات شما هستیم! نرخ تقریبی فروش ارز در بازار آزاد 🇺🇸 دلار آمریکا: 254,875 - 256,300 ⬆ [چارت 📈 ]...",Dubai|Turkey|UK,,,,,,,2568546.50,,,,,,,,,,,toman,"{""Dubai"": 2568546.5}",69650,70230,255587.50,stale,64,100,regional_fx_board,2026-09-30T13:29:49+00:00,Dubai,2568546.5,midpoint,AED
bazar360,Bazar360.com نرخ ارز,"‏ آخرین نرخ فروش ارز و طلا در بازار تهران Bazar360.com - 1405/7/9 @ 08:29 نسخه جدید بازار۳۶۰ در Arz360.com / Bazar360.com در دسترس شماست! منتظر نظرات شما هستیم! نرخ تقریبی فروش ارز در بازار آزاد 🇺🇸 دلار آمریکا: 254,700 - 256,200 ⬆ [چارت 📈 ]...",Dubai|Turkey|UK,,,,,,,2569648.25,,,,,,,,,,,toman,"{""Dubai"": 2569648.25}",69730,70210,255450.00,stale,64,100,regional_fx_board,2026-10-01T04:59:45+00:00,Dubai,2569648.25,midpoint,AED
bazar360,Bazar360.com نرخ ارز,"‏ آخرین نرخ فروش ارز و طلا در بازار تهران Bazar360.com - 1405/7/9 @ 10:29 نسخه جدید بازار۳۶۰ در Arz360.com / Bazar360.com در دسترس شماست! منتظر نظرات شما هستیم! نرخ تقریبی فروش ارز در بازار آزاد 🇺🇸 دلار آمریکا: 254,700 - 256,200 ⬆ [چارت 📈 ]...",Dubai|Turkey|UK,,,,,,,2569464.62,,,,,,,,,,,toman,"{""Dubai"": 2569464.62}",69730,70200,255450.00,stale,64,100,regional_fx_board,2026-10-01T06:59:36+00:00,Dubai,2569464.625,midpoint,AED
bazar360,Bazar360.com نرخ ارز,"‏ آخرین نرخ فروش ارز و طلا در بازار تهران Bazar360.com - 1405/7/9 @ 13:59 نسخه جدید بازار۳۶۰ در Arz360.com / Bazar360.com در دسترس شماست! منتظر نظرات شما هستیم! نرخ تقریبی فروش ارز در بازار آزاد 🇺🇸 دلار آمریکا: 257,500 - 259,500 ⬆ [چارت 📈 ]...",Dubai|Turkey|UK,,,,,,,2592234.12,,,,,,,,,,,toman,"{""Dubai"": 2592234.12}",70100,71070,258500.00,stale,64,100,regional_fx_board,2026-10-01T10:29:14+00:00,Dubai,2592234.125,midpoint,AED
bazar360,Bazar360.com نرخ ارز,"‏ آخرین نرخ فروش ارز و طلا در بازار تهران Bazar360.com - 1405/7/9 @ 16:59 نسخه جدید بازار۳۶۰ در Arz360.com / Bazar360.com در دسترس شماست! منتظر نظرات شما هستیم! نرخ تقریبی فروش ارز در بازار آزاد 🇺🇸 دلار آمریکا: 258,000 - 259,600 ⬆ [چارت 📈 ]...",Dubai|Turkey|UK,,,,,,,2599028.25,,,,,,,,,,,toman,"{""Dubai"": 2599028.25}",70350,71190,258800.00,stale,64,100,regional_fx_board,2026-10-01T13:29:53+00:00,Dubai,2599028.25,midpoint,AED
bazar360,Bazar360.com نرخ ارز,"‏ آخرین نرخ فروش ارز و طلا در بازار تهران Bazar360.com - 1405/7/8 @ 08:29 نسخه جدید بازار۳۶۰ در Arz360.com / Bazar360.com در دسترس شماست! منتظر نظرات شما هستیم! نرخ تقریبی فروش ارز در بازار آزاد 🇺🇸 دلار آمریکا: 253,500 - 256,700 ⬆ [چارت 📈 ]...",Dubai|Turkey|UK,,,,,,,2552552.76,,,,,,,,,,,toman,"{""Dubai"": 2552552.76, ""Turkey"": 2358396.0}",5170,5270,255100.00,stale,64,100,regional_fx_board,2026-09-30T04:59:06+00:00,Turkey,2358396.0,midpoint,TRY
bazar360,Bazar360.com نرخ ارز,"‏ آخرین نرخ فروش ارز و طلا در بازار تهران Bazar360.com - 1405/7/8 @ 10:29 نسخه جدید بازار۳۶۰ در Arz360.com / Bazar360.com در دسترس شماست! منتظر نظرات شما هستیم! نرخ تقریبی فروش ارز در بازار آزاد 🇺🇸 دلار آمریکا: 253,500 - 255,100 ⬆ [چارت 📈 ]...",Dubai|Turkey|UK,,,,,,,2548513.01,,,,,,,,,,,toman,"{""Dubai"": 2548513.01, ""Turkey"": 2357718.3}",5170,5267,254300.00,stale,64,100,regional_fx_board,2026-09-30T06:59:56+00:00,Turkey,2357718.3,midpoint,TRY
bazar360,Bazar360.com نرخ ارز,"‏ آخرین نرخ فروش ارز و طلا در بازار تهران Bazar360.com - 1405/7/8 @ 14:00 نسخه جدید بازار۳۶۰ در Arz360.com / Bazar360.com در دسترس شماست! منتظر نظرات شما هستیم! نرخ تقریبی فروش ارز در بازار آزاد 🇺🇸 دلار آمریکا: 256,200 - 257,200 ⬆ [چارت 📈 ]...",Dubai|Turkey|UK,,,,,,,2580114.88,,,,,,,,,,,toman,"{""Dubai"": 2580114.88, ""Turkey"": 2383245.0}",5230,5320,256700.00,stale,64,100,regional_fx_board,2026-09-30T10:30:02+00:00,Turkey,2383245.0,midpoint,TRY
bazar360,Bazar360.com نرخ ارز,"‏ آخرین نرخ فروش ارز و طلا در بازار تهران Bazar360.com - 1405/7/8 @ 16:59 نسخه جدید بازار۳۶۰ در Arz360.com / Bazar360.com در دسترس شماست! منتظر نظرات شما هستیم! نرخ تقریبی فروش ارز در بازار آزاد 🇺🇸 دلار آمریکا: 254,875 - 256,300 ⬆ [چارت 📈 ]...",Dubai|Turkey|UK,,,,,,,2568546.50,,,,,,,,,,,toman,"{""Dubai"": 2568546.5, ""Turkey"": 2374209.0}",5210,5300,255587.50,stale,64,100,regional_fx_board,2026-09-30T13:29:49+00:00,Turkey,2374209.0,midpoint,TRY
bazar360,Bazar360.com نرخ ارز,"‏ آخرین نرخ فروش ارز و طلا در بازار تهران Bazar360.com - 1405/7/9 @ 08:29 نسخه جدید بازار۳۶۰ در Arz360.com / Bazar360.com در دسترس شماست! منتظر نظرات شما هستیم! نرخ تقریبی فروش ارز در بازار آزاد 🇺🇸 دلار آمریکا: 254,700 - 256,200 ⬆ [چارت 📈 ]...",Dubai|Turkey|UK,,,,,,,2569648.25,,,,,,,,,,,toman,"{""Dubai"": 2569648.25, ""Turkey"": 2391151.5}",5225,5360,255450.00,stale,64,100,regional_fx_board,2026-10-01T04:59:45+00:00,Turkey,2391151.5,midpoint,TRY
bazar360,Bazar360.com نرخ ارز,"‏ آخرین نرخ فروش ارز و طلا در بازار تهران Bazar360.com - 1405/7/9 @ 10:29 نسخه جدید بازار۳۶۰ در Arz360.com / Bazar360.com در دسترس شماست! منتظر نظرات شما هستیم! نرخ تقریبی فروش ارز در بازار آزاد 🇺🇸 دلار آمریکا: 254,700 - 256,200 ⬆ [چارت 📈 ]...",Dubai|Turkey|UK,,,,,,,2569464.62,,,,,,,,,,,toman,"{""Dubai"": 2569464.62, ""Turkey"": 2374209.0}",5210,5300,255450.00,stale,64,100,regional_fx_board,2026-10-01T06:59:36+00:00,Turkey,2374209.0,midpoint,TRY
bazar360,Bazar360.com نرخ ارز,"‏ آخرین نرخ فروش ارز و طلا در بازار تهران Bazar360.com - 1405/7/9 @ 13:59 نسخه جدید بازار۳۶۰ در Arz360.com / Bazar360.com در دسترس شماست! منتظر نظرات شما هستیم! نرخ تقریبی فروش ارز در بازار آزاد 🇺🇸 دلار آمریکا: 257,500 - 259,500 ⬆ [چارت 📈 ]...",Dubai|Turkey|UK,,,,,,,2592234.12,,,,,,,,,,,toman,"{""Dubai"": 2592234.12, ""Turkey"": 2412612.0}",5250,5430,258500.00,stale,64,100,regional_fx_board,2026-10-01T10:29:14+00:00,Turkey,2412612.0,midpoint,TRY
bazar360,Bazar360.com نرخ ارز,"‏ آخرین نرخ فروش ارز و طلا در بازار تهران Bazar360.com - 1405/7/9 @ 16:59 نسخه جدید بازار۳۶۰ در Arz360.com / Bazar360.com در دسترس شماست! منتظر نظرات شما هستیم! نرخ تقریبی فروش ارز در بازار آزاد 🇺🇸 دلار آمریکا: 258,000 - 259,600 ⬆ [چارت 📈 ]...",Dubai|Turkey|UK,,,,,,,2599028.25,,,,,,,,,,,toman,"{""Dubai"": 2599028.25, ""Turkey"": 2402446.5}",5265,5370,258800.00,stale,64,100,regional_fx_board,2026-10-01T13:29:53+00:00,Turkey,2402446.5,midpoint,TRY
bazar360,Bazar360.com نرخ ارز,"‏ آخرین نرخ فروش ارز و طلا در بازار تهران Bazar360.com - 1405/7/8 @ 08:29 نسخه جدید بازار۳۶۰ در Arz360.com / Bazar360.com در دسترس شماست! منتظر نظرات شما هستیم! نرخ تقریبی فروش ارز در بازار آزاد 🇺🇸 دلار آمریکا: 253,500 - 256,700 ⬆ [چارت 📈 ]...",Dubai|Turkey|UK,,,,,,,2552552.76,,,,,,,,,,,toman,"{""Dubai"": 2552552.76, ""Turkey"": 2358396.0, ""UK"": 2588846.15}",333400,339700,255100.00,stale,64,100,regional_fx_board,2026-09-30T04:59:06+00:00,UK,2588846.153846154,midpoint,GBP
bazar360,Bazar360.com نرخ ارز,"‏ آخرین نرخ فروش ارز و طلا در بازار تهران Bazar360.com - 1405/7/8 @ 10:29 نسخه جدید بازار۳۶۰ در Arz360.com / Bazar360.com در دسترس شماست! منتظر نظرات شما هستیم! نرخ تقریبی فروش ارز در بازار آزاد 🇺🇸 دلار آمریکا: 253,500 - 255,100 ⬆ [چارت 📈 ]...",Dubai|Turkey|UK,,,,,,,2548513.01,,,,,,,,,,,toman,"{""Dubai"": 2548513.01, ""Turkey"": 2357718.3, ""UK"": 2580576.92}",333500,337450,254300.00,stale,64,100,regional_fx_board,2026-09-30T06:59:56+00:00,UK,2580576.923076923,midpoint,GBP
bazar360,Bazar360.com نرخ ارز,"‏ آخرین نرخ فروش ارز و طلا در بازار تهران Bazar360.com - 1405/7/8 @ 14:00 نسخه جدید بازار۳۶۰ در Arz360.com / Bazar360.com در دسترس شماست! منتظر نظرات شما هستیم! نرخ تقریبی فروش ارز در بازار آزاد 🇺🇸 دلار آمریکا: 256,200 - 257,200 ⬆ [چارت 📈 ]...",Dubai|Turkey|UK,,,,,,,2580114.88,,,,,,,,,,,toman,"{""Dubai"": 2580114.88, ""Turkey"": 2383245.0, ""UK"": 2612692.31}",338000,341300,256700.00,stale,64,100,regional_fx_board,2026-09-30T10:30:02+00:00,UK,2612692.3076923075,midpoint,GBP
bazar360,Bazar360.com نرخ ارز,"‏ آخرین نرخ فروش ارز و طلا در بازار تهران Bazar360.com - 1405/7/8 @ 16:59 نسخه جدید بازار۳۶۰ در Arz360.com / Bazar360.com در دسترس شماست! منتظر نظرات شما هستیم! نرخ تقریبی فروش ارز در بازار آزاد 🇺🇸 دلار آمریکا: 254,875 - 256,300 ⬆ [چارت 📈 ]...",Dubai|Turkey|UK,,,,,,,2568546.50,,,,,,,,,,,toman,"{""Dubai"": 2568546.5, ""Turkey"": 2374209.0, ""UK"": 2605961.54}",336900,340650,255587.50,stale,64,100,regional_fx_board,2026-09-30T13:29:49+00:00,UK,2605961.5384615385,midpoint,GBP
bazar360,Bazar360.com نرخ ارز,"‏ آخرین نرخ فروش ارز و طلا در بازار تهران Bazar360.com - 1405/7/9 @ 08:29 نسخه جدید بازار۳۶۰ در Arz360.com / Bazar360.com در دسترس شماست! منتظر نظرات شما هستیم! نرخ تقریبی فروش ارز در بازار آزاد 🇺🇸 دلار آمریکا: 254,700 - 256,200 ⬆ [چارت 📈 ]...",Dubai|Turkey|UK,,,,,,,2569648.25,,,,,,,,,,,toman,"{""Dubai"": 2569648.25, ""Turkey"": 2391151.5, ""UK"": 2607192.31}",336100,341770,255450.00,stale,64,100,regional_fx_board,2026-10-01T04:59:45+00:00,UK,2607192.3076923075,midpoint,GBP
bazar360,Bazar360.com نرخ ارز,"‏ آخرین نرخ فروش ارز و طلا در بازار تهران Bazar360.com - 1405/7/9 @ 10:29 نسخه جدید بازار۳۶۰ در Arz360.com / Bazar360.com در دسترس شماست! منتظر نظرات شما هستیم! نرخ تقریبی فروش ارز در بازار آزاد 🇺🇸 دلار آمریکا: 254,700 - 256,200 ⬆ [چارت 📈 ]...",Dubai|Turkey|UK,,,,,,,2569464.62,,,,,,,,,,,toman,"{""Dubai"": 2569464.62, ""Turkey"": 2374209.0, ""UK"": 2597692.31}",336000,339400,255450.00,stale,64,100,regional_fx_board,2026-10-01T06:59:36+00:00,UK,2597692.3076923075,midpoint,GBP
bazar360,Bazar360.com نرخ ارز,"‏ آخرین نرخ فروش ارز و طلا در بازار تهران Bazar360.com - 1405/7/9 @ 13:59 نسخه جدید بازار۳۶۰ در Arz360.com / Bazar360.com در دسترس شماست! منتظر نظرات شما هستیم! نرخ تقریبی فروش ارز در بازار آزاد 🇺🇸 دلار آمریکا: 257,500 - 259,500 ⬆ [چارت 📈 ]...",Dubai|Turkey|UK,,,,,,,2592234.12,,,,,,,,,,,toman,"{""Dubai"": 2592234.12, ""Turkey"": 2412612.0, ""UK"": 2629346.15}",339100,344530,258500.00,stale,64,100,regional_fx_board,2026-10-01T10:29:14+00:00,UK,2629346.1538461535,midpoint,GBP
bazar360,Bazar360.com نرخ ارز,"‏ آخرین نرخ فروش ارز و طلا در بازار تهران Bazar360.com - 1405/7/9 @ 16:59 نسخه جدید بازار۳۶۰ در Arz360.com / Bazar360.com در دسترس شماست! منتظر نظرات شما هستیم! نرخ تقریبی فروش ارز در بازار آزاد 🇺🇸 دلار آمریکا: 258,000 - 259,600 ⬆ [چارت 📈 ]...",Dubai|Turkey|UK,,,,,,,2599028.25,,,,,,,,,,,toman,"{""Dubai"": 2599028.25, ""Turkey"": 2402446.5, ""UK"": 2624884.62}",340000,342470,258800.00,stale,64,100,regional_fx_board,2026-10-01T13:29:53+00:00,UK,2624884.6153846155,midpoint,GBP
berlin_pay,برلین پِی,خرید یورو نقدی برلین €* 255000 برلین 260000 بالای هزار 261000 بالای ۵هزار خرید یورو واریزبانکی* 263000 بالای هزار 264000 بالای ۵هزار https://chat.whatsapp.com/L204hi6hEZe3W9I2UUJiLd,Berlin,,,,,,,,,,2236842.11,,,,,,,,toman,"{""Berlin"": 2236842.11}",255000,,,stale,64,100,regional_fx_board,2026-09-28T07:52:37+00:00,Berlin,2236842.105263158,buy,EUR
berlin_pay,برلین پِی,خرید یورو نقدی برلین €* 262000 برلین 266000 بالای هزار 268000 بالای ۵هزار خرید یورو واریزبانکی* 270000 بالای هزار 272000 بالای ۵هزار https://chat.whatsapp.com/L204hi6hEZe3W9I2UUJiLd,Berlin,,,,,,,,,,2298245.61,,,,,,,,toman,"{""Berlin"": 2298245.61}",262000,,,stale,64,100,regional_fx_board,2026-09-29T07:31:47+00:00,Berlin,2298245.614035088,buy,EUR
berlin_pay,برلین پِی,خرید یورو نقدی برلین €* 265000 برلین 271000 بالای هزار 273000 بالای ۵هزار خرید یورو واریزبانکی* 275000 بالای هزار 277000 بالای ۵هزار https://chat.whatsapp.com/L204hi6hEZe3W9I2UUJiLd,Berlin,,,,,,,,,,2324561.40,,,,,,,,toman,"{""Berlin"": 2324561.4}",265000,,,stale,64,100,regional_fx_board,2026-09-30T07:58:53+00:00,Berlin,2324561.403508772,buy,EUR
berlin_pay,برلین پِی,خرید یورو نقدی برلین €* 270000 برلین 273000 بالای هزار 275000 بالای ۵هزار خرید یورو واریزبانکی* 277000 بالای هزار 278000 بالای ۵هزار https://chat.whatsapp.com/L204hi6hEZe3W9I2UUJiLd,Berlin,,,,,,,,,,2368421.05,,,,,,,,toman,"{""Berlin"": 2368421.05}",270000,,,stale,64,100,regional_fx_board,2026-10-01T07:48:50+00:00,Berlin,2368421.0526315793,buy,EUR
sarafibartarlondon,صرافی برتر | لندن,"خرید پوند بانکی : 300,000 تومان نرخ‌های بانکی : برای مبالغ بالای 1000 پوند 💷 فروش پوند بانکی (حساب رسمی) : Call برای کسب قیمت قطعی و اطلاعات بیشتر تماس بگیرید ⁦برای معاملات رسمی با رسید معتبر با ما تماس بگیرید راه‌های ارتباط با ما 🇬🇧 👇🏻 📞 ت...",London,,,,,,,,,,,,2307692.31,,,,,,toman,"{""London"": 2307692.31}",300000,,,stale,64,65,exchange_shop,2026-09-28T08:39:01+00:00,London,2307692.3076923075,buy,GBP
sarafibartarlondon,صرافی برتر | لندن,"خرید پوند بانکی : 305,000 تومان نرخ‌های بانکی : برای مبالغ بالای 1000 پوند 💷 فروش پوند بانکی (حساب رسمی) : Call برای کسب قیمت قطعی و اطلاعات بیشتر تماس بگیرید ⁦برای معاملات رسمی با رسید معتبر با ما تماس بگیرید راه‌های ارتباط با ما 🇬🇧 👇🏻 📞 ت...",London,,,,,,,,,,,,2346153.85,,,,,,toman,"{""London"": 2346153.85}",305000,,,stale,64,65,exchange_shop,2026-09-29T08:28:51+00:00,London,2346153.846153846,buy,GBP
sarafibartarlondon,صرافی برتر | لندن,"خرید پوند بانکی : 310,000 تومان نرخ‌های بانکی : برای مبالغ بالای 1000 پوند 💷 فروش پوند بانکی (حساب رسمی) : Call برای کسب قیمت قطعی و اطلاعات بیشتر تماس بگیرید ⁦برای معاملات رسمی با رسید معتبر با ما تماس بگیرید راه‌های ارتباط با ما 🇬🇧 👇🏻 📞 ت...",London,,,,,,,,,,,,2384615.38,,,,,,toman,"{""London"": 2384615.38}",310000,,,stale,64,65,exchange_shop,2026-09-30T08:29:42+00:00,London,2384615.3846153845,buy,GBP
sarafijavan,SARAFI JAVAN | صرافی جوان لندن پوند خرید و فروش قیمت پوند نرخ ارز حواله دلار کانادا آمریکا درهم CAD EURO انگلیس یورو,"🟢 289,000 تومـــان خـــریـــ‌‌ـد ما (پــوند حسابی) 🔴 299,000 تومـــان فــــــروش ما (پــوند حسابی) ⭐️ انتقال سریع، مطمئن و شفاف ⭐️ ⸻ 📞 WhatsApp استعلام بهترین و آخرین قیمت 💬 👇 👇 👇 👇 https://wa.me/447577175916 ⸻ 📌 قیمت‌های فروش در تهران 💸 پو...",UK,,,,,,,,,,,,,,,,,,toman,"{""UK"": 2313675.0}",,308000,,old,64,100,regional_fx_board,2026-09-24T08:06:39+00:00,UK,2313675.0,single_value,AED
sarafijavan,SARAFI JAVAN | صرافی جوان لندن پوند خرید و فروش قیمت پوند نرخ ارز حواله دلار کانادا آمریکا درهم CAD EURO انگلیس یورو,"🟢 292,000 تومـــان خـــریـــ‌‌ـد ما (پــوند حسابی) 🔴 302,000 تومـــان فــــــروش ما (پــوند حسابی) ⭐️ انتقال سریع، مطمئن و شفاف ⭐️ ⸻ 📞 WhatsApp استعلام بهترین و آخرین قیمت 💬 👇 👇 👇 👇 https://wa.me/447577175916 ⸻ 📌 قیمت‌های فروش در تهران 💸 پو...",UK,,,,,,,,,,,,,,,,,,toman,"{""UK"": 2350400.0}",,310000,,old,64,100,regional_fx_board,2026-09-25T08:07:36+00:00,UK,2350400.0,single_value,AED
sarafijavan,SARAFI JAVAN | صرافی جوان لندن پوند خرید و فروش قیمت پوند نرخ ارز حواله دلار کانادا آمریکا درهم CAD EURO انگلیس یورو,"🟢 294,000 تومـــان خـــریـــ‌‌ـد ما ( پوند حسابی) 🔴 304,000 تومـــان فــــــروش ما (پــوند حسابی) ⭐️ انتقال سریع، مطمئن و شفاف ⭐️ ⸻ 📞 WhatsApp استعلام بهترین و آخرین قیمت 💬 👇 👇 👇 👇 https://wa.me/447577175916 ⸻ 📌 قیمت‌های فروش در تهران 💸 پون...",UK,,,,,,,,,,,,,,,,,,toman,"{""UK"": 2350400.0}",,310000,,old,64,100,regional_fx_board,2026-09-27T08:32:25+00:00,UK,2350400.0,single_value,AED
akhbrdolar1,نرخ اصلی دلار هرات,"هرات فردایی ⏳ 265,600 فروش 🔴",Herat,,2656000.00,,,,,,,,,,,,,,,,toman,"{""Herat"": 2656000.0}",,265600,,fresh,63,30,regional_market_channel,2026-10-04T18:16:58+00:00,Herat,2656000.0,sell,USD
akhbrdolar1,نرخ اصلی دلار هرات,"هرات فردایی ⏳ 265,500 فروش 🔴",Herat,,2655000.00,,,,,,,,,,,,,,,,toman,"{""Herat"": 2655000.0}",,265500,,fresh,63,30,regional_market_channel,2026-10-04T18:17:19+00:00,Herat,2655000.0,sell,USD
akhbrdolar1,نرخ اصلی دلار هرات,"هرات فردایی ⏳ 265,800 فروش 🔴",Herat,,2658000.00,,,,,,,,,,,,,,,,toman,"{""Herat"": 2658000.0}",,265800,,fresh,63,30,regional_market_channel,2026-10-04T18:24:48+00:00,Herat,2658000.0,sell,USD
bahamrocom,سامانه سفر باهمرو,"🔵 آفر های ویژه باهمرو برای چهارشنبه 1398/5/9 . 🛑 🛑 🛫 پایین ترین نرخ بلیت هواپیما در کشور! ✈ مشهد به تهران سه شنبه5/22 قیمت 3,684,000 ریال 🔗 خرید آنلاین ✈ تهران به مشهد سه شنبه5/22 قیمت 3,490,700 ریال 🔗 خرید آنلاین ✈ بوشهر به تهران سه شنبه5/...",Mashhad|Shiraz|Tabriz|Tehran,3067000.00,,,,,,,,,,,,,,,,,rial,"{""Mashhad"": 3490700.0, ""Tehran"": 3067000.0}",3490700,2172148,1428074.00,old,63,100,regional_fx_board,2019-08-11T16:45:35+00:00,Mashhad,3490700.0,buy,USD
bahamrocom,سامانه سفر باهمرو,"🔵 آفر های ویژه باهمرو . 🛑 🛑 🛫 پایین ترین نرخ بلیت هواپیما در کشور! ✈ مشهد به تهران سه شنبه 6/5 قیمت 3,958,000 ریال 🔗 خرید آنلاین ✈ تهران به مشهد سه شنبه 6/5 قیمت 3,776,800 ریال 🔗 خرید آنلاین ✈ بوشهر به تهران سه شنبه 6/5 قیمت 3,240,900 ریال ...",Mashhad|Shiraz|Tehran,4752000.00,,,,,,,,,,,,,,,,,rial,"{""Mashhad"": 3776800.0, ""Tehran"": 4752000.0}",3776800,2172148,1565074.00,old,63,100,regional_fx_board,2019-08-26T15:32:14+00:00,Mashhad,3776800.0,buy,USD
bahamrocom,سامانه سفر باهمرو,"🔵 آفر های ویژه باهمرو برای چهارشنبه 1398/5/9 . 🛑 🛑 🛫 پایین ترین نرخ بلیت هواپیما در کشور! ✈ مشهد به تهران سه شنبه5/22 قیمت 3,684,000 ریال 🔗 خرید آنلاین ✈ تهران به مشهد سه شنبه5/22 قیمت 3,490,700 ریال 🔗 خرید آنلاین ✈ بوشهر به تهران سه شنبه5/...",Mashhad|Shiraz|Tabriz|Tehran,3067000.00,,,,,,,,,,,,,,,,,rial,"{""Mashhad"": 3490700.0, ""Shiraz"": 4654000.0, ""Tehran"": 3067000.0}",4654000,2172148,1428074.00,old,63,100,regional_fx_board,2019-08-11T16:45:35+00:00,Shiraz,4654000.0,buy,USD
bahamrocom,سامانه سفر باهمرو,"🔵 آفر های ویژه باهمرو . 🛑 🛑 🛫 پایین ترین نرخ بلیت هواپیما در کشور! ✈ مشهد به تهران سه شنبه 6/5 قیمت 3,958,000 ریال 🔗 خرید آنلاین ✈ تهران به مشهد سه شنبه 6/5 قیمت 3,776,800 ریال 🔗 خرید آنلاین ✈ بوشهر به تهران سه شنبه 6/5 قیمت 3,240,900 ریال ...",Mashhad|Shiraz|Tehran,4752000.00,,,,,,,,,,,,,,,,,rial,"{""Mashhad"": 3776800.0, ""Shiraz"": 4490000.0, ""Tehran"": 4752000.0}",4490000,2172148,1565074.00,old,63,100,regional_fx_board,2019-08-26T15:32:14+00:00,Shiraz,4490000.0,buy,USD
bahamrocom,سامانه سفر باهمرو,"🔵 آفر های ویژه باهمرو برای چهارشنبه 1398/5/9 . 🛑 🛑 🛫 پایین ترین نرخ بلیت هواپیما در کشور! ✈ مشهد به تهران سه شنبه5/22 قیمت 3,684,000 ریال 🔗 خرید آنلاین ✈ تهران به مشهد سه شنبه5/22 قیمت 3,490,700 ریال 🔗 خرید آنلاین ✈ بوشهر به تهران سه شنبه5/...",Mashhad|Shiraz|Tabriz|Tehran,3067000.00,,,,,,,,,,,,,,,,,rial,"{""Mashhad"": 3490700.0, ""Shiraz"": 4654000.0, ""Tabriz"": 3067000.0, ""Tehran"": 3067000.0}",3067000,2172148,1428074.00,old,63,100,regional_fx_board,2019-08-11T16:45:35+00:00,Tabriz,3067000.0,buy,USD
bahamrocom,سامانه سفر باهمرو,"🔵 آفر های ویژه باهمرو برای چهارشنبه 1398/5/9 . 🛑 🛑 🛫 پایین ترین نرخ بلیت هواپیما در کشور! ✈ مشهد به تهران سه شنبه5/22 قیمت 3,684,000 ریال 🔗 خرید آنلاین ✈ تهران به مشهد سه شنبه5/22 قیمت 3,490,700 ریال 🔗 خرید آنلاین ✈ بوشهر به تهران سه شنبه5/...",Mashhad|Shiraz|Tabriz|Tehran,3067000.00,,,,,,,,,,,,,,,,,rial,"{""Tehran"": 3067000.0}",3067000,2172148,1428074.00,old,63,100,regional_fx_board,2019-08-11T16:45:35+00:00,Tehran,3067000.0,buy,USD
bahamrocom,سامانه سفر باهمرو,"🔵 آفر های ویژه باهمرو . 🛑 🛑 🛫 پایین ترین نرخ بلیت هواپیما در کشور! ✈ مشهد به تهران سه شنبه 6/5 قیمت 3,958,000 ریال 🔗 خرید آنلاین ✈ تهران به مشهد سه شنبه 6/5 قیمت 3,776,800 ریال 🔗 خرید آنلاین ✈ بوشهر به تهران سه شنبه 6/5 قیمت 3,240,900 ریال ...",Mashhad|Shiraz|Tehran,4752000.00,,,,,,,,,,,,,,,,,rial,"{""Tehran"": 4752000.0}",4752000,2172148,1565074.00,old,63,100,regional_fx_board,2019-08-26T15:32:14+00:00,Tehran,4752000.0,buy,USD
dirhamdubai,نرخ انلاین درهم دبی,"🔴 فروش درهم ( Dirham ) دبي 🇦🇪 72,400 🇦🇪 ری‌اکشن شما به ما انرژی میده ❤️ @DirhamDubai",Iran,,,,,,,,,,,,,,,,,,toman,"{""Iran"": 2658890.0}",,72400,,recent,63,100,unknown,2026-10-03T08:21:33+00:00,Iran,2658890.0,sell,AED
dirhamdubai,نرخ انلاین درهم دبی,"🔴 فروش درهم ( Dirham ) دبي 🇦🇪 72,600 🇦🇪 ری‌اکشن شما به ما انرژی میده ❤️ @DirhamDubai",Iran,,,,,,,,,,,,,,,,,,toman,"{""Iran"": 2666235.0}",,72600,,recent,63,100,unknown,2026-10-03T09:07:17+00:00,Iran,2666235.0,sell,AED
dirhamdubai,نرخ انلاین درهم دبی,"🔴 فروش درهم ( Dirham ) دبي 🇦🇪 72,800 🇦🇪 ری‌اکشن شما به ما انرژی میده ❤️ @DirhamDubai",Iran,,,,,,,,,,,,,,,,,,toman,"{""Iran"": 2673580.0}",,72800,,recent,63,100,unknown,2026-10-03T09:07:33+00:00,Iran,2673580.0,sell,AED
dirhamdubai,نرخ انلاین درهم دبی,"🔴 فروش درهم ( Dirham ) دبي 🇦🇪 73,000 🇦🇪 ری‌اکشن شما به ما انرژی میده ❤️ @DirhamDubai",Iran,,,,,,,,,,,,,,,,,,toman,"{""Iran"": 2680925.0}",,73000,,recent,63,100,unknown,2026-10-03T09:07:42+00:00,Iran,2680925.0,sell,AED
herat_tomen,هرات تومن دالر,"هرات فردایی ⏳ 265,600 فروش 🔴",Herat,,2656000.00,,,,,,,,,,,,,,,,toman,"{""Herat"": 2656000.0}",,265600,,fresh,63,15,regional_market_channel,2026-10-04T18:15:56+00:00,Herat,2656000.0,sell,USD
herat_tomen,هرات تومن دالر,"هرات فردایی ⏳ 265,500 فروش 🔴",Herat,,2655000.00,,,,,,,,,,,,,,,,toman,"{""Herat"": 2655000.0}",,265500,,fresh,63,15,regional_market_channel,2026-10-04T18:16:01+00:00,Herat,2655000.0,sell,USD
herat_tomen,هرات تومن دالر,"هرات فردایی ⏳ 265,800 فروش 🔴",Herat,,2658000.00,,,,,,,,,,,,,,,,toman,"{""Herat"": 2658000.0}",,265800,,fresh,63,15,regional_market_channel,2026-10-04T18:23:42+00:00,Herat,2658000.0,sell,USD
aghadolar,اخبار آقای دلار,"‏ 💵 دلار آمریکا فروش 🔴 244,400 ‏ 💵 دلار آمریکا خرید 🔵 244,200 ‏یورو 🇪🇺 277,850 ‏دلار کانادا 🇨🇦 172,500 ‏درهم امارات 🇦🇪 66,577 ‏یوان چین 🇨🇳 36,420 ‏طلای 18 عیار 24,493,500 مثقال آب‌شده 🟧 105,572,000 ‏سکه امامی 246,985,000 ‏بهار آزادی 241,230...",Dubai,,,,,,,2445040.32,,,,,,,,,,,toman,"{""Dubai"": 2445040.32}",244400,244400,244400.00,stale,62,100,regional_fx_board,2026-09-28T15:31:09+00:00,Dubai,2445040.3249999997,single_value,AED
ahanborhanii,🟨⬜ آهن برهانی ⬜🟨,"📍 دلار تهران = 263,200 📍 تتر (تومان) = 263,376",Tehran,2632000.00,,,,,,,,,,,,,,,,,toman,"{""Tehran"": 2632000.0}",,,,recent,62,100,regional_fx_board,2026-10-03T06:34:10+00:00,Tehran,2632000.0,single_value,USD
ahanborhanii,🟨⬜ آهن برهانی ⬜🟨,"📍 دلار تهران = 266,000 📍 تتر (تومان) = 266,350",Tehran,2660000.00,,,,,,,,,,,,,,,,,toman,"{""Tehran"": 2660000.0}",,,,recent,62,100,regional_fx_board,2026-10-03T07:15:57+00:00,Tehran,2660000.0,single_value,USD
arz_tala_online,قیمت ارز، طلا و سکه,"🇺🇸 دلار آمریکا : 267,800 🇺🇸 دلار آمریکا : 267.400 🇨🇦 دلار کانادا : 188,000 🇪🇺 یورو : 301,600 🇬🇧 پوند انگلیس : 354,000 🇦🇪 درهم امارات : 73,000 🇨🇳 یوآن چین : 40,090 🇹🇷 لیر ترکیه : 5,420 سکه امامی : 271,000,000 سکه قدیمی: 260.000.000 نیم سکه :...",Dubai|UK,,,,,,,2680925.00,,,,,,,,,,,toman,"{""Dubai"": 2680925.0}",,,,fresh,62,100,regional_fx_board,2026-10-04T15:10:22+00:00,Dubai,2680925.0,single_value,AED
arz_tala_online,قیمت ارز، طلا و سکه,"🇺🇸 دلار آمریکا : 267,800 🇺🇸 دلار آمریکا : 267.400 🇨🇦 دلار کانادا : 188,000 🇪🇺 یورو : 301,600 🇬🇧 پوند انگلیس : 354,000 🇦🇪 درهم امارات : 73,000 🇨🇳 یوآن چین : 40,090 🇹🇷 لیر ترکیه : 5,420 سکه امامی : 271,000,000 سکه قدیمی: 260.000.000 نیم سکه :...",Dubai|UK,,,,,,,2680925.00,,,,,,,,,,,toman,"{""Dubai"": 2680925.0, ""UK"": 2723076.92}",,,,fresh,62,100,regional_fx_board,2026-10-04T15:10:22+00:00,UK,2723076.923076923,single_value,GBP
exchangeratescountries,نرخ ارز ساعتی £ $ €,". ⭕️ قیمت ارزهای آزاد | جمعه 10 مهر 1405 - 12:06 🇺🇸 دلار : 2,585,200 ریال 🇪🇺 یورو : 2,923,500 ریال 🇬🇧 پوند انگلیس : 3,424,200 ریال 🇦🇪 درهم امارات : 708,000 ریال 🇹🇷 لیر ترکیه : 53,300 ریال 🇨🇭 فرانک سوئیس : 3,100,200 ریال 🇩🇰 کرون دانمارک : 38...",Armenia|Dubai|Iraq|Qatar|Turkey|UK,,,,,,2224380.00,2600130.00,,,,,,,,2493400.00,,2850900.00,rial,"{""Armenia"": 2850900.0, ""Dubai"": 2600130.0, ""Iraq"": 2224380.0, ""Qatar"": 2493400.0, ""Turkey"": 2408094.0, ""UK"": 2634000.0}",,,,recent,62,100,regional_fx_board,2026-10-02T08:54:13+00:00,Armenia,2850900.0,single_value,AMD
exchangeratescountries,نرخ ارز ساعتی £ $ €,". ⭕️ قیمت ارزهای آزاد | جمعه 10 مهر 1405 - 12:06 🇺🇸 دلار : 2,585,200 ریال 🇪🇺 یورو : 2,923,500 ریال 🇬🇧 پوند انگلیس : 3,424,200 ریال 🇦🇪 درهم امارات : 708,000 ریال 🇹🇷 لیر ترکیه : 53,300 ریال 🇨🇭 فرانک سوئیس : 3,100,200 ریال 🇩🇰 کرون دانمارک : 38...",Armenia|Dubai|Iraq|Qatar|Turkey|UK,,,,,,2224380.00,2600130.00,,,,,,,,,,,rial,"{""Dubai"": 2600130.0, ""Iraq"": 2224380.0}",,,,recent,62,100,regional_fx_board,2026-10-02T08:54:13+00:00,Dubai,2600130.0,single_value,AED
exchangeratescountries,نرخ ارز ساعتی £ $ €,". ⭕️ قیمت ارزهای آزاد | جمعه 10 مهر 1405 - 12:06 🇺🇸 دلار : 2,585,200 ریال 🇪🇺 یورو : 2,923,500 ریال 🇬🇧 پوند انگلیس : 3,424,200 ریال 🇦🇪 درهم امارات : 708,000 ریال 🇹🇷 لیر ترکیه : 53,300 ریال 🇨🇭 فرانک سوئیس : 3,100,200 ریال 🇩🇰 کرون دانمارک : 38...",Armenia|Dubai|Iraq|Qatar|Turkey|UK,,,,,,2224380.00,,,,,,,,,,,,rial,"{""Iraq"": 2224380.0}",,,,recent,62,100,regional_fx_board,2026-10-02T08:54:13+00:00,Iraq,2224380.0,single_value,IQD
exchangeratescountries,نرخ ارز ساعتی £ $ €,". ⭕️ قیمت ارزهای آزاد | جمعه 10 مهر 1405 - 12:06 🇺🇸 دلار : 2,585,200 ریال 🇪🇺 یورو : 2,923,500 ریال 🇬🇧 پوند انگلیس : 3,424,200 ریال 🇦🇪 درهم امارات : 708,000 ریال 🇹🇷 لیر ترکیه : 53,300 ریال 🇨🇭 فرانک سوئیس : 3,100,200 ریال 🇩🇰 کرون دانمارک : 38...",Armenia|Dubai|Iraq|Qatar|Turkey|UK,,,,,,2224380.00,2600130.00,,,,,,,,2493400.00,,,rial,"{""Dubai"": 2600130.0, ""Iraq"": 2224380.0, ""Qatar"": 2493400.0, ""Turkey"": 2408094.0, ""UK"": 2634000.0}",,,,recent,62,100,regional_fx_board,2026-10-02T08:54:13+00:00,Qatar,2493400.0,single_value,QAR
exchangeratescountries,نرخ ارز ساعتی £ $ €,". ⭕️ قیمت ارزهای آزاد | جمعه 10 مهر 1405 - 12:06 🇺🇸 دلار : 2,585,200 ریال 🇪🇺 یورو : 2,923,500 ریال 🇬🇧 پوند انگلیس : 3,424,200 ریال 🇦🇪 درهم امارات : 708,000 ریال 🇹🇷 لیر ترکیه : 53,300 ریال 🇨🇭 فرانک سوئیس : 3,100,200 ریال 🇩🇰 کرون دانمارک : 38...",Armenia|Dubai|Iraq|Qatar|Turkey|UK,,,,,,2224380.00,2600130.00,,,,,,,,,,,rial,"{""Dubai"": 2600130.0, ""Iraq"": 2224380.0, ""Turkey"": 2408094.0}",,,,recent,62,100,regional_fx_board,2026-10-02T08:54:13+00:00,Turkey,2408094.0,single_value,TRY
exchangeratescountries,نرخ ارز ساعتی £ $ €,". ⭕️ قیمت ارزهای آزاد | جمعه 10 مهر 1405 - 12:06 🇺🇸 دلار : 2,585,200 ریال 🇪🇺 یورو : 2,923,500 ریال 🇬🇧 پوند انگلیس : 3,424,200 ریال 🇦🇪 درهم امارات : 708,000 ریال 🇹🇷 لیر ترکیه : 53,300 ریال 🇨🇭 فرانک سوئیس : 3,100,200 ریال 🇩🇰 کرون دانمارک : 38...",Armenia|Dubai|Iraq|Qatar|Turkey|UK,,,,,,2224380.00,2600130.00,,,,,,,,,,,rial,"{""Dubai"": 2600130.0, ""Iraq"": 2224380.0, ""Turkey"": 2408094.0, ""UK"": 2634000.0}",,,,recent,62,100,regional_fx_board,2026-10-02T08:54:13+00:00,UK,2634000.0,single_value,GBP
moneytransfersarafi,Money Transfer Sarafi مانی حواله صرافي,". ⭕️ قیمت ارزهای آزاد | جمعه 10 مهر 1405 - 12:06 🇺🇸 دلار : 2,585,200 ریال 🇪🇺 یورو : 2,923,500 ریال 🇬🇧 پوند انگلیس : 3,424,200 ریال 🇦🇪 درهم امارات : 708,000 ریال 🇹🇷 لیر ترکیه : 53,300 ریال 🇨🇭 فرانک سوئیس : 3,100,200 ریال 🇩🇰 کرون دانمارک : 38...",Armenia|Dubai|Iraq|Qatar|Turkey|UK,,,,,,2224380.00,2600130.00,,,,,,,,2493400.00,,2850900.00,rial,"{""Armenia"": 2850900.0, ""Dubai"": 2600130.0, ""Iraq"": 2224380.0, ""Qatar"": 2493400.0, ""Turkey"": 2408094.0, ""UK"": 2634000.0}",,,,recent,62,100,regional_fx_board,2026-10-02T08:54:14+00:00,Armenia,2850900.0,single_value,AMD
moneytransfersarafi,Money Transfer Sarafi مانی حواله صرافي,". ⭕️ قیمت ارزهای آزاد | جمعه 10 مهر 1405 - 12:06 🇺🇸 دلار : 2,585,200 ریال 🇪🇺 یورو : 2,923,500 ریال 🇬🇧 پوند انگلیس : 3,424,200 ریال 🇦🇪 درهم امارات : 708,000 ریال 🇹🇷 لیر ترکیه : 53,300 ریال 🇨🇭 فرانک سوئیس : 3,100,200 ریال 🇩🇰 کرون دانمارک : 38...",Armenia|Dubai|Iraq|Qatar|Turkey|UK,,,,,,2224380.00,2600130.00,,,,,,,,,,,rial,"{""Dubai"": 2600130.0, ""Iraq"": 2224380.0}",,,,recent,62,100,regional_fx_board,2026-10-02T08:54:14+00:00,Dubai,2600130.0,single_value,AED
moneytransfersarafi,Money Transfer Sarafi مانی حواله صرافي,". ⭕️ قیمت ارزهای آزاد | جمعه 10 مهر 1405 - 12:06 🇺🇸 دلار : 2,585,200 ریال 🇪🇺 یورو : 2,923,500 ریال 🇬🇧 پوند انگلیس : 3,424,200 ریال 🇦🇪 درهم امارات : 708,000 ریال 🇹🇷 لیر ترکیه : 53,300 ریال 🇨🇭 فرانک سوئیس : 3,100,200 ریال 🇩🇰 کرون دانمارک : 38...",Armenia|Dubai|Iraq|Qatar|Turkey|UK,,,,,,2224380.00,,,,,,,,,,,,rial,"{""Iraq"": 2224380.0}",,,,recent,62,100,regional_fx_board,2026-10-02T08:54:14+00:00,Iraq,2224380.0,single_value,IQD
moneytransfersarafi,Money Transfer Sarafi مانی حواله صرافي,". ⭕️ قیمت ارزهای آزاد | جمعه 10 مهر 1405 - 12:06 🇺🇸 دلار : 2,585,200 ریال 🇪🇺 یورو : 2,923,500 ریال 🇬🇧 پوند انگلیس : 3,424,200 ریال 🇦🇪 درهم امارات : 708,000 ریال 🇹🇷 لیر ترکیه : 53,300 ریال 🇨🇭 فرانک سوئیس : 3,100,200 ریال 🇩🇰 کرون دانمارک : 38...",Armenia|Dubai|Iraq|Qatar|Turkey|UK,,,,,,2224380.00,2600130.00,,,,,,,,2493400.00,,,rial,"{""Dubai"": 2600130.0, ""Iraq"": 2224380.0, ""Qatar"": 2493400.0, ""Turkey"": 2408094.0, ""UK"": 2634000.0}",,,,recent,62,100,regional_fx_board,2026-10-02T08:54:14+00:00,Qatar,2493400.0,single_value,QAR
moneytransfersarafi,Money Transfer Sarafi مانی حواله صرافي,". ⭕️ قیمت ارزهای آزاد | جمعه 10 مهر 1405 - 12:06 🇺🇸 دلار : 2,585,200 ریال 🇪🇺 یورو : 2,923,500 ریال 🇬🇧 پوند انگلیس : 3,424,200 ریال 🇦🇪 درهم امارات : 708,000 ریال 🇹🇷 لیر ترکیه : 53,300 ریال 🇨🇭 فرانک سوئیس : 3,100,200 ریال 🇩🇰 کرون دانمارک : 38...",Armenia|Dubai|Iraq|Qatar|Turkey|UK,,,,,,2224380.00,2600130.00,,,,,,,,,,,rial,"{""Dubai"": 2600130.0, ""Iraq"": 2224380.0, ""Turkey"": 2408094.0}",,,,recent,62,100,regional_fx_board,2026-10-02T08:54:14+00:00,Turkey,2408094.0,single_value,TRY
moneytransfersarafi,Money Transfer Sarafi مانی حواله صرافي,". ⭕️ قیمت ارزهای آزاد | جمعه 10 مهر 1405 - 12:06 🇺🇸 دلار : 2,585,200 ریال 🇪🇺 یورو : 2,923,500 ریال 🇬🇧 پوند انگلیس : 3,424,200 ریال 🇦🇪 درهم امارات : 708,000 ریال 🇹🇷 لیر ترکیه : 53,300 ریال 🇨🇭 فرانک سوئیس : 3,100,200 ریال 🇩🇰 کرون دانمارک : 38...",Armenia|Dubai|Iraq|Qatar|Turkey|UK,,,,,,2224380.00,2600130.00,,,,,,,,,,,rial,"{""Dubai"": 2600130.0, ""Iraq"": 2224380.0, ""Turkey"": 2408094.0, ""UK"": 2634000.0}",,,,recent,62,100,regional_fx_board,2026-10-02T08:54:14+00:00,UK,2634000.0,single_value,GBP
nerkh_uk,نرخ ارز Nerkh_Uk,". ⭕️ قیمت ارزهای آزاد | جمعه 10 مهر 1405 - 12:06 🇺🇸 دلار : 2,585,200 ریال 🇪🇺 یورو : 2,923,500 ریال 🇬🇧 پوند انگلیس : 3,424,200 ریال 🇦🇪 درهم امارات : 708,000 ریال 🇹🇷 لیر ترکیه : 53,300 ریال 🇨🇭 فرانک سوئیس : 3,100,200 ریال 🇩🇰 کرون دانمارک : 38...",Armenia|Dubai|Iraq|Qatar|Turkey|UK,,,,,,2224380.00,2600130.00,,,,,,,,2493400.00,,2850900.00,rial,"{""Armenia"": 2850900.0, ""Dubai"": 2600130.0, ""Iraq"": 2224380.0, ""Qatar"": 2493400.0, ""Turkey"": 2408094.0, ""UK"": 2634000.0}",,,,recent,62,100,regional_fx_board,2026-10-02T08:54:13+00:00,Armenia,2850900.0,single_value,AMD
nerkh_uk,نرخ ارز Nerkh_Uk,". ⭕️ قیمت ارزهای آزاد | جمعه 10 مهر 1405 - 12:06 🇺🇸 دلار : 2,585,200 ریال 🇪🇺 یورو : 2,923,500 ریال 🇬🇧 پوند انگلیس : 3,424,200 ریال 🇦🇪 درهم امارات : 708,000 ریال 🇹🇷 لیر ترکیه : 53,300 ریال 🇨🇭 فرانک سوئیس : 3,100,200 ریال 🇩🇰 کرون دانمارک : 38...",Armenia|Dubai|Iraq|Qatar|Turkey|UK,,,,,,2224380.00,2600130.00,,,,,,,,,,,rial,"{""Dubai"": 2600130.0, ""Iraq"": 2224380.0}",,,,recent,62,100,regional_fx_board,2026-10-02T08:54:13+00:00,Dubai,2600130.0,single_value,AED
nerkh_uk,نرخ ارز Nerkh_Uk,". ⭕️ قیمت ارزهای آزاد | جمعه 10 مهر 1405 - 12:06 🇺🇸 دلار : 2,585,200 ریال 🇪🇺 یورو : 2,923,500 ریال 🇬🇧 پوند انگلیس : 3,424,200 ریال 🇦🇪 درهم امارات : 708,000 ریال 🇹🇷 لیر ترکیه : 53,300 ریال 🇨🇭 فرانک سوئیس : 3,100,200 ریال 🇩🇰 کرون دانمارک : 38...",Armenia|Dubai|Iraq|Qatar|Turkey|UK,,,,,,2224380.00,,,,,,,,,,,,rial,"{""Iraq"": 2224380.0}",,,,recent,62,100,regional_fx_board,2026-10-02T08:54:13+00:00,Iraq,2224380.0,single_value,IQD
nerkh_uk,نرخ ارز Nerkh_Uk,". ⭕️ قیمت ارزهای آزاد | جمعه 10 مهر 1405 - 12:06 🇺🇸 دلار : 2,585,200 ریال 🇪🇺 یورو : 2,923,500 ریال 🇬🇧 پوند انگلیس : 3,424,200 ریال 🇦🇪 درهم امارات : 708,000 ریال 🇹🇷 لیر ترکیه : 53,300 ریال 🇨🇭 فرانک سوئیس : 3,100,200 ریال 🇩🇰 کرون دانمارک : 38...",Armenia|Dubai|Iraq|Qatar|Turkey|UK,,,,,,2224380.00,2600130.00,,,,,,,,2493400.00,,,rial,"{""Dubai"": 2600130.0, ""Iraq"": 2224380.0, ""Qatar"": 2493400.0, ""Turkey"": 2408094.0, ""UK"": 2634000.0}",,,,recent,62,100,regional_fx_board,2026-10-02T08:54:13+00:00,Qatar,2493400.0,single_value,QAR
nerkh_uk,نرخ ارز Nerkh_Uk,". ⭕️ قیمت ارزهای آزاد | جمعه 10 مهر 1405 - 12:06 🇺🇸 دلار : 2,585,200 ریال 🇪🇺 یورو : 2,923,500 ریال 🇬🇧 پوند انگلیس : 3,424,200 ریال 🇦🇪 درهم امارات : 708,000 ریال 🇹🇷 لیر ترکیه : 53,300 ریال 🇨🇭 فرانک سوئیس : 3,100,200 ریال 🇩🇰 کرون دانمارک : 38...",Armenia|Dubai|Iraq|Qatar|Turkey|UK,,,,,,2224380.00,2600130.00,,,,,,,,,,,rial,"{""Dubai"": 2600130.0, ""Iraq"": 2224380.0, ""Turkey"": 2408094.0}",,,,recent,62,100,regional_fx_board,2026-10-02T08:54:13+00:00,Turkey,2408094.0,single_value,TRY
nerkh_uk,نرخ ارز Nerkh_Uk,". ⭕️ قیمت ارزهای آزاد | جمعه 10 مهر 1405 - 12:06 🇺🇸 دلار : 2,585,200 ریال 🇪🇺 یورو : 2,923,500 ریال 🇬🇧 پوند انگلیس : 3,424,200 ریال 🇦🇪 درهم امارات : 708,000 ریال 🇹🇷 لیر ترکیه : 53,300 ریال 🇨🇭 فرانک سوئیس : 3,100,200 ریال 🇩🇰 کرون دانمارک : 38...",Armenia|Dubai|Iraq|Qatar|Turkey|UK,,,,,,2224380.00,2600130.00,,,,,,,,,,,rial,"{""Dubai"": 2600130.0, ""Iraq"": 2224380.0, ""Turkey"": 2408094.0, ""UK"": 2634000.0}",,,,recent,62,100,regional_fx_board,2026-10-02T08:54:13+00:00,UK,2634000.0,single_value,GBP
nerkhsarafionline,Nerkh Sarafi Online نرخ صرافي,". ⭕️ قیمت ارزهای آزاد | جمعه 10 مهر 1405 - 12:06 🇺🇸 دلار : 2,585,200 ریال 🇪🇺 یورو : 2,923,500 ریال 🇬🇧 پوند انگلیس : 3,424,200 ریال 🇦🇪 درهم امارات : 708,000 ریال 🇹🇷 لیر ترکیه : 53,300 ریال 🇨🇭 فرانک سوئیس : 3,100,200 ریال 🇩🇰 کرون دانمارک : 38...",Armenia|Dubai|Iraq|Qatar|Turkey|UK,,,,,,2224380.00,2600130.00,,,,,,,,2493400.00,,2850900.00,rial,"{""Armenia"": 2850900.0, ""Dubai"": 2600130.0, ""Iraq"": 2224380.0, ""Qatar"": 2493400.0, ""Turkey"": 2408094.0, ""UK"": 2634000.0}",,,,recent,62,100,regional_fx_board,2026-10-02T08:54:13+00:00,Armenia,2850900.0,single_value,AMD
nerkhsarafionline,Nerkh Sarafi Online نرخ صرافي,". ⭕️ قیمت ارزهای آزاد | جمعه 10 مهر 1405 - 12:06 🇺🇸 دلار : 2,585,200 ریال 🇪🇺 یورو : 2,923,500 ریال 🇬🇧 پوند انگلیس : 3,424,200 ریال 🇦🇪 درهم امارات : 708,000 ریال 🇹🇷 لیر ترکیه : 53,300 ریال 🇨🇭 فرانک سوئیس : 3,100,200 ریال 🇩🇰 کرون دانمارک : 38...",Armenia|Dubai|Iraq|Qatar|Turkey|UK,,,,,,2224380.00,2600130.00,,,,,,,,,,,rial,"{""Dubai"": 2600130.0, ""Iraq"": 2224380.0}",,,,recent,62,100,regional_fx_board,2026-10-02T08:54:13+00:00,Dubai,2600130.0,single_value,AED
nerkhsarafionline,Nerkh Sarafi Online نرخ صرافي,". ⭕️ قیمت ارزهای آزاد | جمعه 10 مهر 1405 - 12:06 🇺🇸 دلار : 2,585,200 ریال 🇪🇺 یورو : 2,923,500 ریال 🇬🇧 پوند انگلیس : 3,424,200 ریال 🇦🇪 درهم امارات : 708,000 ریال 🇹🇷 لیر ترکیه : 53,300 ریال 🇨🇭 فرانک سوئیس : 3,100,200 ریال 🇩🇰 کرون دانمارک : 38...",Armenia|Dubai|Iraq|Qatar|Turkey|UK,,,,,,2224380.00,,,,,,,,,,,,rial,"{""Iraq"": 2224380.0}",,,,recent,62,100,regional_fx_board,2026-10-02T08:54:13+00:00,Iraq,2224380.0,single_value,IQD
nerkhsarafionline,Nerkh Sarafi Online نرخ صرافي,". ⭕️ قیمت ارزهای آزاد | جمعه 10 مهر 1405 - 12:06 🇺🇸 دلار : 2,585,200 ریال 🇪🇺 یورو : 2,923,500 ریال 🇬🇧 پوند انگلیس : 3,424,200 ریال 🇦🇪 درهم امارات : 708,000 ریال 🇹🇷 لیر ترکیه : 53,300 ریال 🇨🇭 فرانک سوئیس : 3,100,200 ریال 🇩🇰 کرون دانمارک : 38...",Armenia|Dubai|Iraq|Qatar|Turkey|UK,,,,,,2224380.00,2600130.00,,,,,,,,2493400.00,,,rial,"{""Dubai"": 2600130.0, ""Iraq"": 2224380.0, ""Qatar"": 2493400.0, ""Turkey"": 2408094.0, ""UK"": 2634000.0}",,,,recent,62,100,regional_fx_board,2026-10-02T08:54:13+00:00,Qatar,2493400.0,single_value,QAR
nerkhsarafionline,Nerkh Sarafi Online نرخ صرافي,". ⭕️ قیمت ارزهای آزاد | جمعه 10 مهر 1405 - 12:06 🇺🇸 دلار : 2,585,200 ریال 🇪🇺 یورو : 2,923,500 ریال 🇬🇧 پوند انگلیس : 3,424,200 ریال 🇦🇪 درهم امارات : 708,000 ریال 🇹🇷 لیر ترکیه : 53,300 ریال 🇨🇭 فرانک سوئیس : 3,100,200 ریال 🇩🇰 کرون دانمارک : 38...",Armenia|Dubai|Iraq|Qatar|Turkey|UK,,,,,,2224380.00,2600130.00,,,,,,,,,,,rial,"{""Dubai"": 2600130.0, ""Iraq"": 2224380.0, ""Turkey"": 2408094.0}",,,,recent,62,100,regional_fx_board,2026-10-02T08:54:13+00:00,Turkey,2408094.0,single_value,TRY
nerkhsarafionline,Nerkh Sarafi Online نرخ صرافي,". ⭕️ قیمت ارزهای آزاد | جمعه 10 مهر 1405 - 12:06 🇺🇸 دلار : 2,585,200 ریال 🇪🇺 یورو : 2,923,500 ریال 🇬🇧 پوند انگلیس : 3,424,200 ریال 🇦🇪 درهم امارات : 708,000 ریال 🇹🇷 لیر ترکیه : 53,300 ریال 🇨🇭 فرانک سوئیس : 3,100,200 ریال 🇩🇰 کرون دانمارک : 38...",Armenia|Dubai|Iraq|Qatar|Turkey|UK,,,,,,2224380.00,2600130.00,,,,,,,,,,,rial,"{""Dubai"": 2600130.0, ""Iraq"": 2224380.0, ""Turkey"": 2408094.0, ""UK"": 2634000.0}",,,,recent,62,100,regional_fx_board,2026-10-02T08:54:13+00:00,UK,2634000.0,single_value,GBP
sarafionline7groupuk,Nerkh Sarafi Online 7 Group Uk,". ⭕️ قیمت ارزهای آزاد | جمعه 10 مهر 1405 - 12:06 🇺🇸 دلار : 2,585,200 ریال 🇪🇺 یورو : 2,923,500 ریال 🇬🇧 پوند انگلیس : 3,424,200 ریال 🇦🇪 درهم امارات : 708,000 ریال 🇹🇷 لیر ترکیه : 53,300 ریال 🇨🇭 فرانک سوئیس : 3,100,200 ریال 🇩🇰 کرون دانمارک : 38...",Armenia|Dubai|Iraq|Qatar|Turkey|UK,,,,,,2224380.00,2600130.00,,,,,,,,2493400.00,,2850900.00,rial,"{""Armenia"": 2850900.0, ""Dubai"": 2600130.0, ""Iraq"": 2224380.0, ""Qatar"": 2493400.0, ""Turkey"": 2408094.0, ""UK"": 2634000.0}",,,,recent,62,100,regional_fx_board,2026-10-02T08:41:05+00:00,Armenia,2850900.0,single_value,AMD
sarafionline7groupuk,Nerkh Sarafi Online 7 Group Uk,". ⭕️ قیمت ارزهای آزاد | جمعه 10 مهر 1405 - 12:06 🇺🇸 دلار : 2,585,200 ریال 🇪🇺 یورو : 2,923,500 ریال 🇬🇧 پوند انگلیس : 3,424,200 ریال 🇦🇪 درهم امارات : 708,000 ریال 🇹🇷 لیر ترکیه : 53,300 ریال 🇨🇭 فرانک سوئیس : 3,100,200 ریال 🇩🇰 کرون دانمارک : 38...",Armenia|Dubai|Iraq|Qatar|Turkey|UK,,,,,,2224380.00,2600130.00,,,,,,,,,,,rial,"{""Dubai"": 2600130.0, ""Iraq"": 2224380.0}",,,,recent,62,100,regional_fx_board,2026-10-02T08:41:05+00:00,Dubai,2600130.0,single_value,AED
sarafionline7groupuk,Nerkh Sarafi Online 7 Group Uk,". ⭕️ قیمت ارزهای آزاد | جمعه 10 مهر 1405 - 12:06 🇺🇸 دلار : 2,585,200 ریال 🇪🇺 یورو : 2,923,500 ریال 🇬🇧 پوند انگلیس : 3,424,200 ریال 🇦🇪 درهم امارات : 708,000 ریال 🇹🇷 لیر ترکیه : 53,300 ریال 🇨🇭 فرانک سوئیس : 3,100,200 ریال 🇩🇰 کرون دانمارک : 38...",Armenia|Dubai|Iraq|Qatar|Turkey|UK,,,,,,2224380.00,,,,,,,,,,,,rial,"{""Iraq"": 2224380.0}",,,,recent,62,100,regional_fx_board,2026-10-02T08:41:05+00:00,Iraq,2224380.0,single_value,IQD
sarafionline7groupuk,Nerkh Sarafi Online 7 Group Uk,". ⭕️ قیمت ارزهای آزاد | جمعه 10 مهر 1405 - 12:06 🇺🇸 دلار : 2,585,200 ریال 🇪🇺 یورو : 2,923,500 ریال 🇬🇧 پوند انگلیس : 3,424,200 ریال 🇦🇪 درهم امارات : 708,000 ریال 🇹🇷 لیر ترکیه : 53,300 ریال 🇨🇭 فرانک سوئیس : 3,100,200 ریال 🇩🇰 کرون دانمارک : 38...",Armenia|Dubai|Iraq|Qatar|Turkey|UK,,,,,,2224380.00,2600130.00,,,,,,,,2493400.00,,,rial,"{""Dubai"": 2600130.0, ""Iraq"": 2224380.0, ""Qatar"": 2493400.0, ""Turkey"": 2408094.0, ""UK"": 2634000.0}",,,,recent,62,100,regional_fx_board,2026-10-02T08:41:05+00:00,Qatar,2493400.0,single_value,QAR
sarafionline7groupuk,Nerkh Sarafi Online 7 Group Uk,". ⭕️ قیمت ارزهای آزاد | جمعه 10 مهر 1405 - 12:06 🇺🇸 دلار : 2,585,200 ریال 🇪🇺 یورو : 2,923,500 ریال 🇬🇧 پوند انگلیس : 3,424,200 ریال 🇦🇪 درهم امارات : 708,000 ریال 🇹🇷 لیر ترکیه : 53,300 ریال 🇨🇭 فرانک سوئیس : 3,100,200 ریال 🇩🇰 کرون دانمارک : 38...",Armenia|Dubai|Iraq|Qatar|Turkey|UK,,,,,,2224380.00,2600130.00,,,,,,,,,,,rial,"{""Dubai"": 2600130.0, ""Iraq"": 2224380.0, ""Turkey"": 2408094.0}",,,,recent,62,100,regional_fx_board,2026-10-02T08:41:05+00:00,Turkey,2408094.0,single_value,TRY
sarafionline7groupuk,Nerkh Sarafi Online 7 Group Uk,". ⭕️ قیمت ارزهای آزاد | جمعه 10 مهر 1405 - 12:06 🇺🇸 دلار : 2,585,200 ریال 🇪🇺 یورو : 2,923,500 ریال 🇬🇧 پوند انگلیس : 3,424,200 ریال 🇦🇪 درهم امارات : 708,000 ریال 🇹🇷 لیر ترکیه : 53,300 ریال 🇨🇭 فرانک سوئیس : 3,100,200 ریال 🇩🇰 کرون دانمارک : 38...",Armenia|Dubai|Iraq|Qatar|Turkey|UK,,,,,,2224380.00,2600130.00,,,,,,,,,,,rial,"{""Dubai"": 2600130.0, ""Iraq"": 2224380.0, ""Turkey"": 2408094.0, ""UK"": 2634000.0}",,,,recent,62,100,regional_fx_board,2026-10-02T08:41:05+00:00,UK,2634000.0,single_value,GBP
sarafionlineuk,Sarafi Online 7 Seven Uk,". ⭕️ قیمت ارزهای آزاد | جمعه 10 مهر 1405 - 12:06 🇺🇸 دلار : 2,585,200 ریال 🇪🇺 یورو : 2,923,500 ریال 🇬🇧 پوند انگلیس : 3,424,200 ریال 🇦🇪 درهم امارات : 708,000 ریال 🇹🇷 لیر ترکیه : 53,300 ریال 🇨🇭 فرانک سوئیس : 3,100,200 ریال 🇩🇰 کرون دانمارک : 38...",Armenia|Dubai|Iraq|Qatar|Turkey|UK,,,,,,2224380.00,2600130.00,,,,,,,,2493400.00,,2850900.00,rial,"{""Armenia"": 2850900.0, ""Dubai"": 2600130.0, ""Iraq"": 2224380.0, ""Qatar"": 2493400.0, ""Turkey"": 2408094.0, ""UK"": 2634000.0}",,,,recent,62,100,regional_fx_board,2026-10-02T08:57:31+00:00,Armenia,2850900.0,single_value,AMD
sarafionlineuk,Sarafi Online 7 Seven Uk,". ⭕️ قیمت ارزهای آزاد | جمعه 10 مهر 1405 - 12:06 🇺🇸 دلار : 2,585,200 ریال 🇪🇺 یورو : 2,923,500 ریال 🇬🇧 پوند انگلیس : 3,424,200 ریال 🇦🇪 درهم امارات : 708,000 ریال 🇹🇷 لیر ترکیه : 53,300 ریال 🇨🇭 فرانک سوئیس : 3,100,200 ریال 🇩🇰 کرون دانمارک : 38...",Armenia|Dubai|Iraq|Qatar|Turkey|UK,,,,,,2224380.00,2600130.00,,,,,,,,,,,rial,"{""Dubai"": 2600130.0, ""Iraq"": 2224380.0}",,,,recent,62,100,regional_fx_board,2026-10-02T08:57:31+00:00,Dubai,2600130.0,single_value,AED
sarafionlineuk,Sarafi Online 7 Seven Uk,". ⭕️ قیمت ارزهای آزاد | جمعه 10 مهر 1405 - 12:06 🇺🇸 دلار : 2,585,200 ریال 🇪🇺 یورو : 2,923,500 ریال 🇬🇧 پوند انگلیس : 3,424,200 ریال 🇦🇪 درهم امارات : 708,000 ریال 🇹🇷 لیر ترکیه : 53,300 ریال 🇨🇭 فرانک سوئیس : 3,100,200 ریال 🇩🇰 کرون دانمارک : 38...",Armenia|Dubai|Iraq|Qatar|Turkey|UK,,,,,,2224380.00,,,,,,,,,,,,rial,"{""Iraq"": 2224380.0}",,,,recent,62,100,regional_fx_board,2026-10-02T08:57:31+00:00,Iraq,2224380.0,single_value,IQD
sarafionlineuk,Sarafi Online 7 Seven Uk,". ⭕️ قیمت ارزهای آزاد | جمعه 10 مهر 1405 - 12:06 🇺🇸 دلار : 2,585,200 ریال 🇪🇺 یورو : 2,923,500 ریال 🇬🇧 پوند انگلیس : 3,424,200 ریال 🇦🇪 درهم امارات : 708,000 ریال 🇹🇷 لیر ترکیه : 53,300 ریال 🇨🇭 فرانک سوئیس : 3,100,200 ریال 🇩🇰 کرون دانمارک : 38...",Armenia|Dubai|Iraq|Qatar|Turkey|UK,,,,,,2224380.00,2600130.00,,,,,,,,2493400.00,,,rial,"{""Dubai"": 2600130.0, ""Iraq"": 2224380.0, ""Qatar"": 2493400.0, ""Turkey"": 2408094.0, ""UK"": 2634000.0}",,,,recent,62,100,regional_fx_board,2026-10-02T08:57:31+00:00,Qatar,2493400.0,single_value,QAR
sarafionlineuk,Sarafi Online 7 Seven Uk,". ⭕️ قیمت ارزهای آزاد | جمعه 10 مهر 1405 - 12:06 🇺🇸 دلار : 2,585,200 ریال 🇪🇺 یورو : 2,923,500 ریال 🇬🇧 پوند انگلیس : 3,424,200 ریال 🇦🇪 درهم امارات : 708,000 ریال 🇹🇷 لیر ترکیه : 53,300 ریال 🇨🇭 فرانک سوئیس : 3,100,200 ریال 🇩🇰 کرون دانمارک : 38...",Armenia|Dubai|Iraq|Qatar|Turkey|UK,,,,,,2224380.00,2600130.00,,,,,,,,,,,rial,"{""Dubai"": 2600130.0, ""Iraq"": 2224380.0, ""Turkey"": 2408094.0}",,,,recent,62,100,regional_fx_board,2026-10-02T08:57:31+00:00,Turkey,2408094.0,single_value,TRY
sarafionlineuk,Sarafi Online 7 Seven Uk,". ⭕️ قیمت ارزهای آزاد | جمعه 10 مهر 1405 - 12:06 🇺🇸 دلار : 2,585,200 ریال 🇪🇺 یورو : 2,923,500 ریال 🇬🇧 پوند انگلیس : 3,424,200 ریال 🇦🇪 درهم امارات : 708,000 ریال 🇹🇷 لیر ترکیه : 53,300 ریال 🇨🇭 فرانک سوئیس : 3,100,200 ریال 🇩🇰 کرون دانمارک : 38...",Armenia|Dubai|Iraq|Qatar|Turkey|UK,,,,,,2224380.00,2600130.00,,,,,,,,,,,rial,"{""Dubai"": 2600130.0, ""Iraq"": 2224380.0, ""Turkey"": 2408094.0, ""UK"": 2634000.0}",,,,recent,62,100,regional_fx_board,2026-10-02T08:57:31+00:00,UK,2634000.0,single_value,GBP
fardaei_tehran,قیمت لحظه ای دلار تهران,"دلار نــقدی تهران 💵 268,000 مـعامله شد ☑️",Tehran,2680000.00,,,,,,,,,,,,,,,,,toman,"{""Tehran"": 2680000.0}",,,,fresh,61,35,regional_market_channel,2026-10-04T12:13:08+00:00,Tehran,2680000.0,single_value,USD
fardaei_tehran,قیمت لحظه ای دلار تهران,"دلار فردایی تهران ⏳ 268,800 مـعامله شد ✅",Tehran,2688000.00,,,,,,,,,,,,,,,,,toman,"{""Tehran"": 2688000.0}",,,,fresh,61,35,regional_market_channel,2026-10-04T12:13:09+00:00,Tehran,2688000.0,single_value,USD
fardaei_tehran,قیمت لحظه ای دلار تهران,"دلار فردایی تهران ⏳ 268,600 مـعامله شد ✅",Tehran,2686000.00,,,,,,,,,,,,,,,,,toman,"{""Tehran"": 2686000.0}",,,,fresh,61,35,regional_market_channel,2026-10-04T13:08:07+00:00,Tehran,2686000.0,single_value,USD
fardaei_tehran,قیمت لحظه ای دلار تهران,"دلار فردایی تهران ⏳ 268,400 مـعامله شد ✅",Tehran,2684000.00,,,,,,,,,,,,,,,,,toman,"{""Tehran"": 2684000.0}",,,,fresh,61,35,regional_market_channel,2026-10-04T13:38:07+00:00,Tehran,2684000.0,single_value,USD
fardaei_tehran,قیمت لحظه ای دلار تهران,"دلار فردایی تهران ⏳ 268,200 مـعامله شد ✅",Tehran,2682000.00,,,,,,,,,,,,,,,,,toman,"{""Tehran"": 2682000.0}",,,,fresh,61,35,regional_market_channel,2026-10-04T13:38:07+00:00,Tehran,2682000.0,single_value,USD
fardaei_tehran,قیمت لحظه ای دلار تهران,"دلار فردایی تهران ⏳ 268,000 مـعامله شد ✅",Tehran,2680000.00,,,,,,,,,,,,,,,,,toman,"{""Tehran"": 2680000.0}",,,,fresh,61,35,regional_market_channel,2026-10-04T13:58:07+00:00,Tehran,2680000.0,single_value,USD
fardaei_tehran,قیمت لحظه ای دلار تهران,"دلار فردایی تهران ⏳ 267,700 مـعامله شد ✅",Tehran,2677000.00,,,,,,,,,,,,,,,,,toman,"{""Tehran"": 2677000.0}",,,,fresh,61,35,regional_market_channel,2026-10-04T14:23:08+00:00,Tehran,2677000.0,single_value,USD
fardaei_tehran,قیمت لحظه ای دلار تهران,"دلار فردایی تهران ⏳ 267,500 مـعامله شد ✅",Tehran,2675000.00,,,,,,,,,,,,,,,,,toman,"{""Tehran"": 2675000.0}",,,,fresh,61,35,regional_market_channel,2026-10-04T14:23:08+00:00,Tehran,2675000.0,single_value,USD
fardaei_tehran,قیمت لحظه ای دلار تهران,"دلار فردایی تهران ⏳ 267,800 مـعامله شد ✅",Tehran,2678000.00,,,,,,,,,,,,,,,,,toman,"{""Tehran"": 2678000.0}",,,,fresh,61,35,regional_market_channel,2026-10-04T14:48:10+00:00,Tehran,2678000.0,single_value,USD
dollarsprice22,💵 مظنه ارز 💵,"#1405_07_09 ⏱️ 19:48 💵 #دلار تهران_نقدی 🇮🇷 257,700 تا 258,000 دلار 🇺🇸 تهران بین همکاران 258,800 دینار عراق 🇮🇶 160,000 تومان 🅱 بیت‌کوین 85.357.00 💵 📈 💰 قیمت ارز،طلا و خودرو 👇 @dollarsprice22",Tehran,2577000.00,,,,,,,,,,,,,,,,,toman,"{""Tehran"": 2577000.0}",,,,stale,60,100,regional_fx_board,2026-10-01T16:19:28+00:00,Tehran,2577000.0,single_value,USD
hamburg_euro,هامبورگ یورو,🔸 #خرید_یورو #هامبورگ آلمان مقدار: 350 یورو نرخ: 190000 تومان 👤 ارتباط با شخص | توضیحات: 210000,Hamburg,,,,,,,,,1754385.96,,,,,,,,,toman,"{""Hamburg"": 1754385.96}",190000,210000,200000.00,old,60,100,regional_market_channel,2026-08-29T09:58:28+00:00,Hamburg,1754385.964912281,midpoint,EUR
hiemarat,نرخ درهم امارات و طلا دبی، نقره و تتر,"درهم در بازار ایران: 73,590 تومان 🇮🇷 تغییرات: 300 تومان 📉 به‌روزرسانی: 2026-10-04 15:40 ⏰",Iran,,,,,,,,,,,,,,,,,,toman,"{""Iran"": 2702592.75}",,,,fresh,60,100,exchange_shop,2026-10-04T11:41:18+00:00,Iran,2702592.75,single_value,AED
hiemarat,نرخ درهم امارات و طلا دبی، نقره و تتر,"درهم در بازار ایران: 73,720 تومان 🇮🇷 تغییرات: 170 تومان 📉 به‌روزرسانی: 2026-10-04 16:00 ⏰",Iran,,,,,,,,,,,,,,,,,,toman,"{""Iran"": 2707367.0}",,,,fresh,60,100,exchange_shop,2026-10-04T12:01:19+00:00,Iran,2707367.0,single_value,AED
hiemarat,نرخ درهم امارات و طلا دبی، نقره و تتر,"درهم در بازار ایران: 73,940 تومان 🇮🇷 تغییرات: 50 تومان 📈 به‌روزرسانی: 2026-10-04 16:20 ⏰",Iran,,,,,,,,,,,,,,,,,,toman,"{""Iran"": 2715446.5}",,,,fresh,60,100,exchange_shop,2026-10-04T12:21:21+00:00,Iran,2715446.5,single_value,AED
hiemarat,نرخ درهم امارات و طلا دبی، نقره و تتر,"درهم در بازار ایران: 73,400 تومان 🇮🇷 تغییرات: 490 تومان 📉 به‌روزرسانی: 2026-10-04 16:40 ⏰",Iran,,,,,,,,,,,,,,,,,,toman,"{""Iran"": 2695615.0}",,,,fresh,60,100,exchange_shop,2026-10-04T12:41:22+00:00,Iran,2695615.0,single_value,AED
hiemarat,نرخ درهم امارات و طلا دبی، نقره و تتر,"درهم در بازار ایران: 73,940 تومان 🇮🇷 تغییرات: 50 تومان 📈 به‌روزرسانی: 2026-10-04 16:50 ⏰",Iran,,,,,,,,,,,,,,,,,,toman,"{""Iran"": 2715446.5}",,,,fresh,60,100,exchange_shop,2026-10-04T12:52:24+00:00,Iran,2715446.5,single_value,AED
hiemarat,نرخ درهم امارات و طلا دبی، نقره و تتر,"درهم در بازار ایران: 73,830 تومان 🇮🇷 تغییرات: 60 تومان 📉 به‌روزرسانی: 2026-10-04 17:10 ⏰",Iran,,,,,,,,,,,,,,,,,,toman,"{""Iran"": 2711406.75}",,,,fresh,60,100,exchange_shop,2026-10-04T13:11:25+00:00,Iran,2711406.75,single_value,AED
hiemarat,نرخ درهم امارات و طلا دبی، نقره و تتر,"درهم در بازار ایران: 73,780 تومان 🇮🇷 تغییرات: 110 تومان 📉 به‌روزرسانی: 2026-10-04 17:50 ⏰",Iran,,,,,,,,,,,,,,,,,,toman,"{""Iran"": 2709570.5}",,,,fresh,60,100,exchange_shop,2026-10-04T13:51:31+00:00,Iran,2709570.5,single_value,AED
hiemarat,نرخ درهم امارات و طلا دبی، نقره و تتر,"درهم در بازار ایران: 73,640 تومان 🇮🇷 تغییرات: 250 تومان 📉 به‌روزرسانی: 2026-10-04 18:10 ⏰",Iran,,,,,,,,,,,,,,,,,,toman,"{""Iran"": 2704429.0}",,,,fresh,60,100,exchange_shop,2026-10-04T14:11:40+00:00,Iran,2704429.0,single_value,AED
hiemarat,نرخ درهم امارات و طلا دبی، نقره و تتر,"درهم در بازار ایران: 73,560 تومان 🇮🇷 تغییرات: 330 تومان 📉 به‌روزرسانی: 2026-10-04 18:30 ⏰",Iran,,,,,,,,,,,,,,,,,,toman,"{""Iran"": 2701491.0}",,,,fresh,60,100,exchange_shop,2026-10-04T14:31:48+00:00,Iran,2701491.0,single_value,AED
hiemarat,نرخ درهم امارات و طلا دبی، نقره و تتر,"درهم در بازار ایران: 73,670 تومان 🇮🇷 تغییرات: 220 تومان 📉 به‌روزرسانی: 2026-10-04 18:50 ⏰",Iran,,,,,,,,,,,,,,,,,,toman,"{""Iran"": 2705530.75}",,,,fresh,60,100,exchange_shop,2026-10-04T14:50:57+00:00,Iran,2705530.75,single_value,AED
hiemarat,نرخ درهم امارات و طلا دبی، نقره و تتر,"درهم در بازار ایران: 73,720 تومان 🇮🇷 تغییرات: 170 تومان 📉 به‌روزرسانی: 2026-10-04 19:30 ⏰",Iran,,,,,,,,,,,,,,,,,,toman,"{""Iran"": 2707367.0}",,,,fresh,60,100,exchange_shop,2026-10-04T15:33:09+00:00,Iran,2707367.0,single_value,AED
ir_dolar,قیمت لحظه ای دلار,"#1405_07_09 ⏱️ 19:48 💵 #دلار تهران_نقدی 🇮🇷 257,700 تا 258,000 دلار 🇺🇸 تهران بین همکاران 258,800 دینار عراق 🇮🇶 160,000 تومان 🅱 بیت‌کوین 85.357.00 💵 📈 💰 قیمت ارز،طلا و خودرو 👇 @ir_dolar @new_onlin",Tehran,2577000.00,,,,,,,,,,,,,,,,,toman,"{""Tehran"": 2577000.0}",,,,stale,60,100,regional_fx_board,2026-10-01T16:18:57+00:00,Tehran,2577000.0,single_value,USD
turan_ex,صرافی🇹🇷توران🇮🇷ازمیر - TURAN Exchange,"هرات فردایی ⏳ 265,300 فروش 🔴",Herat,,2653000.00,,,,,,,,,,,,,,,,toman,"{""Herat"": 2653000.0}",,265300,,fresh,59,40,exchange_shop,2026-10-04T07:03:50+00:00,Herat,2653000.0,sell,USD
turan_ex,صرافی🇹🇷توران🇮🇷ازمیر - TURAN Exchange,"هرات فردایی ⏳ 266,400 فروش 🔴",Herat,,2664000.00,,,,,,,,,,,,,,,,toman,"{""Herat"": 2664000.0}",,266400,,fresh,59,40,exchange_shop,2026-10-04T07:52:51+00:00,Herat,2664000.0,sell,USD
akhbrdolar1,نرخ اصلی دلار هرات,"هرات فردایی ⏳ 265,500 فروش 🔴",Herat,,2655000.00,,,,,,,,,,,,,,,,toman,"{""Herat"": 2655000.0}",,265500,,fresh,58,30,regional_market_channel,2026-10-04T18:17:20+00:00,Herat,2655000.0,sell,USD
akhbrdolar1,نرخ اصلی دلار هرات,"هرات فردایی ⏳ 265,500 فروش 🔴",Herat,,2655000.00,,,,,,,,,,,,,,,,toman,"{""Herat"": 2655000.0}",,265500,,fresh,58,30,regional_market_channel,2026-10-04T18:17:23+00:00,Herat,2655000.0,sell,USD
amd_official_channel,AMD official channel,"AMD decided to change the VIP level promotion system and increase the monthly salary of VIP members. The current monthly salary collection system is as follows: When your members rent AMD semiconductor products for 500Rs or more, you can ad...",Armenia,,,,,,,,,,,,,,,,,1950000.00,toman,"{""Armenia"": 1950000.0}",,,,old,58,60,exchange_shop,2024-09-04T11:03:56+00:00,Armenia,1950000.0,single_value,AMD
ameryex,عامري كاش للحوالات المالية,يمكنك الاستعلام عن حوالتك المرسلة و الغير مستلمة عبر التواصل عبر الارقام التالية ☎️ : 01683555 - 01684370 - 01684371 او الرقم المجاني : 8000085 او زيارة اقرب فرع من فروع شركة احمد العامري للصرافة والتحويلات. عامري_كاش_الاقرب_اليك .,Qom,,,,,,,,,,,,,,,,,,rial,"{""Qom"": 1683962.5}",1683555,1684370,,old,58,20,aggregator,2023-02-06T22:04:38+00:00,Qom,1683962.5,midpoint,USD
berlin_pay,برلین پِی,خرید یورو نقدی برلین €* 250000 برلین 253000 بالای هزار 254000 بالای ۵هزار خرید یورو واریزبانکی* 257000 بالای هزار 258000 بالای ۵هزار https://chat.whatsapp.com/L204hi6hEZe3W9I2UUJiLd,Berlin,,,,,,,,,,2192982.46,,,,,,,,toman,"{""Berlin"": 2192982.46}",250000,,,stale,58,100,regional_fx_board,2026-09-15T07:46:11+00:00,Berlin,2192982.456140351,buy,EUR
borsakurdstan,بۆرسەی کوردستان,"بغداد 158,600 عرض",Baghdad,,,,,1586000.00,,,,,,,,,,,,,toman,"{""Baghdad"": 1586000.0}",,,,fresh,58,30,regional_market_channel,2026-10-04T16:21:33+00:00,Baghdad,1586000.0,single_value,USD
borsakurdstan,بۆرسەی کوردستان,"بغداد حارثيه 158,650 ع بغداد كفاح 158,625 طلب",Baghdad,,,,,1586500.00,,,,,,,,,,,,,toman,"{""Baghdad"": 1586500.0}",,,,fresh,58,30,regional_market_channel,2026-10-04T16:57:39+00:00,Baghdad,1586500.0,single_value,USD
borsakurdstan,بۆرسەی کوردستان,"بغداد 158,650 طلب",Baghdad,,,,,1586500.00,,,,,,,,,,,,,toman,"{""Baghdad"": 1586500.0}",,,,fresh,58,30,regional_market_channel,2026-10-04T17:05:12+00:00,Baghdad,1586500.0,single_value,USD
borsakurdstan,بۆرسەی کوردستان,"بغداد 159,100 طلب",Baghdad,,,,,1591000.00,,,,,,,,,,,,,toman,"{""Baghdad"": 1591000.0}",,,,fresh,58,30,regional_market_channel,2026-10-04T19:08:13+00:00,Baghdad,1591000.0,single_value,USD
borsakurdstan,بۆرسەی کوردستان,"جاهز بغداد 159,150 طلب",Baghdad,,,,,1591500.00,,,,,,,,,,,,,toman,"{""Baghdad"": 1591500.0}",,,,fresh,58,30,regional_market_channel,2026-10-04T19:26:23+00:00,Baghdad,1591500.0,single_value,USD
borsakurdstan,بۆرسەی کوردستان,"اربيل 158,600 طلب",Erbil,,,,1586000.00,,,,,,,,,,,,,,toman,"{""Erbil"": 1586000.0}",,,,fresh,58,30,regional_market_channel,2026-10-04T16:36:21+00:00,Erbil,1586000.0,single_value,USD
borsakurdstan,بۆرسەی کوردستان,"اربيل 158,625 طلب",Erbil,,,,1586250.00,,,,,,,,,,,,,,toman,"{""Erbil"": 1586250.0}",,,,fresh,58,30,regional_market_channel,2026-10-04T16:36:35+00:00,Erbil,1586250.0,single_value,USD
borsakurdstan,بۆرسەی کوردستان,"اربيل 158,700 طلب سوور ٣٠ شده",Erbil,,,,1587000.00,,,,,,,,,,,,,,toman,"{""Erbil"": 1587000.0}",,,,fresh,58,30,regional_market_channel,2026-10-04T17:10:21+00:00,Erbil,1587000.0,single_value,USD
do_l4,قیمت‌‌‌لحظه‌ای دلار طلا خودرو و سکه,"💸 دلار فردایی تهران 💵 268,500 خـرید 💸 💸 دلار فردایی تهران 💵 268,550 فروش 💵 💸 دلار فردایی تهران 💵 268,500 معامله ✅",Tehran,2685000.00,,,,,,,,,,,,,,,,,toman,"{""Tehran"": 2685000.0}",,,,fresh,58,100,regional_market_channel,2026-10-04T15:43:58+00:00,Tehran,2685000.0,single_value,USD
do_l4,قیمت‌‌‌لحظه‌ای دلار طلا خودرو و سکه,"💸 دلار فردایی تهران 💵 268,600 خـرید 💸 💸 دلار فردایی تهران 💵 268,650 فروش 💵 💸 دلار فردایی تهران 💵 268,600 معامله ✅",Tehran,2686000.00,,,,,,,,,,,,,,,,,toman,"{""Tehran"": 2686000.0}",,,,fresh,58,100,regional_market_channel,2026-10-04T16:05:05+00:00,Tehran,2686000.0,single_value,USD
do_l4,قیمت‌‌‌لحظه‌ای دلار طلا خودرو و سکه,"💸 دلار فردایی تهران 💵 268,800 خـرید 💸 💸 دلار فردایی تهران 💵 268,850 فروش 💵 💸 دلار فردایی تهران 💵 268,800 معامله ✅",Tehran,2688000.00,,,,,,,,,,,,,,,,,toman,"{""Tehran"": 2688000.0}",,,,fresh,58,100,regional_market_channel,2026-10-04T17:07:44+00:00,Tehran,2688000.0,single_value,USD
dolarsaghez,دلار سقز,"دلار فردایی تهران 164,‌‌‌900 خـرید دلار فردایی تهران 164,950 فروش دلار فردایی تهران 164,900 معامله",Tehran,1649500.00,,,,,,,,,,,,,,,,,toman,"{""Tehran"": 1649500.0}",,164950,,old,58,100,regional_market_channel,2026-02-26T13:02:37+00:00,Tehran,1649500.0,sell,USD
dollar_tehran3bze,قیمت لحظه‌ای دلار تهران,"دلار فردایی تهران ⏳ 268,700 خــرید 🔵",Tehran,2687000.00,,,,,,,,,,,,,,,,,toman,"{""Tehran"": 2687000.0}",,,,fresh,58,15,aggregator,2026-10-04T17:09:53+00:00,Tehran,2687000.0,single_value,USD
dollar_tehran3bze,قیمت لحظه‌ای دلار تهران,"دلار فردایی تهران ⏳ 269,000 فروش 🔴",Tehran,2690000.00,,,,,,,,,,,,,,,,,toman,"{""Tehran"": 2690000.0}",,269000,,fresh,58,15,aggregator,2026-10-04T17:09:57+00:00,Tehran,2690000.0,sell,USD
dollar_tehran3bze,قیمت لحظه‌ای دلار تهران,"دلار فردایی تهران ⏳ 268,800 خــرید 🔵",Tehran,2688000.00,,,,,,,,,,,,,,,,,toman,"{""Tehran"": 2688000.0}",,,,fresh,58,15,aggregator,2026-10-04T17:27:39+00:00,Tehran,2688000.0,single_value,USD
dollar_tehran3bze,قیمت لحظه‌ای دلار تهران,"دلار فردایی تهران ⏳ 269,000 فروش 🔴",Tehran,2690000.00,,,,,,,,,,,,,,,,,toman,"{""Tehran"": 2690000.0}",,269000,,fresh,58,15,aggregator,2026-10-04T17:27:40+00:00,Tehran,2690000.0,sell,USD
dollar_tehran3bze,قیمت لحظه‌ای دلار تهران,"دلار فردایی تهران ⏳ 269,000 خــرید 🔵",Tehran,2690000.00,,,,,,,,,,,,,,,,,toman,"{""Tehran"": 2690000.0}",,,,fresh,58,15,aggregator,2026-10-04T17:30:35+00:00,Tehran,2690000.0,single_value,USD
dollar_tehran3bze,قیمت لحظه‌ای دلار تهران,"دلار فردایی تهران ⏳ 269,200 فروش 🔴",Tehran,2692000.00,,,,,,,,,,,,,,,,,toman,"{""Tehran"": 2692000.0}",,269200,,fresh,58,15,aggregator,2026-10-04T17:30:36+00:00,Tehran,2692000.0,sell,USD
dollarferdowsi,نرخ لحظه ای دلار | میدان فردوسی تهران,"دلار فردایی تهران ⏳ 268,500 خــرید 🔵",Tehran,2685000.00,,,,,,,,,,,,,,,,,toman,"{""Tehran"": 2685000.0}",,,,fresh,58,10,regional_market_channel,2026-10-04T16:33:46+00:00,Tehran,2685000.0,single_value,USD
dollarferdowsi,نرخ لحظه ای دلار | میدان فردوسی تهران,"دلار فردایی تهران ⏳ 268,700 فروش 🔴",Tehran,2687000.00,,,,,,,,,,,,,,,,,toman,"{""Tehran"": 2687000.0}",,268700,,fresh,58,10,regional_market_channel,2026-10-04T17:01:28+00:00,Tehran,2687000.0,sell,USD
dollarferdowsi,نرخ لحظه ای دلار | میدان فردوسی تهران,"دلار فردایی تهران ⏳ 268,700 خــرید 🔵",Tehran,2687000.00,,,,,,,,,,,,,,,,,toman,"{""Tehran"": 2687000.0}",,,,fresh,58,10,regional_market_channel,2026-10-04T17:10:01+00:00,Tehran,2687000.0,single_value,USD
dollarferdowsi,نرخ لحظه ای دلار | میدان فردوسی تهران,"دلار فردایی تهران ⏳ 269,000 فروش 🔴",Tehran,2690000.00,,,,,,,,,,,,,,,,,toman,"{""Tehran"": 2690000.0}",,269000,,fresh,58,10,regional_market_channel,2026-10-04T17:10:01+00:00,Tehran,2690000.0,sell,USD
dollarferdowsi,نرخ لحظه ای دلار | میدان فردوسی تهران,"دلار فردایی تهران ⏳ 268,800 خــرید 🔵",Tehran,2688000.00,,,,,,,,,,,,,,,,,toman,"{""Tehran"": 2688000.0}",,,,fresh,58,10,regional_market_channel,2026-10-04T17:27:50+00:00,Tehran,2688000.0,single_value,USD
dollarferdowsi,نرخ لحظه ای دلار | میدان فردوسی تهران,"دلار فردایی تهران ⏳ 269,000 فروش 🔴",Tehran,2690000.00,,,,,,,,,,,,,,,,,toman,"{""Tehran"": 2690000.0}",,269000,,fresh,58,10,regional_market_channel,2026-10-04T17:27:50+00:00,Tehran,2690000.0,sell,USD
dollarferdowsi,نرخ لحظه ای دلار | میدان فردوسی تهران,"دلار فردایی تهران ⏳ 269,000 خــرید 🔵",Tehran,2690000.00,,,,,,,,,,,,,,,,,toman,"{""Tehran"": 2690000.0}",,,,fresh,58,10,regional_market_channel,2026-10-04T17:30:45+00:00,Tehran,2690000.0,single_value,USD
dollarferdowsi,نرخ لحظه ای دلار | میدان فردوسی تهران,"دلار فردایی تهران ⏳ 269,200 فروش 🔴",Tehran,2692000.00,,,,,,,,,,,,,,,,,toman,"{""Tehran"": 2692000.0}",,269200,,fresh,58,10,regional_market_channel,2026-10-04T17:30:45+00:00,Tehran,2692000.0,sell,USD
dollarlahzei1,قیمت لحظه ای دلار خودرو💲,"دلار فردایی تهران ⏳ 172,000 خــرید 🔵",Tehran,1720000.00,,,,,,,,,,,,,,,,,toman,"{""Tehran"": 1720000.0}",,,,old,58,0,unknown,2026-05-26T16:57:10+00:00,Tehran,1720000.0,single_value,USD
dollarlahzei1,قیمت لحظه ای دلار خودرو💲,"دلار فردایی تهران ⏳ 172,500 فروش 🔴",Tehran,1725000.00,,,,,,,,,,,,,,,,,toman,"{""Tehran"": 1725000.0}",,172500,,old,58,0,unknown,2026-05-26T16:57:10+00:00,Tehran,1725000.0,sell,USD
dollarlahzei1,قیمت لحظه ای دلار خودرو💲,"دلار فردایی تهران ⏳ 171,500 خــرید 🔵",Tehran,1715000.00,,,,,,,,,,,,,,,,,toman,"{""Tehran"": 1715000.0}",,,,old,58,0,unknown,2026-05-26T17:22:09+00:00,Tehran,1715000.0,single_value,USD
dollarlahzei1,قیمت لحظه ای دلار خودرو💲,"دلار فردایی تهران ⏳ 172,000 فروش 🔴",Tehran,1720000.00,,,,,,,,,,,,,,,,,toman,"{""Tehran"": 1720000.0}",,172000,,old,58,0,unknown,2026-05-26T17:22:09+00:00,Tehran,1720000.0,sell,USD
dollarlahzei1,قیمت لحظه ای دلار خودرو💲,"دلار فردایی تهران ⏳ 171,500 خــرید 🔵",Tehran,1715000.00,,,,,,,,,,,,,,,,,toman,"{""Tehran"": 1715000.0}",,,,old,58,0,unknown,2026-05-26T17:32:09+00:00,Tehran,1715000.0,single_value,USD
dollarlahzei1,قیمت لحظه ای دلار خودرو💲,"دلار فردایی تهران ⏳ 172,000 فروش 🔴",Tehran,1720000.00,,,,,,,,,,,,,,,,,toman,"{""Tehran"": 1720000.0}",,172000,,old,58,0,unknown,2026-05-26T17:32:10+00:00,Tehran,1720000.0,sell,USD
dollarlahzei1,قیمت لحظه ای دلار خودرو💲,"دلار فردایی تهران ⏳ 172,500 خــرید 🔵",Tehran,1725000.00,,,,,,,,,,,,,,,,,toman,"{""Tehran"": 1725000.0}",,,,old,58,0,unknown,2026-05-27T10:57:08+00:00,Tehran,1725000.0,single_value,USD
dollarlahzei1,قیمت لحظه ای دلار خودرو💲,"دلار فردایی تهران ⏳ 173,000 فروش 🔴",Tehran,1730000.00,,,,,,,,,,,,,,,,,toman,"{""Tehran"": 1730000.0}",,173000,,old,58,0,unknown,2026-05-27T10:57:08+00:00,Tehran,1730000.0,sell,USD
dollarlahzei1,قیمت لحظه ای دلار خودرو💲,"دلار فردایی تهران ⏳ 173,000 خــرید 🔵",Tehran,1730000.00,,,,,,,,,,,,,,,,,toman,"{""Tehran"": 1730000.0}",,,,old,58,0,unknown,2026-05-27T12:42:07+00:00,Tehran,1730000.0,single_value,USD
dollarlahzei1,قیمت لحظه ای دلار خودرو💲,"دلار فردایی تهران ⏳ 173,500 فروش 🔴",Tehran,1735000.00,,,,,,,,,,,,,,,,,toman,"{""Tehran"": 1735000.0}",,173500,,old,58,0,unknown,2026-05-27T12:42:07+00:00,Tehran,1735000.0,sell,USD
dollarstreamer,قیمت دلار سکه طلا خودرو,"🟢 دلار: 2,689,800 (0.00+) 📈 سقف: 2,725,200 📉 کف: 2,662,800 ↗️ تغییر روزانه: 1,600 (0.06%) ا ➖ ➖ ➖ ➖ 🟢 یورو: 3,029,600 (0.00+) 📈 سقف: 3,071,700 📉 کف: 3,001,400 ↗️ تغییر روزانه: 4,200 (0.14%) ا ➖ ➖ ➖ ➖ 🟢 درهم: 734,400 (0.00+) 📈 سقف: 744,570 📉...",Herat,,2658000.00,,,,,,,,,,,,,,,,rial,"{""Herat"": 2658000.0}",,,,fresh,58,100,regional_market_channel,2026-10-04T17:16:05+00:00,Herat,2658000.0,single_value,USD
eghtesadtejarat,اقتصادتجارت,"🌐 مظنه بازار 1405/06/28 شنبه دلار فروش : 230,200 تومان دلار خرید : 229,800 تومان یورو : 264,410 تومان دلار کانادا : 168,290 تومان درهم امارات : 63,280 تومان سکه امامی : 238,000,000 تومان سکه بهار آزادی: 233,000,000 تومان نیم سکه : 121,000,0...",Dubai,,,,,,,2323958.00,,,,,,,,,,,toman,"{""Dubai"": 2323958.0}",230200,230200,230200.00,old,58,100,regional_fx_board,2026-09-19T13:47:01+00:00,Dubai,2323958.0,single_value,AED
eghtesadtejarat,اقتصادتجارت,"🌐 مظنه بازار 1405/06/29 یک شنبه دلار فروش : 231,000 تومان دلار خرید : 230,600 تومان یورو : 265,330 تومان دلار کانادا : 169,050 تومان درهم امارات : 63,550 تومان سکه امامی : 239,500,000 تومان سکه بهار آزادی 235,500,000 تومان نیم سکه : 123,000...",Dubai,,,,,,,2333873.75,,,,,,,,,,,toman,"{""Dubai"": 2333873.75}",231000,231000,231000.00,old,58,100,regional_fx_board,2026-09-20T13:18:01+00:00,Dubai,2333873.75,single_value,AED
eghtesadtejarat,اقتصادتجارت,"🌐 مظنه بازار 1405/06/30 دو شنبه دلار فروش : 231,000 تومان دلار خرید : 230,600 تومان یورو : 265,240 تومان دلار کانادا : 168,690 تومان درهم امارات : 63,500 تومان سکه امامی : 236,500,000 تومان سکه بهار آزادی 232,000,000 تومان نیم سکه : 121,000...",Dubai,,,,,,,2332037.50,,,,,,,,,,,toman,"{""Dubai"": 2332037.5}",231000,231000,231000.00,old,58,100,regional_fx_board,2026-09-21T12:46:01+00:00,Dubai,2332037.5,single_value,AED
eghtesadtejarat,اقتصادتجارت,"🌐 مظنه بازار 1405/06/31 سه شنبه دلار فروش : 233,300 تومان دلار خرید : 232,900 تومان یورو : 267,730 تومان دلار کانادا : 170,130 تومان درهم امارات : 64,160 تومان سکه امامی : 237,500,000 تومان سکه بهار آزادی: 234,000,000 تومان نیم سکه: 121,000...",Dubai,,,,,,,2356276.00,,,,,,,,,,,toman,"{""Dubai"": 2356276.0}",233300,233300,233300.00,old,58,100,regional_fx_board,2026-09-22T10:58:01+00:00,Dubai,2356276.0,single_value,AED
eghtesadtejarat,اقتصادتجارت,"🌐 مظنه بازار 1405/07/01 چهارشنبه دلار فروش : 232,000 تومان دلار خرید : 231,600 تومان یورو : 264,670 تومان دلار کانادا : 168,340 تومان درهم امارات : 63,770 تومان سکه امامی 237,000,000 تومان سکه بهار آزادی 232,000,000 تومان نیم سکه: 121,500,0...",Dubai,,,,,,,2341953.25,,,,,,,,,,,toman,"{""Dubai"": 2341953.25}",232000,232000,232000.00,old,58,100,regional_fx_board,2026-09-23T14:30:31+00:00,Dubai,2341953.25,single_value,AED
eghtesadtejarat,اقتصادتجارت,"🌐 مظنه بازار 1405/07/02 پنج شنبه پایان روز دلار فروش : 234,200 تومان دلار خرید : 233,800 تومان یورو : 266,570 تومان دلار کانادا : 169,080 تومان درهم امارات : 64,240 تومان سکه امامی : 240,000,000 تومان سکه بهار آزادی 236,000,000 تومان نیم سک...",Dubai,,,,,,,2359214.00,,,,,,,,,,,toman,"{""Dubai"": 2359214.0}",234200,234200,234200.00,old,58,100,regional_fx_board,2026-09-24T19:49:19+00:00,Dubai,2359214.0,single_value,AED
eghtesadtejarat,اقتصادتجارت,"🌐 مظنه بازار 1405/07/04 شنبه دلار فروش : 233,500 تومان دلار خرید : 233,100 تومان یورو : 265,970 تومان دلار کانادا : 168,840 تومان درهم امارات : 64,180 تومان سکه امامی 238,500,000 تومان سکه بهار آزادی 234,000,000 تومان نیم سکه : 122,000,000 ...",Dubai,,,,,,,2357010.50,,,,,,,,,,,toman,"{""Dubai"": 2357010.5}",233500,233500,233500.00,old,58,100,regional_fx_board,2026-09-26T12:46:01+00:00,Dubai,2357010.5,single_value,AED
eghtesadtejarat,اقتصادتجارت,"🌐 مظنه بازار 1405/07/05 یک شنبه دلار فروش : 235,700 تومان دلار خرید : 235,300 تومان یورو : 268,480 تومان دلار کانادا : 170,480 تومان درهم امارات : 64,790 تومان سکه امامی : 240,500,000 تومان سکه بهار آزادی 235,000,000 تومان نیم سکه : 122,500...",Dubai,,,,,,,2379412.75,,,,,,,,,,,toman,"{""Dubai"": 2379412.75}",235700,235700,235700.00,old,58,100,regional_fx_board,2026-09-27T13:33:09+00:00,Dubai,2379412.75,single_value,AED
fardaei_tehran,قیمت لحظه ای دلار تهران,"دلار فردایی تهران ⏳ 268,800 مـعامله شد ✅",Tehran,2688000.00,,,,,,,,,,,,,,,,,toman,"{""Tehran"": 2688000.0}",,,,fresh,58,35,regional_market_channel,2026-10-04T13:08:07+00:00,Tehran,2688000.0,single_value,USD
fardaei_tehran,قیمت لحظه ای دلار تهران,"دلار فردایی تهران ⏳ 268,200 مـعامله شد ✅",Tehran,2682000.00,,,,,,,,,,,,,,,,,toman,"{""Tehran"": 2682000.0}",,,,fresh,58,35,regional_market_channel,2026-10-04T13:48:09+00:00,Tehran,2682000.0,single_value,USD
fardaei_tehran,قیمت لحظه ای دلار تهران,"دلار فردایی تهران ⏳ 268,200 مـعامله شد ✅",Tehran,2682000.00,,,,,,,,,,,,,,,,,toman,"{""Tehran"": 2682000.0}",,,,fresh,58,35,regional_market_channel,2026-10-04T13:58:06+00:00,Tehran,2682000.0,single_value,USD
fardaei_tehran,قیمت لحظه ای دلار تهران,"دلار فردایی تهران ⏳ 268,000 مـعامله شد ✅",Tehran,2680000.00,,,,,,,,,,,,,,,,,toman,"{""Tehran"": 2680000.0}",,,,fresh,58,35,regional_market_channel,2026-10-04T15:23:06+00:00,Tehran,2680000.0,single_value,USD
fardaei_tehran,قیمت لحظه ای دلار تهران,"دلار فردایی تهران ⏳ 268,200 مـعامله شد ✅",Tehran,2682000.00,,,,,,,,,,,,,,,,,toman,"{""Tehran"": 2682000.0}",,,,fresh,58,35,regional_market_channel,2026-10-04T15:58:06+00:00,Tehran,2682000.0,single_value,USD
haratdollar,دلار هرات 🅅🄸🄿,"هرات فردایی ⏳ 265,800 فروش 🔴",Herat,,2658000.00,,,,,,,,,,,,,,,,toman,"{""Herat"": 2658000.0}",,265800,,fresh,58,10,regional_market_channel,2026-10-04T17:36:07+00:00,Herat,2658000.0,sell,USD
haratdollar,دلار هرات 🅅🄸🄿,"هرات فردایی ⏳ 265,800 فروش 🔴",Herat,,2658000.00,,,,,,,,,,,,,,,,toman,"{""Herat"": 2658000.0}",,265800,,fresh,58,10,regional_market_channel,2026-10-04T17:36:08+00:00,Herat,2658000.0,sell,USD
haratdollar,دلار هرات 🅅🄸🄿,"هرات فردایی ⏳ 265,700 فروش 🔴",Herat,,2657000.00,,,,,,,,,,,,,,,,toman,"{""Herat"": 2657000.0}",,265700,,fresh,58,10,regional_market_channel,2026-10-04T17:39:52+00:00,Herat,2657000.0,sell,USD
haratdollar,دلار هرات 🅅🄸🄿,"هرات فردایی ⏳ 265,700 فروش 🔴",Herat,,2657000.00,,,,,,,,,,,,,,,,toman,"{""Herat"": 2657000.0}",,265700,,fresh,58,10,regional_market_channel,2026-10-04T18:01:00+00:00,Herat,2657000.0,sell,USD
haratdollar,دلار هرات 🅅🄸🄿,"هرات فردایی ⏳ 265,700 فروش 🔴",Herat,,2657000.00,,,,,,,,,,,,,,,,toman,"{""Herat"": 2657000.0}",,265700,,fresh,58,10,regional_market_channel,2026-10-04T18:01:01+00:00,Herat,2657000.0,sell,USD
herat_tomen,هرات تومن دالر,"هرات فردایی ⏳ 265,500 فروش 🔴",Herat,,2655000.00,,,,,,,,,,,,,,,,toman,"{""Herat"": 2655000.0}",,265500,,fresh,58,15,regional_market_channel,2026-10-04T18:16:27+00:00,Herat,2655000.0,sell,USD
herat_tomen,هرات تومن دالر,"هرات فردایی ⏳ 265,500 فروش 🔴",Herat,,2655000.00,,,,,,,,,,,,,,,,toman,"{""Herat"": 2655000.0}",,265500,,fresh,58,15,regional_market_channel,2026-10-04T18:17:17+00:00,Herat,2655000.0,sell,USD
navasanchannel,نوسان - اعلان لحظه ای نرخ ارز و سکه,"💵 دلار آمریکا فروش 🔴 : 268,200 تومان 💵 دلار آمریکا خرید 🔵 : 267,800 تومان 💶 یورو فروش : 301,980 تومان دلار کانادا فروش 🇨🇦 : 192,430 تومان درهم امارات 🇦🇪 : 73,720 تومان سکه امامی ✴️ : 271,000,000 تومان سکه بهار آزادی ✴️ : 260,000,000 تومان ن...",Dubai,,,,,,,2707367.00,,,,,,,,,,,toman,"{""Dubai"": 2707367.0}",,,,fresh,58,100,regional_fx_board,2026-10-04T15:53:18+00:00,Dubai,2707367.0,single_value,AED
navasanchannel,نوسان - اعلان لحظه ای نرخ ارز و سکه,"💵 دلار آمریکا فروش 🔴 : 268,700 تومان 💵 دلار آمریکا خرید 🔵 : 268,300 تومان 💶 یورو فروش : 302,540 تومان دلار کانادا فروش 🇨🇦 : 193,000 تومان درهم امارات 🇦🇪 : 73,860 تومان سکه امامی ✴️ : 271,000,000 تومان سکه بهار آزادی ✴️ : 260,000,000 تومان ن...",Dubai,,,,,,,2712508.50,,,,,,,,,,,toman,"{""Dubai"": 2712508.5}",,,,fresh,58,100,regional_fx_board,2026-10-04T17:08:23+00:00,Dubai,2712508.5,single_value,AED
qheimat_dolar_sabze,نرخ دلار و طلا و سکه تهران,"📌 قیمت لحظه‌ای ارز | ۱۴۰۵/۰۵/۱۹ 💵 دلار آمریکا | 185,985 تومان 📈 0.05 | 🔺 186,720 | 🔻 184,680 💶 یورو | 214,940 تومان 📈 0.04 | 🔺 215,830 | 🔻 213,560 🇦🇪 درهم امارات | 50,669 تومان 📈 0.49 | 🔺 51,117 | 🔻 50,307 ₿ بیت کوین | 64,888.00 دلار (≈ 12,...",Dubai,,,,,,,1860819.02,,,,,,,,,,,toman,"{""Dubai"": 1860819.02}",,,,old,58,100,regional_market_channel,2026-08-10T12:41:23+00:00,Dubai,1860819.025,single_value,AED
royal_rate,نرخ ارز بازار CURRENCY RATE,"📌 قیمت فروش درهم الانی 70,400/500 📌 قیمت حواله از دبی الانی(N/A) با توجه نوسانات لحظه ایی نرخهای اعلامی ، صرفا جهت نرخ دهی میباشد. (برای مبالغ درشت) #نرخ #درهم_دبی #یوان #ارز کانال نرخ زنی مارو به اشتراک بزارین. 🇮🇷 🇦🇪 T.me/Royal_rate 🇨🇦 🇨🇳",Dubai,,,,,,,2585440.00,,,,,,,,,,,toman,"{""Dubai"": 2585440.0}",,70400,,stale,58,100,regional_market_channel,2026-10-01T08:55:29+00:00,Dubai,2585440.0,sell,AED
royal_rate,نرخ ارز بازار CURRENCY RATE,"📌 قیمت فروش درهم الانی 70,700/800 📌 قیمت حواله از دبی الانی(N/A) با توجه نوسانات لحظه ایی نرخهای اعلامی ، صرفا جهت نرخ دهی میباشد. (برای مبالغ درشت) #نرخ #درهم_دبی #یوان #ارز کانال نرخ زنی مارو به اشتراک بزارین. 🇮🇷 🇦🇪 T.me/Royal_rate 🇨🇦 🇨🇳",Dubai,,,,,,,2596457.50,,,,,,,,,,,toman,"{""Dubai"": 2596457.5}",,70700,,stale,58,100,regional_market_channel,2026-10-01T09:33:40+00:00,Dubai,2596457.5,sell,AED
sabzemaidan,قیمت دلار تهران | سبزه میدان,"𝐒𝐚𝐛𝐳𝐞𝐌𝐚𝐢𝐝𝐚𝐧 🟥 فروشنده● «فردایی» 269,560 ( دلار تهران ) ™️ @SabzeMaidan | 👈 نرخ #دلارتهران",Tehran,2695600.00,,,,,,,,,,,,,,,,,toman,"{""Tehran"": 2695600.0}",,269560,,fresh,58,100,regional_market_channel,2026-10-04T18:48:34+00:00,Tehran,2695600.0,sell,USD
sabzemaidan,قیمت دلار تهران | سبزه میدان,"𝐒𝐚𝐛𝐳𝐞𝐌𝐚𝐢𝐝𝐚𝐧 ✅ نرخ معامله ● فردایی 269,550 ( دلار تهران ) ™️ @SabzeMaidan | 👈 نرخ #دلارتهران",Tehran,2695500.00,,,,,,,,,,,,,,,,,toman,"{""Tehran"": 2695500.0}",,,,fresh,58,100,regional_market_channel,2026-10-04T18:48:34+00:00,Tehran,2695500.0,single_value,USD
tahran_sabza,قیمت لحظه ای دلارتهران,"دلار فردایی تهران ⏳ 268,700 فروش 🔴",Tehran,2687000.00,,,,,,,,,,,,,,,,,toman,"{""Tehran"": 2687000.0}",,268700,,fresh,58,20,regional_market_channel,2026-10-04T17:01:22+00:00,Tehran,2687000.0,sell,USD
tahran_sabza,قیمت لحظه ای دلارتهران,"دلار فردایی تهران ⏳ 268,700 خــرید 🔵",Tehran,2687000.00,,,,,,,,,,,,,,,,,toman,"{""Tehran"": 2687000.0}",,,,fresh,58,20,regional_market_channel,2026-10-04T17:09:57+00:00,Tehran,2687000.0,single_value,USD
tahran_sabza,قیمت لحظه ای دلارتهران,"دلار فردایی تهران ⏳ 269,000 فروش 🔴",Tehran,2690000.00,,,,,,,,,,,,,,,,,toman,"{""Tehran"": 2690000.0}",,269000,,fresh,58,20,regional_market_channel,2026-10-04T17:09:58+00:00,Tehran,2690000.0,sell,USD
tahran_sabza,قیمت لحظه ای دلارتهران,"دلار فردایی تهران ⏳ 268,800 خــرید 🔵",Tehran,2688000.00,,,,,,,,,,,,,,,,,toman,"{""Tehran"": 2688000.0}",,,,fresh,58,20,regional_market_channel,2026-10-04T17:27:40+00:00,Tehran,2688000.0,single_value,USD
tahran_sabza,قیمت لحظه ای دلارتهران,"دلار فردایی تهران ⏳ 269,000 فروش 🔴",Tehran,2690000.00,,,,,,,,,,,,,,,,,toman,"{""Tehran"": 2690000.0}",,269000,,fresh,58,20,regional_market_channel,2026-10-04T17:27:40+00:00,Tehran,2690000.0,sell,USD
tahran_sabza,قیمت لحظه ای دلارتهران,"دلار فردایی تهران ⏳ 269,000 خــرید 🔵",Tehran,2690000.00,,,,,,,,,,,,,,,,,toman,"{""Tehran"": 2690000.0}",,,,fresh,58,20,regional_market_channel,2026-10-04T17:30:41+00:00,Tehran,2690000.0,single_value,USD
tahran_sabza,قیمت لحظه ای دلارتهران,"دلار فردایی تهران ⏳ 269,200 فروش 🔴",Tehran,2692000.00,,,,,,,,,,,,,,,,,toman,"{""Tehran"": 2692000.0}",,269200,,fresh,58,20,regional_market_channel,2026-10-04T17:30:41+00:00,Tehran,2692000.0,sell,USD
abanpardakht,AbanPardakht,"📊 گزارش لحظه ای بازار ارز(اسکناس): 🇺🇸 USD: 261,320 🔺 دلار آمریکا 🇪🇺 EUR: 292,890 🔺 یورو 🇬🇧 󠁧󠁢󠁥󠁮 GBP: 342,800 🔺 پوند انگلیس 🇨🇦 CAD: 181,570 🔺 دلار کانادا 🇦🇺 AUD: 179,690 🔺 دلار استرالیا 🇨🇭 CHF: 309,280 🔺 فرانک سوئیس 🇹🇷 TRY: 5,280 🔺 لیر ترکیه...",UK,,,,,,,,,,,,,,,,,,toman,"{""UK"": 1396692.31}",,,,stale,57,100,regional_fx_board,2026-10-01T10:30:23+00:00,UK,1396692.3076923077,single_value,GBP
abanpardakht,AbanPardakht,"📊 گزارش لحظه ای بازار ارز(اسکناس): 🇺🇸 USD: 261,320 🔸 دلار آمریکا 🇪🇺 EUR: 292,150 🔻 یورو 🇬🇧 󠁧󠁢󠁥󠁮 GBP: 342,090 🔻 پوند انگلیس 🇨🇦 CAD: 181,650 🔺 دلار کانادا 🇦🇺 AUD: 179,640 🔻 دلار استرالیا 🇨🇭 CHF: 309,670 🔺 فرانک سوئیس 🇹🇷 TRY: 5,280 🔸 لیر ترکیه...",UK,,,,,,,,,,,,,,,,,,toman,"{""UK"": 1397307.69}",,,,stale,57,100,regional_fx_board,2026-10-01T12:00:23+00:00,UK,1397307.6923076923,single_value,GBP
abanpardakht,AbanPardakht,"📊 گزارش لحظه ای بازار ارز(اسکناس): 🇺🇸 USD: 261,562 🔺 دلار آمریکا 🇪🇺 EUR: 292,490 🔺 یورو 🇬🇧 󠁧󠁢󠁥󠁮 GBP: 342,490 🔺 پوند انگلیس 🇨🇦 CAD: 181,860 🔺 دلار کانادا 🇦🇺 AUD: 179,840 🔺 دلار استرالیا 🇨🇭 CHF: 310,030 🔺 فرانک سوئیس 🇹🇷 TRY: 5,280 🔸 لیر ترکیه...",UK,,,,,,,,,,,,,,,,,,toman,"{""UK"": 1398923.08}",,,,stale,57,100,regional_fx_board,2026-10-01T13:30:23+00:00,UK,1398923.0769230768,single_value,GBP
abanpardakht,AbanPardakht,"📊 گزارش لحظه ای بازار ارز(اسکناس): 🇺🇸 USD: 261,370 🔻 دلار آمریکا 🇪🇺 EUR: 292,270 🔻 یورو 🇬🇧 󠁧󠁢󠁥󠁮 GBP: 342,220 🔻 پوند انگلیس 🇨🇦 CAD: 181,720 🔻 دلار کانادا 🇦🇺 AUD: 179,710 🔻 دلار استرالیا 🇨🇭 CHF: 309,790 🔻 فرانک سوئیس 🇹🇷 TRY: 5,280 🔸 لیر ترکیه...",UK,,,,,,,,,,,,,,,,,,toman,"{""UK"": 1397846.15}",,,,stale,57,100,regional_fx_board,2026-10-01T16:30:23+00:00,UK,1397846.1538461538,single_value,GBP
arzcredit,Arz Credit | ارزکردیت,"🔺 قیمت‌ ارز 🔹 تاریخ 06 مهر 1405 🔻 نرخ‌ های زیر، نرخ حواله می‌ باشد 🔸 دلار:255,400 🔸 یورو: 289,500 🔸 درهم امارات: 68,600 🔸 رینگیت مالزی: 61,600 🔸 تتر: 249,100 🔹 سایت ما: http://www.arzcredit.com 🔹 کانال بله ما: https://ble.ir/arzcredit_com 🔹...",Dubai,,,,,,,2519335.00,,,,,,,,,,,toman,"{""Dubai"": 2519335.0}",,,,stale,57,100,regional_fx_board,2026-09-28T09:30:32+00:00,Dubai,2519335.0,single_value,AED
arzcredit,Arz Credit | ارزکردیت,"🔺 قیمت‌ ارز 🔹 تاریخ 07 مهر 1405 🔻 نرخ‌ های زیر، نرخ حواله می‌ باشد 🔸 دلار:257,600 🔸 یورو: 291,500 🔸 درهم امارات: 69,100 🔸 رینگیت مالزی: 62,200 🔸 تتر: 256,900 🔹 سایت ما: http://www.arzcredit.com 🔹 کانال بله ما: https://ble.ir/arzcredit_com 🔹...",Dubai,,,,,,,2537697.50,,,,,,,,,,,toman,"{""Dubai"": 2537697.5}",,,,stale,57,100,regional_fx_board,2026-09-29T09:49:21+00:00,Dubai,2537697.5,single_value,AED
arzcredit,Arz Credit | ارزکردیت,"🔺 قیمت‌ ارز 🔹 تاریخ 08 مهر 1405 🔻 نرخ‌ های زیر، نرخ حواله می‌ باشد 🔸 دلار:269,500 🔸 یورو: 304,900 🔸 درهم امارات: 72,300 🔸 رینگیت مالزی: 65,100 🔸 تتر: 262,400 🔹 سایت ما: http://www.arzcredit.com 🔹 کانال بله ما: https://ble.ir/arzcredit_com 🔹...",Dubai,,,,,,,2655217.50,,,,,,,,,,,toman,"{""Dubai"": 2655217.5}",,,,stale,57,100,regional_fx_board,2026-09-30T09:03:58+00:00,Dubai,2655217.5,single_value,AED
arzcredit,Arz Credit | ارزکردیت,"🔺 قیمت‌ ارز 🔹 تاریخ 09 مهر 1405 🔻 نرخ‌ های زیر، نرخ حواله می‌ باشد 🔸 دلار:272,300 🔸 یورو: 306,500 🔸 درهم امارات: 73,100 🔸 رینگیت مالزی: 65,700 🔸 تتر: 263,800 🔹 سایت ما: http://www.arzcredit.com 🔹 کانال بله ما: https://ble.ir/arzcredit_com 🔹...",Dubai,,,,,,,2684597.50,,,,,,,,,,,toman,"{""Dubai"": 2684597.5}",,,,stale,57,100,regional_fx_board,2026-10-01T09:13:52+00:00,Dubai,2684597.5,single_value,AED
berlin_pay,برلین پِی,خرید یورو نقدی برلین €* 245000 برلین 250000 بالای هزار 252000 بالای ۵هزار خرید یورو واریزبانکی* 253000 بالای هزار 255000 بالای ۵هزار https://chat.whatsapp.com/L204hi6hEZe3W9I2UUJiLd,Berlin,,,,,,,,,,2149122.81,,,,,,,,toman,"{""Berlin"": 2149122.81}",245000,,,old,57,100,regional_fx_board,2026-09-12T08:15:56+00:00,Berlin,2149122.807017544,buy,EUR
berlin_pay,برلین پِی,خرید یورو نقدی برلین €* 250000 برلین 253000 بالای هزار 254000 بالای ۵هزار خرید یورو واریزبانکی* 257000 بالای هزار 258000 بالای ۵هزار https://chat.whatsapp.com/L204hi6hEZe3W9I2UUJiLd,Berlin,,,,,,,,,,2192982.46,,,,,,,,toman,"{""Berlin"": 2192982.46}",250000,,,old,57,100,regional_fx_board,2026-09-13T08:14:36+00:00,Berlin,2192982.456140351,buy,EUR
berlin_pay,برلین پِی,خرید یورو نقدی برلین €* 247000 برلین 251000 بالای هزار 252000 بالای ۵هزار خرید یورو واریزبانکی* 255000 بالای هزار 256000 بالای ۵هزار https://chat.whatsapp.com/L204hi6hEZe3W9I2UUJiLd,Berlin,,,,,,,,,,2166666.67,,,,,,,,toman,"{""Berlin"": 2166666.67}",247000,,,old,57,100,regional_fx_board,2026-09-16T08:11:28+00:00,Berlin,2166666.666666667,buy,EUR
berlin_pay,برلین پِی,خرید یورو نقدی برلین €* 243000 برلین 247000 بالای هزار 248000 بالای ۵هزار خرید یورو واریزبانکی* 251000 بالای هزار 252000 بالای ۵هزار https://chat.whatsapp.com/L204hi6hEZe3W9I2UUJiLd,Berlin,,,,,,,,,,2131578.95,,,,,,,,toman,"{""Berlin"": 2131578.95}",243000,,,old,57,100,regional_fx_board,2026-09-17T07:40:44+00:00,Berlin,2131578.947368421,buy,EUR
berlin_pay,برلین پِی,خرید یورو نقدی برلین €* 245000 برلین 250000 بالای هزار 252000 بالای ۵هزار خرید یورو واریزبانکی* 254000 بالای هزار 255000 بالای ۵هزار https://chat.whatsapp.com/L204hi6hEZe3W9I2UUJiLd,Berlin,,,,,,,,,,2149122.81,,,,,,,,toman,"{""Berlin"": 2149122.81}",245000,,,old,57,100,regional_fx_board,2026-09-20T07:28:21+00:00,Berlin,2149122.807017544,buy,EUR
berlin_pay,برلین پِی,خرید یورو نقدی برلین €* 248000 برلین 252000 بالای هزار 254000 بالای ۵هزار خرید یورو واریزبانکی* 255000 بالای هزار 256000 بالای ۵هزار https://chat.whatsapp.com/L204hi6hEZe3W9I2UUJiLd,Berlin,,,,,,,,,,2175438.60,,,,,,,,toman,"{""Berlin"": 2175438.6}",248000,,,old,57,100,regional_fx_board,2026-09-21T07:44:40+00:00,Berlin,2175438.5964912283,buy,EUR
berlin_pay,برلین پِی,خرید یورو نقدی برلین €* 250000 برلین 254000 بالای هزار 255000 بالای ۵هزار خرید یورو واریزبانکی* 257000 بالای هزار 258000 بالای ۵هزار https://chat.whatsapp.com/L204hi6hEZe3W9I2UUJiLd,Berlin,,,,,,,,,,2192982.46,,,,,,,,toman,"{""Berlin"": 2192982.46}",250000,,,old,57,100,regional_fx_board,2026-09-22T07:50:58+00:00,Berlin,2192982.456140351,buy,EUR
berlin_pay,برلین پِی,خرید یورو نقدی برلین €* 248000 برلین 252000 بالای هزار 253000 بالای ۵هزار خرید یورو واریزبانکی* 255000 بالای هزار 256000 بالای ۵هزار https://chat.whatsapp.com/L204hi6hEZe3W9I2UUJiLd,Berlin,,,,,,,,,,2175438.60,,,,,,,,toman,"{""Berlin"": 2175438.6}",248000,,,old,57,100,regional_fx_board,2026-09-23T07:52:36+00:00,Berlin,2175438.5964912283,buy,EUR
berlin_pay,برلین پِی,خرید یورو نقدی برلین €* 250000 برلین 255000 بالای هزار 257000 بالای ۵هزار خرید یورو واریزبانکی* 258000 بالای هزار 259000 بالای ۵هزار https://chat.whatsapp.com/L204hi6hEZe3W9I2UUJiLd,Berlin,,,,,,,,,,2192982.46,,,,,,,,toman,"{""Berlin"": 2192982.46}",250000,,,old,57,100,regional_fx_board,2026-09-24T07:41:28+00:00,Berlin,2192982.456140351,buy,EUR
berlin_pay,برلین پِی,خرید یورو نقدی برلین €* 250000 برلین 256000 بالای هزار 258000 بالای ۵هزار خرید یورو واریزبانکی* 260000 بالای هزار 261000 بالای ۵هزار https://chat.whatsapp.com/L204hi6hEZe3W9I2UUJiLd,Berlin,,,,,,,,,,2192982.46,,,,,,,,toman,"{""Berlin"": 2192982.46}",250000,,,old,57,100,regional_fx_board,2026-09-26T08:13:00+00:00,Berlin,2192982.456140351,buy,EUR
berlin_pay,برلین پِی,خرید یورو نقدی برلین €* 254000 برلین 257000 بالای هزار 260000 بالای ۵هزار خرید یورو واریزبانکی* 262000 بالای هزار 263000 بالای ۵هزار https://chat.whatsapp.com/L204hi6hEZe3W9I2UUJiLd,Berlin,,,,,,,,,,2228070.18,,,,,,,,toman,"{""Berlin"": 2228070.18}",254000,,,old,57,100,regional_fx_board,2026-09-27T07:51:45+00:00,Berlin,2228070.175438597,buy,EUR
gold_mesghal,👎💰 تحلیل تکنیکال آبشده نقدی رسمی و غیررسمی Gold_Mesghal 💰👍,"💸 دلار فردایی تهران 💵 254,200 خـرید 💸 💸 دلار فردایی تهران 💵 254,250 فروش 💵 💸 دلار فردایی تهران 💵 254,200 معامله ✅",Tehran,2542000.00,,,,,,,,,,,,,,,,,toman,"{""Tehran"": 2542000.0}",,254250,,stale,57,100,regional_fx_board,2026-09-29T17:55:30+00:00,Tehran,2542000.0,single_value,USD
arzmash,ارزماش ـ‌ کانال لحظه ای قیمت ارز و طلا⏰,💰 نرخ‌های روز بازار ارز و طلا 💰 🇺🇸 دلار آمریکا: 161400 تومان 🇪🇺 یورو: 190830 تومان 🇨🇦 دلار کانادا: 118160 تومان 🇬🇧 پوند انگلیس: 219530 تومان 🇦🇪 درهم امارات: 44370 تومان 🇨🇳 یوآن چین: 23260 تومان 🇹🇷 لیر ترکیه: 3700 تومان 💎 نرخ سکه و طلا 💎 💰 س...,Dubai|UK,,,,,,,1629488.25,,,,,,,,,,,toman,"{""Dubai"": 1629488.25}",,,,old,56,100,regional_fx_board,2026-02-09T10:00:17+00:00,Dubai,1629488.25,single_value,AED
arzmash,ارزماش ـ‌ کانال لحظه ای قیمت ارز و طلا⏰,💰 نرخ‌های روز بازار ارز و طلا 💰 🇺🇸 دلار آمریکا: 161200 تومان 🇪🇺 یورو: 190590 تومان 🇨🇦 دلار کانادا: 118010 تومان 🇬🇧 پوند انگلیس: 219260 تومان 🇦🇪 درهم امارات: 44310 تومان 🇨🇳 یوآن چین: 23230 تومان 🇹🇷 لیر ترکیه: 3695 تومان 💎 نرخ سکه و طلا 💎 💰 س...,Dubai|UK,,,,,,,1627284.75,,,,,,,,,,,toman,"{""Dubai"": 1627284.75}",,,,old,56,100,regional_fx_board,2026-02-09T10:30:31+00:00,Dubai,1627284.75,single_value,AED
arzmash,ارزماش ـ‌ کانال لحظه ای قیمت ارز و طلا⏰,💰 نرخ‌های روز بازار ارز و طلا 💰 🇺🇸 دلار آمریکا: 161600 تومان 🇪🇺 یورو: 191620 تومان 🇨🇦 دلار کانادا: 118360 تومان 🇬🇧 پوند انگلیس: 219800 تومان 🇦🇪 درهم امارات: 44370 تومان 🇨🇳 یوآن چین: 23290 تومان 🇹🇷 لیر ترکیه: 3705 تومان 💎 نرخ سکه و طلا 💎 💰 س...,Dubai|UK,,,,,,,1629488.25,,,,,,,,,,,toman,"{""Dubai"": 1629488.25}",,,,old,56,100,regional_fx_board,2026-02-09T11:00:35+00:00,Dubai,1629488.25,single_value,AED
arzmash,ارزماش ـ‌ کانال لحظه ای قیمت ارز و طلا⏰,💰 نرخ‌های روز بازار ارز و طلا 💰 🇺🇸 دلار آمریکا: 161200 تومان 🇪🇺 یورو: 191150 تومان 🇨🇦 دلار کانادا: 118060 تومان 🇬🇧 پوند انگلیس: 219260 تومان 🇦🇪 درهم امارات: 44450 تومان 🇨🇳 یوآن چین: 23230 تومان 🇹🇷 لیر ترکیه: 3695 تومان 💎 نرخ سکه و طلا 💎 💰 س...,Dubai|UK,,,,,,,1632426.25,,,,,,,,,,,toman,"{""Dubai"": 1632426.25}",,,,old,56,100,regional_fx_board,2026-02-09T11:30:39+00:00,Dubai,1632426.25,single_value,AED
arzmash,ارزماش ـ‌ کانال لحظه ای قیمت ارز و طلا⏰,💰 نرخ‌های روز بازار ارز و طلا 💰 🇺🇸 دلار آمریکا: 161500 تومان 🇪🇺 یورو: 191510 تومان 🇨🇦 دلار کانادا: 118280 تومان 🇬🇧 پوند انگلیس: 219670 تومان 🇦🇪 درهم امارات: 44310 تومان 🇨🇳 یوآن چین: 23270 تومان 🇹🇷 لیر ترکیه: 3705 تومان 💎 نرخ سکه و طلا 💎 💰 س...,Dubai|UK,,,,,,,1627284.75,,,,,,,,,,,toman,"{""Dubai"": 1627284.75}",,,,old,56,100,regional_fx_board,2026-02-09T12:00:43+00:00,Dubai,1627284.75,single_value,AED
arzmash,ارزماش ـ‌ کانال لحظه ای قیمت ارز و طلا⏰,💰 نرخ‌های روز بازار ارز و طلا 💰 🇺🇸 دلار آمریکا: 161300 تومان 🇪🇺 یورو: 191270 تومان 🇨🇦 دلار کانادا: 118140 تومان 🇬🇧 پوند انگلیس: 219400 تومان 🇦🇪 درهم امارات: 44340 تومان 🇨🇳 یوآن چین: 23250 تومان 🇹🇷 لیر ترکیه: 3700 تومان 💎 نرخ سکه و طلا 💎 💰 س...,Dubai|UK,,,,,,,1628386.50,,,,,,,,,,,toman,"{""Dubai"": 1628386.5}",,,,old,56,100,regional_fx_board,2026-02-09T12:30:47+00:00,Dubai,1628386.5,single_value,AED
arzmash,ارزماش ـ‌ کانال لحظه ای قیمت ارز و طلا⏰,💰 نرخ‌های روز بازار ارز و طلا 💰 🇺🇸 دلار آمریکا: 161200 تومان 🇪🇺 یورو: 191150 تومان 🇨🇦 دلار کانادا: 118060 تومان 🇬🇧 پوند انگلیس: 219260 تومان 🇦🇪 درهم امارات: 44310 تومان 🇨🇳 یوآن چین: 23230 تومان 🇹🇷 لیر ترکیه: 3695 تومان 💎 نرخ سکه و طلا 💎 💰 س...,Dubai|UK,,,,,,,1627284.75,,,,,,,,,,,toman,"{""Dubai"": 1627284.75}",,,,old,56,100,regional_fx_board,2026-02-09T13:30:53+00:00,Dubai,1627284.75,single_value,AED
arzmash,ارزماش ـ‌ کانال لحظه ای قیمت ارز و طلا⏰,💰 نرخ‌های روز بازار ارز و طلا 💰 🇺🇸 دلار آمریکا: 160500 تومان 🇪🇺 یورو: 190320 تومان 🇨🇦 دلار کانادا: 117550 تومان 🇬🇧 پوند انگلیس: 218310 تومان 🇦🇪 درهم امارات: 44260 تومان 🇨🇳 یوآن چین: 23130 تومان 🇹🇷 لیر ترکیه: 3680 تومان 💎 نرخ سکه و طلا 💎 💰 س...,Dubai|UK,,,,,,,1625448.50,,,,,,,,,,,toman,"{""Dubai"": 1625448.5}",,,,old,56,100,regional_fx_board,2026-02-09T14:00:56+00:00,Dubai,1625448.5,single_value,AED
arzmash,ارزماش ـ‌ کانال لحظه ای قیمت ارز و طلا⏰,💰 نرخ‌های روز بازار ارز و طلا 💰 🇺🇸 دلار آمریکا: 160600 تومان 🇪🇺 یورو: 190440 تومان 🇨🇦 دلار کانادا: 117620 تومان 🇬🇧 پوند انگلیس: 218440 تومان 🇦🇪 درهم امارات: 44120 تومان 🇨🇳 یوآن چین: 23140 تومان 🇹🇷 لیر ترکیه: 3685 تومان 💎 نرخ سکه و طلا 💎 💰 س...,Dubai|UK,,,,,,,1620307.00,,,,,,,,,,,toman,"{""Dubai"": 1620307.0}",,,,old,56,100,regional_fx_board,2026-02-09T15:01:02+00:00,Dubai,1620307.0,single_value,AED
arzmash,ارزماش ـ‌ کانال لحظه ای قیمت ارز و طلا⏰,💰 نرخ‌های روز بازار ارز و طلا 💰 🇺🇸 دلار آمریکا: 161000 تومان 🇪🇺 یورو: 190910 تومان 🇨🇦 دلار کانادا: 117920 تومان 🇬🇧 پوند انگلیس: 218990 تومان 🇦🇪 درهم امارات: 44260 تومان 🇨🇳 یوآن چین: 23200 تومان 🇹🇷 لیر ترکیه: 3695 تومان 💎 نرخ سکه و طلا 💎 💰 س...,Dubai|UK,,,,,,,1625448.50,,,,,,,,,,,toman,"{""Dubai"": 1625448.5}",,,,old,56,100,regional_fx_board,2026-02-09T15:31:07+00:00,Dubai,1625448.5,single_value,AED
arzmash,ارزماش ـ‌ کانال لحظه ای قیمت ارز و طلا⏰,💰 نرخ‌های روز بازار ارز و طلا 💰 🇺🇸 دلار آمریکا: 161400 تومان 🇪🇺 یورو: 192090 تومان 🇨🇦 دلار کانادا: 118910 تومان 🇬🇧 پوند انگلیس: 220650 تومان 🇦🇪 درهم امارات: 44370 تومان 🇨🇳 یوآن چین: 23260 تومان 🇹🇷 لیر ترکیه: 3705 تومان 💎 نرخ سکه و طلا 💎 💰 س...,Dubai|UK,,,,,,,1629488.25,,,,,,,,,,,toman,"{""Dubai"": 1629488.25}",,,,old,56,100,regional_fx_board,2026-02-09T17:01:18+00:00,Dubai,1629488.25,single_value,AED
arzmash,ارزماش ـ‌ کانال لحظه ای قیمت ارز و طلا⏰,💰 نرخ‌های روز بازار ارز و طلا 💰 🇺🇸 دلار آمریکا: 161700 تومان 🇪🇺 یورو: 192450 تومان 🇨🇦 دلار کانادا: 119130 تومان 🇬🇧 پوند انگلیس: 221060 تومان 🇦🇪 درهم امارات: 44390 تومان 🇨🇳 یوآن چین: 23300 تومان 🇹🇷 لیر ترکیه: 3710 تومان 💎 نرخ سکه و طلا 💎 💰 س...,Dubai|UK,,,,,,,1630222.75,,,,,,,,,,,toman,"{""Dubai"": 1630222.75}",,,,old,56,100,regional_fx_board,2026-02-09T17:31:23+00:00,Dubai,1630222.75,single_value,AED
arzmash,ارزماش ـ‌ کانال لحظه ای قیمت ارز و طلا⏰,💰 نرخ‌های روز بازار ارز و طلا 💰 🇺🇸 دلار آمریکا: 161800 تومان 🇪🇺 یورو: 192570 تومان 🇨🇦 دلار کانادا: 119210 تومان 🇬🇧 پوند انگلیس: 221190 تومان 🇦🇪 درهم امارات: 44480 تومان 🇨🇳 یوآن چین: 23320 تومان 🇹🇷 لیر ترکیه: 3710 تومان 💎 نرخ سکه و طلا 💎 💰 س...,Dubai|UK,,,,,,,1633528.00,,,,,,,,,,,toman,"{""Dubai"": 1633528.0}",,,,old,56,100,regional_fx_board,2026-02-09T18:01:27+00:00,Dubai,1633528.0,single_value,AED
arzmash,ارزماش ـ‌ کانال لحظه ای قیمت ارز و طلا⏰,💰 نرخ‌های روز بازار ارز و طلا 💰 🇺🇸 دلار آمریکا: 162500 تومان 🇪🇺 یورو: 193520 تومان 🇨🇦 دلار کانادا: 119870 تومان 🇬🇧 پوند انگلیس: 222350 تومان 🇦🇪 درهم امارات: 44610 تومان 🇨🇳 یوآن چین: 23470 تومان 🇹🇷 لیر ترکیه: 3725 تومان 💎 نرخ سکه و طلا 💎 💰 س...,Dubai|UK,,,,,,,1638302.25,,,,,,,,,,,toman,"{""Dubai"": 1638302.25}",,,,old,56,100,regional_fx_board,2026-02-10T08:00:04+00:00,Dubai,1638302.25,single_value,AED
arzmash,ارزماش ـ‌ کانال لحظه ای قیمت ارز و طلا⏰,💰 نرخ‌های روز بازار ارز و طلا 💰 🇺🇸 دلار آمریکا: 162400 تومان 🇪🇺 یورو: 193410 تومان 🇨🇦 دلار کانادا: 119790 تومان 🇬🇧 پوند انگلیس: 222210 تومان 🇦🇪 درهم امارات: 45000 تومان 🇨🇳 یوآن چین: 23460 تومان 🇹🇷 لیر ترکیه: 3725 تومان 💎 نرخ سکه و طلا 💎 💰 س...,Dubai|UK,,,,,,,1652625.00,,,,,,,,,,,toman,"{""Dubai"": 1652625.0}",,,,old,56,100,regional_fx_board,2026-02-10T09:00:10+00:00,Dubai,1652625.0,single_value,AED
arzmash,ارزماش ـ‌ کانال لحظه ای قیمت ارز و طلا⏰,💰 نرخ‌های روز بازار ارز و طلا 💰 🇺🇸 دلار آمریکا: 162200 تومان 🇪🇺 یورو: 193170 تومان 🇨🇦 دلار کانادا: 119650 تومان 🇬🇧 پوند انگلیس: 221940 تومان 🇦🇪 درهم امارات: 45100 تومان 🇨🇳 یوآن چین: 23430 تومان 🇹🇷 لیر ترکیه: 3720 تومان 💎 نرخ سکه و طلا 💎 💰 س...,Dubai|UK,,,,,,,1656297.50,,,,,,,,,,,toman,"{""Dubai"": 1656297.5}",,,,old,56,100,regional_fx_board,2026-02-10T09:30:21+00:00,Dubai,1656297.5,single_value,AED
arzmash,ارزماش ـ‌ کانال لحظه ای قیمت ارز و طلا⏰,💰 نرخ‌های روز بازار ارز و طلا 💰 🇺🇸 دلار آمریکا: 162100 تومان 🇪🇺 یورو: 193050 تومان 🇨🇦 دلار کانادا: 119570 تومان 🇬🇧 پوند انگلیس: 221800 تومان 🇦🇪 درهم امارات: 45100 تومان 🇨🇳 یوآن چین: 23420 تومان 🇹🇷 لیر ترکیه: 3715 تومان 💎 نرخ سکه و طلا 💎 💰 س...,Dubai|UK,,,,,,,1656297.50,,,,,,,,,,,toman,"{""Dubai"": 1656297.5}",,,,old,56,100,regional_fx_board,2026-02-10T10:00:25+00:00,Dubai,1656297.5,single_value,AED
arzmash,ارزماش ـ‌ کانال لحظه ای قیمت ارز و طلا⏰,💰 نرخ‌های روز بازار ارز و طلا 💰 🇺🇸 دلار آمریکا: 162500 تومان 🇪🇺 یورو: 193520 تومان 🇨🇦 دلار کانادا: 119870 تومان 🇬🇧 پوند انگلیس: 222350 تومان 🇦🇪 درهم امارات: 45150 تومان 🇨🇳 یوآن چین: 23470 تومان 🇹🇷 لیر ترکیه: 3725 تومان 💎 نرخ سکه و طلا 💎 💰 س...,Dubai|UK,,,,,,,1658133.75,,,,,,,,,,,toman,"{""Dubai"": 1658133.75}",,,,old,56,100,regional_fx_board,2026-02-10T10:30:56+00:00,Dubai,1658133.75,single_value,AED
arzmash,ارزماش ـ‌ کانال لحظه ای قیمت ارز و طلا⏰,💰 نرخ‌های روز بازار ارز و طلا 💰 🇺🇸 دلار آمریکا: 162400 تومان 🇪🇺 یورو: 193520 تومان 🇨🇦 دلار کانادا: 119760 تومان 🇬🇧 پوند انگلیس: 221970 تومان 🇦🇪 درهم امارات: 45150 تومان 🇨🇳 یوآن چین: 23460 تومان 🇹🇷 لیر ترکیه: 3720 تومان 💎 نرخ سکه و طلا 💎 💰 س...,Dubai|UK,,,,,,,1658133.75,,,,,,,,,,,toman,"{""Dubai"": 1658133.75}",,,,old,56,100,regional_fx_board,2026-02-10T11:31:01+00:00,Dubai,1658133.75,single_value,AED
arzmash,ارزماش ـ‌ کانال لحظه ای قیمت ارز و طلا⏰,💰 نرخ‌های روز بازار ارز و طلا 💰 🇺🇸 دلار آمریکا: 161400 تومان 🇪🇺 یورو: 190830 تومان 🇨🇦 دلار کانادا: 118160 تومان 🇬🇧 پوند انگلیس: 219530 تومان 🇦🇪 درهم امارات: 44370 تومان 🇨🇳 یوآن چین: 23260 تومان 🇹🇷 لیر ترکیه: 3700 تومان 💎 نرخ سکه و طلا 💎 💰 س...,Dubai|UK,,,,,,,1629488.25,,,,,,,,,,,toman,"{""Dubai"": 1629488.25, ""UK"": 1688692.31}",,,,old,56,100,regional_fx_board,2026-02-09T10:00:17+00:00,UK,1688692.3076923077,single_value,GBP
arzmash,ارزماش ـ‌ کانال لحظه ای قیمت ارز و طلا⏰,💰 نرخ‌های روز بازار ارز و طلا 💰 🇺🇸 دلار آمریکا: 161200 تومان 🇪🇺 یورو: 190590 تومان 🇨🇦 دلار کانادا: 118010 تومان 🇬🇧 پوند انگلیس: 219260 تومان 🇦🇪 درهم امارات: 44310 تومان 🇨🇳 یوآن چین: 23230 تومان 🇹🇷 لیر ترکیه: 3695 تومان 💎 نرخ سکه و طلا 💎 💰 س...,Dubai|UK,,,,,,,1627284.75,,,,,,,,,,,toman,"{""Dubai"": 1627284.75, ""UK"": 1686615.38}",,,,old,56,100,regional_fx_board,2026-02-09T10:30:31+00:00,UK,1686615.3846153845,single_value,GBP
arzmash,ارزماش ـ‌ کانال لحظه ای قیمت ارز و طلا⏰,💰 نرخ‌های روز بازار ارز و طلا 💰 🇺🇸 دلار آمریکا: 161600 تومان 🇪🇺 یورو: 191620 تومان 🇨🇦 دلار کانادا: 118360 تومان 🇬🇧 پوند انگلیس: 219800 تومان 🇦🇪 درهم امارات: 44370 تومان 🇨🇳 یوآن چین: 23290 تومان 🇹🇷 لیر ترکیه: 3705 تومان 💎 نرخ سکه و طلا 💎 💰 س...,Dubai|UK,,,,,,,1629488.25,,,,,,,,,,,toman,"{""Dubai"": 1629488.25, ""UK"": 1690769.23}",,,,old,56,100,regional_fx_board,2026-02-09T11:00:35+00:00,UK,1690769.2307692308,single_value,GBP
arzmash,ارزماش ـ‌ کانال لحظه ای قیمت ارز و طلا⏰,💰 نرخ‌های روز بازار ارز و طلا 💰 🇺🇸 دلار آمریکا: 161200 تومان 🇪🇺 یورو: 191150 تومان 🇨🇦 دلار کانادا: 118060 تومان 🇬🇧 پوند انگلیس: 219260 تومان 🇦🇪 درهم امارات: 44450 تومان 🇨🇳 یوآن چین: 23230 تومان 🇹🇷 لیر ترکیه: 3695 تومان 💎 نرخ سکه و طلا 💎 💰 س...,Dubai|UK,,,,,,,1632426.25,,,,,,,,,,,toman,"{""Dubai"": 1632426.25, ""UK"": 1686615.38}",,,,old,56,100,regional_fx_board,2026-02-09T11:30:39+00:00,UK,1686615.3846153845,single_value,GBP
arzmash,ارزماش ـ‌ کانال لحظه ای قیمت ارز و طلا⏰,💰 نرخ‌های روز بازار ارز و طلا 💰 🇺🇸 دلار آمریکا: 161500 تومان 🇪🇺 یورو: 191510 تومان 🇨🇦 دلار کانادا: 118280 تومان 🇬🇧 پوند انگلیس: 219670 تومان 🇦🇪 درهم امارات: 44310 تومان 🇨🇳 یوآن چین: 23270 تومان 🇹🇷 لیر ترکیه: 3705 تومان 💎 نرخ سکه و طلا 💎 💰 س...,Dubai|UK,,,,,,,1627284.75,,,,,,,,,,,toman,"{""Dubai"": 1627284.75, ""UK"": 1689769.23}",,,,old,56,100,regional_fx_board,2026-02-09T12:00:43+00:00,UK,1689769.2307692308,single_value,GBP
arzmash,ارزماش ـ‌ کانال لحظه ای قیمت ارز و طلا⏰,💰 نرخ‌های روز بازار ارز و طلا 💰 🇺🇸 دلار آمریکا: 161300 تومان 🇪🇺 یورو: 191270 تومان 🇨🇦 دلار کانادا: 118140 تومان 🇬🇧 پوند انگلیس: 219400 تومان 🇦🇪 درهم امارات: 44340 تومان 🇨🇳 یوآن چین: 23250 تومان 🇹🇷 لیر ترکیه: 3700 تومان 💎 نرخ سکه و طلا 💎 💰 س...,Dubai|UK,,,,,,,1628386.50,,,,,,,,,,,toman,"{""Dubai"": 1628386.5, ""UK"": 1687692.31}",,,,old,56,100,regional_fx_board,2026-02-09T12:30:47+00:00,UK,1687692.3076923077,single_value,GBP
arzmash,ارزماش ـ‌ کانال لحظه ای قیمت ارز و طلا⏰,💰 نرخ‌های روز بازار ارز و طلا 💰 🇺🇸 دلار آمریکا: 161200 تومان 🇪🇺 یورو: 191150 تومان 🇨🇦 دلار کانادا: 118060 تومان 🇬🇧 پوند انگلیس: 219260 تومان 🇦🇪 درهم امارات: 44310 تومان 🇨🇳 یوآن چین: 23230 تومان 🇹🇷 لیر ترکیه: 3695 تومان 💎 نرخ سکه و طلا 💎 💰 س...,Dubai|UK,,,,,,,1627284.75,,,,,,,,,,,toman,"{""Dubai"": 1627284.75, ""UK"": 1686615.38}",,,,old,56,100,regional_fx_board,2026-02-09T13:30:53+00:00,UK,1686615.3846153845,single_value,GBP
arzmash,ارزماش ـ‌ کانال لحظه ای قیمت ارز و طلا⏰,💰 نرخ‌های روز بازار ارز و طلا 💰 🇺🇸 دلار آمریکا: 160500 تومان 🇪🇺 یورو: 190320 تومان 🇨🇦 دلار کانادا: 117550 تومان 🇬🇧 پوند انگلیس: 218310 تومان 🇦🇪 درهم امارات: 44260 تومان 🇨🇳 یوآن چین: 23130 تومان 🇹🇷 لیر ترکیه: 3680 تومان 💎 نرخ سکه و طلا 💎 💰 س...,Dubai|UK,,,,,,,1625448.50,,,,,,,,,,,toman,"{""Dubai"": 1625448.5, ""UK"": 1679307.69}",,,,old,56,100,regional_fx_board,2026-02-09T14:00:56+00:00,UK,1679307.6923076923,single_value,GBP
arzmash,ارزماش ـ‌ کانال لحظه ای قیمت ارز و طلا⏰,💰 نرخ‌های روز بازار ارز و طلا 💰 🇺🇸 دلار آمریکا: 160600 تومان 🇪🇺 یورو: 190440 تومان 🇨🇦 دلار کانادا: 117620 تومان 🇬🇧 پوند انگلیس: 218440 تومان 🇦🇪 درهم امارات: 44120 تومان 🇨🇳 یوآن چین: 23140 تومان 🇹🇷 لیر ترکیه: 3685 تومان 💎 نرخ سکه و طلا 💎 💰 س...,Dubai|UK,,,,,,,1620307.00,,,,,,,,,,,toman,"{""Dubai"": 1620307.0, ""UK"": 1680307.69}",,,,old,56,100,regional_fx_board,2026-02-09T15:01:02+00:00,UK,1680307.6923076923,single_value,GBP
arzmash,ارزماش ـ‌ کانال لحظه ای قیمت ارز و طلا⏰,💰 نرخ‌های روز بازار ارز و طلا 💰 🇺🇸 دلار آمریکا: 161000 تومان 🇪🇺 یورو: 190910 تومان 🇨🇦 دلار کانادا: 117920 تومان 🇬🇧 پوند انگلیس: 218990 تومان 🇦🇪 درهم امارات: 44260 تومان 🇨🇳 یوآن چین: 23200 تومان 🇹🇷 لیر ترکیه: 3695 تومان 💎 نرخ سکه و طلا 💎 💰 س...,Dubai|UK,,,,,,,1625448.50,,,,,,,,,,,toman,"{""Dubai"": 1625448.5, ""UK"": 1684538.46}",,,,old,56,100,regional_fx_board,2026-02-09T15:31:07+00:00,UK,1684538.4615384615,single_value,GBP
arzmash,ارزماش ـ‌ کانال لحظه ای قیمت ارز و طلا⏰,💰 نرخ‌های روز بازار ارز و طلا 💰 🇺🇸 دلار آمریکا: 161400 تومان 🇪🇺 یورو: 192090 تومان 🇨🇦 دلار کانادا: 118910 تومان 🇬🇧 پوند انگلیس: 220650 تومان 🇦🇪 درهم امارات: 44370 تومان 🇨🇳 یوآن چین: 23260 تومان 🇹🇷 لیر ترکیه: 3705 تومان 💎 نرخ سکه و طلا 💎 💰 س...,Dubai|UK,,,,,,,1629488.25,,,,,,,,,,,toman,"{""Dubai"": 1629488.25, ""UK"": 1697307.69}",,,,old,56,100,regional_fx_board,2026-02-09T17:01:18+00:00,UK,1697307.6923076923,single_value,GBP
arzmash,ارزماش ـ‌ کانال لحظه ای قیمت ارز و طلا⏰,💰 نرخ‌های روز بازار ارز و طلا 💰 🇺🇸 دلار آمریکا: 161700 تومان 🇪🇺 یورو: 192450 تومان 🇨🇦 دلار کانادا: 119130 تومان 🇬🇧 پوند انگلیس: 221060 تومان 🇦🇪 درهم امارات: 44390 تومان 🇨🇳 یوآن چین: 23300 تومان 🇹🇷 لیر ترکیه: 3710 تومان 💎 نرخ سکه و طلا 💎 💰 س...,Dubai|UK,,,,,,,1630222.75,,,,,,,,,,,toman,"{""Dubai"": 1630222.75, ""UK"": 1700461.54}",,,,old,56,100,regional_fx_board,2026-02-09T17:31:23+00:00,UK,1700461.5384615385,single_value,GBP
arzmash,ارزماش ـ‌ کانال لحظه ای قیمت ارز و طلا⏰,💰 نرخ‌های روز بازار ارز و طلا 💰 🇺🇸 دلار آمریکا: 161800 تومان 🇪🇺 یورو: 192570 تومان 🇨🇦 دلار کانادا: 119210 تومان 🇬🇧 پوند انگلیس: 221190 تومان 🇦🇪 درهم امارات: 44480 تومان 🇨🇳 یوآن چین: 23320 تومان 🇹🇷 لیر ترکیه: 3710 تومان 💎 نرخ سکه و طلا 💎 💰 س...,Dubai|UK,,,,,,,1633528.00,,,,,,,,,,,toman,"{""Dubai"": 1633528.0, ""UK"": 1701461.54}",,,,old,56,100,regional_fx_board,2026-02-09T18:01:27+00:00,UK,1701461.5384615385,single_value,GBP
arzmash,ارزماش ـ‌ کانال لحظه ای قیمت ارز و طلا⏰,💰 نرخ‌های روز بازار ارز و طلا 💰 🇺🇸 دلار آمریکا: 162500 تومان 🇪🇺 یورو: 193520 تومان 🇨🇦 دلار کانادا: 119870 تومان 🇬🇧 پوند انگلیس: 222350 تومان 🇦🇪 درهم امارات: 44610 تومان 🇨🇳 یوآن چین: 23470 تومان 🇹🇷 لیر ترکیه: 3725 تومان 💎 نرخ سکه و طلا 💎 💰 س...,Dubai|UK,,,,,,,1638302.25,,,,,,,,,,,toman,"{""Dubai"": 1638302.25, ""UK"": 1710384.62}",,,,old,56,100,regional_fx_board,2026-02-10T08:00:04+00:00,UK,1710384.6153846153,single_value,GBP
arzmash,ارزماش ـ‌ کانال لحظه ای قیمت ارز و طلا⏰,💰 نرخ‌های روز بازار ارز و طلا 💰 🇺🇸 دلار آمریکا: 162400 تومان 🇪🇺 یورو: 193410 تومان 🇨🇦 دلار کانادا: 119790 تومان 🇬🇧 پوند انگلیس: 222210 تومان 🇦🇪 درهم امارات: 45000 تومان 🇨🇳 یوآن چین: 23460 تومان 🇹🇷 لیر ترکیه: 3725 تومان 💎 نرخ سکه و طلا 💎 💰 س...,Dubai|UK,,,,,,,1652625.00,,,,,,,,,,,toman,"{""Dubai"": 1652625.0, ""UK"": 1709307.69}",,,,old,56,100,regional_fx_board,2026-02-10T09:00:10+00:00,UK,1709307.6923076923,single_value,GBP
arzmash,ارزماش ـ‌ کانال لحظه ای قیمت ارز و طلا⏰,💰 نرخ‌های روز بازار ارز و طلا 💰 🇺🇸 دلار آمریکا: 162200 تومان 🇪🇺 یورو: 193170 تومان 🇨🇦 دلار کانادا: 119650 تومان 🇬🇧 پوند انگلیس: 221940 تومان 🇦🇪 درهم امارات: 45100 تومان 🇨🇳 یوآن چین: 23430 تومان 🇹🇷 لیر ترکیه: 3720 تومان 💎 نرخ سکه و طلا 💎 💰 س...,Dubai|UK,,,,,,,1656297.50,,,,,,,,,,,toman,"{""Dubai"": 1656297.5, ""UK"": 1707230.77}",,,,old,56,100,regional_fx_board,2026-02-10T09:30:21+00:00,UK,1707230.7692307692,single_value,GBP
arzmash,ارزماش ـ‌ کانال لحظه ای قیمت ارز و طلا⏰,💰 نرخ‌های روز بازار ارز و طلا 💰 🇺🇸 دلار آمریکا: 162100 تومان 🇪🇺 یورو: 193050 تومان 🇨🇦 دلار کانادا: 119570 تومان 🇬🇧 پوند انگلیس: 221800 تومان 🇦🇪 درهم امارات: 45100 تومان 🇨🇳 یوآن چین: 23420 تومان 🇹🇷 لیر ترکیه: 3715 تومان 💎 نرخ سکه و طلا 💎 💰 س...,Dubai|UK,,,,,,,1656297.50,,,,,,,,,,,toman,"{""Dubai"": 1656297.5, ""UK"": 1706153.85}",,,,old,56,100,regional_fx_board,2026-02-10T10:00:25+00:00,UK,1706153.846153846,single_value,GBP
arzmash,ارزماش ـ‌ کانال لحظه ای قیمت ارز و طلا⏰,💰 نرخ‌های روز بازار ارز و طلا 💰 🇺🇸 دلار آمریکا: 162500 تومان 🇪🇺 یورو: 193520 تومان 🇨🇦 دلار کانادا: 119870 تومان 🇬🇧 پوند انگلیس: 222350 تومان 🇦🇪 درهم امارات: 45150 تومان 🇨🇳 یوآن چین: 23470 تومان 🇹🇷 لیر ترکیه: 3725 تومان 💎 نرخ سکه و طلا 💎 💰 س...,Dubai|UK,,,,,,,1658133.75,,,,,,,,,,,toman,"{""Dubai"": 1658133.75, ""UK"": 1710384.62}",,,,old,56,100,regional_fx_board,2026-02-10T10:30:56+00:00,UK,1710384.6153846153,single_value,GBP
arzmash,ارزماش ـ‌ کانال لحظه ای قیمت ارز و طلا⏰,💰 نرخ‌های روز بازار ارز و طلا 💰 🇺🇸 دلار آمریکا: 162400 تومان 🇪🇺 یورو: 193520 تومان 🇨🇦 دلار کانادا: 119760 تومان 🇬🇧 پوند انگلیس: 221970 تومان 🇦🇪 درهم امارات: 45150 تومان 🇨🇳 یوآن چین: 23460 تومان 🇹🇷 لیر ترکیه: 3720 تومان 💎 نرخ سکه و طلا 💎 💰 س...,Dubai|UK,,,,,,,1658133.75,,,,,,,,,,,toman,"{""Dubai"": 1658133.75, ""UK"": 1707461.54}",,,,old,56,100,regional_fx_board,2026-02-10T11:31:01+00:00,UK,1707461.5384615385,single_value,GBP
borsakurdstan,بۆرسەی کوردستان,"اربيل 158,850 فروشرا سور ✅",Erbil,,,,1588500.00,,,,,,,,,,,,,,toman,"{""Erbil"": 1588500.0}",,158850,,fresh,56,30,regional_market_channel,2026-10-04T15:19:09+00:00,Erbil,1588500.0,sell,USD
citaimmobilienimmobiliensuche,گروه مشاورین املاک سیتا - فرانکفورت آلمان,🇮🇷 فارسی: 🏡 فرصت استثنایی خرید خانه در آلمان – Maintal یک آپارتمان ۴ اتاقه بسیار شیک با بالکن، فوراً قابل سکونت، با شرایط عالی در Maintal به فروش می‌رسد! ✔️ متراژ: ۹۵ متر مربع ✔️ ۴ اتاق ✔️ دو سرویس بهداشتی ✔️ آشپزخانه مجهز ✔️ منظره باز و طب...,Germany,,,,,,,,,,,2490000.00,,,,,,,toman,"{""Germany"": 2490000.0}",249000,,,old,56,100,regional_market_channel,2025-04-23T08:01:27+00:00,Germany,2490000.0,single_value,USD
turan_ex,صرافی🇹🇷توران🇮🇷ازمیر - TURAN Exchange,"هرات فردایی ⏳ 262,600 فروش 🔴",Herat,,2626000.00,,,,,,,,,,,,,,,,toman,"{""Herat"": 2626000.0}",,262600,,recent,55,40,exchange_shop,2026-10-03T09:08:47+00:00,Herat,2626000.0,sell,USD
as_plus_shopping,دخانیات آس,"🔸 دلار آمریکا : 254,500 🔸 دلار کانادا : 179,250 🔸 یورو : 288,370 🔸 پوند انگلیس : 336,560 🔸 درهم امارات : 69,870 🔸 یوآن چین : 37,970 🔸 لیر ترکیه : 5,190 🔸 سکه امامی : 259,000,000 🔸 نیم سکه : 134,000,000 🔸 ربع سکه : 73,000,000 🔸 گرم طلای 18 :...",Dubai|UK,,,,,,,2565975.75,,,,,,,,,,,toman,"{""Dubai"": 2565975.75}",,,,stale,54,100,regional_fx_board,2026-09-30T08:54:05+00:00,Dubai,2565975.75,single_value,AED
as_plus_shopping,دخانیات آس,"🔸 دلار آمریکا : 258,000 🔸 دلار کانادا : 181,080 🔸 یورو : 292,100 🔸 پوند انگلیس : 341,870 🔸 درهم امارات : 70,700 🔸 یوآن چین : 38,480 🔸 لیر ترکیه : 5,260 🔸 سکه امامی : 260,000,000 🔸 نیم سکه : 135,000,000 🔸 ربع سکه : 73,000,000 🔸 گرم طلای 18 :...",Dubai|UK,,,,,,,2596457.50,,,,,,,,,,,toman,"{""Dubai"": 2596457.5}",,,,stale,54,100,regional_fx_board,2026-10-01T09:28:13+00:00,Dubai,2596457.5,single_value,AED
as_plus_shopping,دخانیات آس,"🔸 دلار آمریکا : 254,500 🔸 دلار کانادا : 179,250 🔸 یورو : 288,370 🔸 پوند انگلیس : 336,560 🔸 درهم امارات : 69,870 🔸 یوآن چین : 37,970 🔸 لیر ترکیه : 5,190 🔸 سکه امامی : 259,000,000 🔸 نیم سکه : 134,000,000 🔸 ربع سکه : 73,000,000 🔸 گرم طلای 18 :...",Dubai|UK,,,,,,,2565975.75,,,,,,,,,,,toman,"{""Dubai"": 2565975.75, ""UK"": 2588923.08}",,,,stale,54,100,regional_fx_board,2026-09-30T08:54:05+00:00,UK,2588923.076923077,single_value,GBP
as_plus_shopping,دخانیات آس,"🔸 دلار آمریکا : 258,000 🔸 دلار کانادا : 181,080 🔸 یورو : 292,100 🔸 پوند انگلیس : 341,870 🔸 درهم امارات : 70,700 🔸 یوآن چین : 38,480 🔸 لیر ترکیه : 5,260 🔸 سکه امامی : 260,000,000 🔸 نیم سکه : 135,000,000 🔸 ربع سکه : 73,000,000 🔸 گرم طلای 18 :...",Dubai|UK,,,,,,,2596457.50,,,,,,,,,,,toman,"{""Dubai"": 2596457.5, ""UK"": 2629769.23}",,,,stale,54,100,regional_fx_board,2026-10-01T09:28:13+00:00,UK,2629769.2307692305,single_value,GBP
dollariraqi,سعر الدولار في العراق لحظة بلحظة بورصة الكفاح و الحارثية $,🟢 آخر أسعار الدولار في البورصات المحلية 🕰 🔺 🔺 ⚡️ : 🏛️ سموأل 1563.50 | 1564.00 🏛️ كفاح 1563.00 | 1563.50 🏛️ حارثية 1562.00 | 1562.50 🏛️ البصرة 1560.00 | 1561.00 🏛️ أربيل 1566.50 | 1567.00 🏛️ سليمانية 1567.50 | 1568.00 🏛️ دهوك 1566.50 | 1567....,Sulaymaniyah,,,1563500.00,,,,,,,,,,,,,,,toman,"{""Sulaymaniyah"": 1563500.0}",156250,156450,156350.00,stale,54,100,regional_fx_board,2026-09-28T10:32:30+00:00,Sulaymaniyah,1563500.0,midpoint,USD
dollariraqi,سعر الدولار في العراق لحظة بلحظة بورصة الكفاح و الحارثية $,🟢 آخر أسعار الدولار في البورصات المحلية 🕰 🔒 🔒 ⚡️ : 🏛️ سموأل 1569.00 | 1570.00 🏛️ كفاح 1568.00 | 1569.00 🏛️ حارثية 1569.50 | 1570.00 🏛️ البصرة 1569.50 | 1570.00 🏛️ أربيل 1572.00 | 1572.50 🏛️ سليمانية 1570.50 | 1571.00 🏛️ دهوك 1570.50 | 1571....,Sulaymaniyah,,,1570500.00,,,,,,,,,,,,,,,toman,"{""Sulaymaniyah"": 1570500.0}",157000,157100,157050.00,stale,54,100,regional_fx_board,2026-09-28T15:23:22+00:00,Sulaymaniyah,1570500.0,midpoint,USD
dollariraqi,سعر الدولار في العراق لحظة بلحظة بورصة الكفاح و الحارثية $,🟢 آخر أسعار الدولار في البورصات المحلية 🕰 🔺 🔺 ⚡️ : 🏛️ سموأل 1575.00 | 1576.00 🏛️ كفاح 1576.00 | 1576.00 🏛️ حارثية 1574.50 | 1575.00 🏛️ البصرة 1570.00 | 1571.00 🏛️ أربيل 1579.00 | 1579.50 🏛️ سليمانية 1579.00 | 1579.50 🏛️ دهوك 1578.50 | 1578....,Sulaymaniyah,,,1577000.00,,,,,,,,,,,,,,,toman,"{""Sulaymaniyah"": 1577000.0}",157600,157800,157700.00,stale,54,100,regional_fx_board,2026-09-29T08:10:40+00:00,Sulaymaniyah,1577000.0,midpoint,USD
dollariraqi,سعر الدولار في العراق لحظة بلحظة بورصة الكفاح و الحارثية $,🟢 آخر أسعار الدولار في البورصات المحلية 🕰 🔺 🔻 ⚡️ : 🏛️ سموأل 1571.50 | 1571.50 🏛️ كفاح 1570.50 | 1571.00 🏛️ حارثية 1571.00 | 1571.00 🏛️ البصرة 1568.50 | 1568.50 🏛️ أربيل 1572.50 | 1573.00 🏛️ سليمانية 1573.00 | 1574.00 🏛️ دهوك 1572.50 | 1573....,Sulaymaniyah,,,1570000.00,,,,,,,,,,,,,,,toman,"{""Sulaymaniyah"": 1570000.0}",156900,157100,157000.00,stale,54,100,regional_fx_board,2026-09-29T11:33:07+00:00,Sulaymaniyah,1570000.0,midpoint,USD
dollariraqi,سعر الدولار في العراق لحظة بلحظة بورصة الكفاح و الحارثية $,🟢 آخر أسعار الدولار في البورصات المحلية 🕰 🔺 🔻 ⚡️ : 🏛️ سموأل 1572.50 | 1572.50 🏛️ كفاح 1572.00 | 1572.50 🏛️ حارثية 1572.00 | 1572.50 🏛️ البصرة 1570.00 | 1570.00 🏛️ أربيل 1573.50 | 1574.00 🏛️ سليمانية 1574.50 | 1575.00 🏛️ دهوك 1574.00 | 1574....,Sulaymaniyah,,,1572500.00,,,,,,,,,,,,,,,toman,"{""Sulaymaniyah"": 1572500.0}",157150,157350,157250.00,stale,54,100,regional_fx_board,2026-09-30T10:14:33+00:00,Sulaymaniyah,1572500.0,midpoint,USD
dollariraqi,سعر الدولار في العراق لحظة بلحظة بورصة الكفاح و الحارثية $,🟢 آخر أسعار الدولار في البورصات المحلية 🕰 🔺 🔻 ⚡️ : 🏛️ سموأل 1571.50 | 1571.50 🏛️ كفاح 1571.50 | 1572.00 🏛️ حارثية 1571.50 | 1572.00 🏛️ البصرة 1569.00 | 1569.50 🏛️ أربيل 1572.50 | 1573.00 🏛️ سليمانية 1573.50 | 1574.00 🏛️ دهوك 1573.00 | 1573....,Sulaymaniyah,,,1571500.00,,,,,,,,,,,,,,,toman,"{""Sulaymaniyah"": 1571500.0}",157050,157250,157150.00,stale,54,100,regional_fx_board,2026-09-30T10:43:46+00:00,Sulaymaniyah,1571500.0,midpoint,USD
dollariraqi,سعر الدولار في العراق لحظة بلحظة بورصة الكفاح و الحارثية $,🟢 آخر أسعار الدولار في البورصات المحلية 🕰 🔺 🔻 ⚡️ : 🏛️ سموأل 1570.00 | 1570.00 🏛️ كفاح 1569.00 | 1569.50 🏛️ حارثية 1568.50 | 1569.00 🏛️ البصرة 1569.00 | 1569.00 🏛️ أربيل 1570.00 | 1570.50 🏛️ سليمانية 1571.00 | 1571.50 🏛️ دهوك 1570.50 | 1571....,Sulaymaniyah,,,1569750.00,,,,,,,,,,,,,,,toman,"{""Sulaymaniyah"": 1569750.0}",156875,157075,156975.00,stale,54,100,regional_fx_board,2026-09-30T12:23:33+00:00,Sulaymaniyah,1569750.0,midpoint,USD
dollariraqi,سعر الدولار في العراق لحظة بلحظة بورصة الكفاح و الحارثية $,"🟢 آخر أسعار الدولار في البورصات المحلية 🕰 🔺 🔻 ⚡️ : 🏛️ سموأل 1569.00 | 1569.00 🏛️ كفاح 1569.00 | 1569.50 🏛️ حارثية 1570.00 | 1570.00 🏛️ البصرة 1567.50 | 1568.00 🏛️ أربيل 1571.50 | 1572.00 🏛️ سليمانية 1571.50 | 1572.50 🏛️ الموصل 156,950 | 157...",Sulaymaniyah,,,1570500.00,,,,,,,,,,,,,,,toman,"{""Sulaymaniyah"": 1570500.0}",156950,157150,157050.00,stale,54,100,regional_fx_board,2026-10-01T08:01:43+00:00,Sulaymaniyah,1570500.0,midpoint,USD
dollariraqi,سعر الدولار في العراق لحظة بلحظة بورصة الكفاح و الحارثية $,🟢 آخر أسعار الدولار في البورصات المحلية 🕰 🔺 🔺 ⚡️ : 🏛️ سموأل 1572.00 | 1572.50 🏛️ كفاح 1572.00 | 1572.00 🏛️ حارثية 1571.50 | 1572.00 🏛️ البصرة 1570.00 | 1570.00 🏛️ أربيل 1573.50 | 1574.00 🏛️ سليمانية 1574.00 | 1574.50 🏛️ دهوك 1574.00 | 1574....,Sulaymaniyah,,,1572500.00,,,,,,,,,,,,,,,toman,"{""Sulaymaniyah"": 1572500.0}",157150,157350,157250.00,stale,54,100,regional_fx_board,2026-10-01T09:28:27+00:00,Sulaymaniyah,1572500.0,midpoint,USD
dollariraqi,سعر الدولار في العراق لحظة بلحظة بورصة الكفاح و الحارثية $,"🟢 آخر أسعار الدولار في البورصات المحلية 🕰 🔺 🔻 ⚡️ : 🏛️ سموأل 157,200 | 157,200 🏛️ كفاح 157,100 | 157,100 🏛️ حارثية 157,050 | 157,100 🏛️ الموصل 157,000 | 157,200 🏛️ صلاح الدين 156,950 | 157,200 🏛️ النجف 157,000 | 157,200 🏛️ كربلاء 157,000 | 1...",Sulaymaniyah,,,1572750.00,,,,,,,,,,,,,,,toman,"{""Sulaymaniyah"": 1572750.0}",157250,157300,157200.00,stale,54,100,regional_fx_board,2026-10-01T10:58:09+00:00,Sulaymaniyah,1572750.0,midpoint,USD
sarafionline7groupuk,Nerkh Sarafi Online 7 Group Uk,". ⭕️ قیمت ارزهای آزاد | پنجشنبه 9 مهر 1405 - 13:40 🇺🇸 دلار : 2,583,050 ریال 🇪🇺 یورو : 2,917,200 ریال 🇬🇧 پوند انگلیس : 3,415,400 ریال 🇦🇪 درهم امارات : 707,420 ریال 🇹🇷 لیر ترکیه : 53,300 ریال 🇨🇭 فرانک سوئیس : 3,092,200 ریال 🇩🇰 کرون دانمارک : ...",Armenia|Dubai|Iraq|Qatar|Turkey|UK,,,,,,2223070.00,2597999.95,,,,,,,,2583672.00,,2753400.00,rial,"{""Armenia"": 2753400.0, ""Dubai"": 2597999.95, ""Iraq"": 2223070.0, ""Qatar"": 2583672.0, ""Turkey"": 2408094.0, ""UK"": 2627230.77}",,,,stale,54,100,regional_fx_board,2026-10-01T10:19:44+00:00,Armenia,2753400.0,single_value,AMD
sarafionline7groupuk,Nerkh Sarafi Online 7 Group Uk,". ⭕️ قیمت ارزهای آزاد | پنجشنبه 9 مهر 1405 - 13:40 🇺🇸 دلار : 2,583,050 ریال 🇪🇺 یورو : 2,917,200 ریال 🇬🇧 پوند انگلیس : 3,415,400 ریال 🇦🇪 درهم امارات : 707,420 ریال 🇹🇷 لیر ترکیه : 53,300 ریال 🇨🇭 فرانک سوئیس : 3,092,200 ریال 🇩🇰 کرون دانمارک : ...",Armenia|Dubai|Iraq|Qatar|Turkey|UK,,,,,,2223070.00,2597999.95,,,,,,,,,,,rial,"{""Dubai"": 2597999.95, ""Iraq"": 2223070.0}",,,,stale,54,100,regional_fx_board,2026-10-01T10:19:44+00:00,Dubai,2597999.9499999997,single_value,AED
sarafionline7groupuk,Nerkh Sarafi Online 7 Group Uk,". ⭕️ قیمت ارزهای آزاد | پنجشنبه 9 مهر 1405 - 13:40 🇺🇸 دلار : 2,583,050 ریال 🇪🇺 یورو : 2,917,200 ریال 🇬🇧 پوند انگلیس : 3,415,400 ریال 🇦🇪 درهم امارات : 707,420 ریال 🇹🇷 لیر ترکیه : 53,300 ریال 🇨🇭 فرانک سوئیس : 3,092,200 ریال 🇩🇰 کرون دانمارک : ...",Armenia|Dubai|Iraq|Qatar|Turkey|UK,,,,,,2223070.00,,,,,,,,,,,,rial,"{""Iraq"": 2223070.0}",,,,stale,54,100,regional_fx_board,2026-10-01T10:19:44+00:00,Iraq,2223070.0,single_value,IQD
sarafionline7groupuk,Nerkh Sarafi Online 7 Group Uk,". ⭕️ قیمت ارزهای آزاد | پنجشنبه 9 مهر 1405 - 13:40 🇺🇸 دلار : 2,583,050 ریال 🇪🇺 یورو : 2,917,200 ریال 🇬🇧 پوند انگلیس : 3,415,400 ریال 🇦🇪 درهم امارات : 707,420 ریال 🇹🇷 لیر ترکیه : 53,300 ریال 🇨🇭 فرانک سوئیس : 3,092,200 ریال 🇩🇰 کرون دانمارک : ...",Armenia|Dubai|Iraq|Qatar|Turkey|UK,,,,,,2223070.00,2597999.95,,,,,,,,2583672.00,,,rial,"{""Dubai"": 2597999.95, ""Iraq"": 2223070.0, ""Qatar"": 2583672.0, ""Turkey"": 2408094.0, ""UK"": 2627230.77}",,,,stale,54,100,regional_fx_board,2026-10-01T10:19:44+00:00,Qatar,2583672.0,single_value,QAR
sarafionline7groupuk,Nerkh Sarafi Online 7 Group Uk,". ⭕️ قیمت ارزهای آزاد | پنجشنبه 9 مهر 1405 - 13:40 🇺🇸 دلار : 2,583,050 ریال 🇪🇺 یورو : 2,917,200 ریال 🇬🇧 پوند انگلیس : 3,415,400 ریال 🇦🇪 درهم امارات : 707,420 ریال 🇹🇷 لیر ترکیه : 53,300 ریال 🇨🇭 فرانک سوئیس : 3,092,200 ریال 🇩🇰 کرون دانمارک : ...",Armenia|Dubai|Iraq|Qatar|Turkey|UK,,,,,,2223070.00,2597999.95,,,,,,,,,,,rial,"{""Dubai"": 2597999.95, ""Iraq"": 2223070.0, ""Turkey"": 2408094.0}",,,,stale,54,100,regional_fx_board,2026-10-01T10:19:44+00:00,Turkey,2408094.0,single_value,TRY
sarafionline7groupuk,Nerkh Sarafi Online 7 Group Uk,". ⭕️ قیمت ارزهای آزاد | پنجشنبه 9 مهر 1405 - 13:40 🇺🇸 دلار : 2,583,050 ریال 🇪🇺 یورو : 2,917,200 ریال 🇬🇧 پوند انگلیس : 3,415,400 ریال 🇦🇪 درهم امارات : 707,420 ریال 🇹🇷 لیر ترکیه : 53,300 ریال 🇨🇭 فرانک سوئیس : 3,092,200 ریال 🇩🇰 کرون دانمارک : ...",Armenia|Dubai|Iraq|Qatar|Turkey|UK,,,,,,2223070.00,2597999.95,,,,,,,,,,,rial,"{""Dubai"": 2597999.95, ""Iraq"": 2223070.0, ""Turkey"": 2408094.0, ""UK"": 2627230.77}",,,,stale,54,100,regional_fx_board,2026-10-01T10:19:44+00:00,UK,2627230.769230769,single_value,GBP
sarafionlineuk,Sarafi Online 7 Seven Uk,". ⭕️ قیمت ارزهای آزاد | پنجشنبه 9 مهر 1405 - 13:40 🇺🇸 دلار : 2,583,050 ریال 🇪🇺 یورو : 2,917,200 ریال 🇬🇧 پوند انگلیس : 3,415,400 ریال 🇦🇪 درهم امارات : 707,420 ریال 🇹🇷 لیر ترکیه : 53,300 ریال 🇨🇭 فرانک سوئیس : 3,092,200 ریال 🇩🇰 کرون دانمارک : ...",Armenia|Dubai|Iraq|Qatar|Turkey|UK,,,,,,2223070.00,2597999.95,,,,,,,,2583672.00,,2753400.00,rial,"{""Armenia"": 2753400.0, ""Dubai"": 2597999.95, ""Iraq"": 2223070.0, ""Qatar"": 2583672.0, ""Turkey"": 2408094.0, ""UK"": 2627230.77}",,,,stale,54,100,regional_fx_board,2026-10-01T10:26:33+00:00,Armenia,2753400.0,single_value,AMD
sarafionlineuk,Sarafi Online 7 Seven Uk,". ⭕️ قیمت ارزهای آزاد | پنجشنبه 9 مهر 1405 - 13:40 🇺🇸 دلار : 2,583,050 ریال 🇪🇺 یورو : 2,917,200 ریال 🇬🇧 پوند انگلیس : 3,415,400 ریال 🇦🇪 درهم امارات : 707,420 ریال 🇹🇷 لیر ترکیه : 53,300 ریال 🇨🇭 فرانک سوئیس : 3,092,200 ریال 🇩🇰 کرون دانمارک : ...",Armenia|Dubai|Iraq|Qatar|Turkey|UK,,,,,,2223070.00,2597999.95,,,,,,,,,,,rial,"{""Dubai"": 2597999.95, ""Iraq"": 2223070.0}",,,,stale,54,100,regional_fx_board,2026-10-01T10:26:33+00:00,Dubai,2597999.9499999997,single_value,AED
sarafionlineuk,Sarafi Online 7 Seven Uk,". ⭕️ قیمت ارزهای آزاد | پنجشنبه 9 مهر 1405 - 13:40 🇺🇸 دلار : 2,583,050 ریال 🇪🇺 یورو : 2,917,200 ریال 🇬🇧 پوند انگلیس : 3,415,400 ریال 🇦🇪 درهم امارات : 707,420 ریال 🇹🇷 لیر ترکیه : 53,300 ریال 🇨🇭 فرانک سوئیس : 3,092,200 ریال 🇩🇰 کرون دانمارک : ...",Armenia|Dubai|Iraq|Qatar|Turkey|UK,,,,,,2223070.00,,,,,,,,,,,,rial,"{""Iraq"": 2223070.0}",,,,stale,54,100,regional_fx_board,2026-10-01T10:26:33+00:00,Iraq,2223070.0,single_value,IQD
sarafionlineuk,Sarafi Online 7 Seven Uk,". ⭕️ قیمت ارزهای آزاد | پنجشنبه 9 مهر 1405 - 13:40 🇺🇸 دلار : 2,583,050 ریال 🇪🇺 یورو : 2,917,200 ریال 🇬🇧 پوند انگلیس : 3,415,400 ریال 🇦🇪 درهم امارات : 707,420 ریال 🇹🇷 لیر ترکیه : 53,300 ریال 🇨🇭 فرانک سوئیس : 3,092,200 ریال 🇩🇰 کرون دانمارک : ...",Armenia|Dubai|Iraq|Qatar|Turkey|UK,,,,,,2223070.00,2597999.95,,,,,,,,2583672.00,,,rial,"{""Dubai"": 2597999.95, ""Iraq"": 2223070.0, ""Qatar"": 2583672.0, ""Turkey"": 2408094.0, ""UK"": 2627230.77}",,,,stale,54,100,regional_fx_board,2026-10-01T10:26:33+00:00,Qatar,2583672.0,single_value,QAR
sarafionlineuk,Sarafi Online 7 Seven Uk,". ⭕️ قیمت ارزهای آزاد | پنجشنبه 9 مهر 1405 - 13:40 🇺🇸 دلار : 2,583,050 ریال 🇪🇺 یورو : 2,917,200 ریال 🇬🇧 پوند انگلیس : 3,415,400 ریال 🇦🇪 درهم امارات : 707,420 ریال 🇹🇷 لیر ترکیه : 53,300 ریال 🇨🇭 فرانک سوئیس : 3,092,200 ریال 🇩🇰 کرون دانمارک : ...",Armenia|Dubai|Iraq|Qatar|Turkey|UK,,,,,,2223070.00,2597999.95,,,,,,,,,,,rial,"{""Dubai"": 2597999.95, ""Iraq"": 2223070.0, ""Turkey"": 2408094.0}",,,,stale,54,100,regional_fx_board,2026-10-01T10:26:33+00:00,Turkey,2408094.0,single_value,TRY
sarafionlineuk,Sarafi Online 7 Seven Uk,". ⭕️ قیمت ارزهای آزاد | پنجشنبه 9 مهر 1405 - 13:40 🇺🇸 دلار : 2,583,050 ریال 🇪🇺 یورو : 2,917,200 ریال 🇬🇧 پوند انگلیس : 3,415,400 ریال 🇦🇪 درهم امارات : 707,420 ریال 🇹🇷 لیر ترکیه : 53,300 ریال 🇨🇭 فرانک سوئیس : 3,092,200 ریال 🇩🇰 کرون دانمارک : ...",Armenia|Dubai|Iraq|Qatar|Turkey|UK,,,,,,2223070.00,2597999.95,,,,,,,,,,,rial,"{""Dubai"": 2597999.95, ""Iraq"": 2223070.0, ""Turkey"": 2408094.0, ""UK"": 2627230.77}",,,,stale,54,100,regional_fx_board,2026-10-01T10:26:33+00:00,UK,2627230.769230769,single_value,GBP
ameryex,عامري كاش للحوالات المالية,يمكنك الاستعلام عن حوالتك المرسلة و الغير مستلمة عبر التواصل عبر الارقام التالية ☎️ : 01683555 - 01684370 - 01684371 او الرقم المجاني : 8000085 او زيارة اقرب فرع من فروع شركة احمد العامري للصرافة والتحويلات. عامري_كاش_الاقرب_اليك .,Qom,,,,,,,,,,,,,,,,,,rial,"{""Qom"": 1683962.5}",1683555,1684370,1683962.50,old,53,20,aggregator,2023-02-06T22:02:55+00:00,Qom,1683962.5,midpoint,USD
eghtesadtejarat,اقتصادتجارت,"🌐 مظنه بازار 1405/07/07 سه شنبه دلار آمریکا 252,800 یورو 286,700 پوند انگلیس 334,250 درهم امارات 68,600 انس طلا 4.143 سکه گرمی 37.000.000 مثقال طلا 108.070.000 یک گرم طلا 18 عیار 24,950,000 سکه طرح امامی 253,500,000 سکه بهار آزادی 245,700,0...",UK,,,,,,,,,,,,,,,,,,toman,"{""UK"": 2571153.85}",,,,stale,53,100,regional_fx_board,2026-09-29T12:02:14+00:00,UK,2571153.846153846,single_value,GBP
aghohmpeq1,💱تحلیل آبشده نقدی دلار هرات💱,هدف دلار هرات فقط خریدار باشید 161200 ✅ 161300 ✅ 161500 ✅,Herat,,1612000.00,,,,,,,,,,,,,,,,toman,"{""Herat"": 1612000.0}",161200,,,old,52,35,aggregator,2026-02-17T14:25:45+00:00,Herat,1612000.0,buy,USD
ahanborhanii,🟨⬜ آهن برهانی ⬜🟨,"📍 دلار تهران = 254,500 📍 تتر (تومان) = 254,650",Tehran,2545000.00,,,,,,,,,,,,,,,,,toman,"{""Tehran"": 2545000.0}",,,,stale,51,100,regional_fx_board,2026-09-30T07:53:57+00:00,Tehran,2545000.0,single_value,USD
ahanborhanii,🟨⬜ آهن برهانی ⬜🟨,"📍 دلار تهران = 255,400 📍 تتر (تومان) = 252,503",Tehran,2554000.00,,,,,,,,,,,,,,,,,toman,"{""Tehran"": 2554000.0}",,,,stale,51,100,regional_fx_board,2026-10-01T06:59:45+00:00,Tehran,2554000.0,single_value,USD
ahanborhanii,🟨⬜ آهن برهانی ⬜🟨,"📍 دلار تهران = 258,800 📍 تتر (تومان) = 257,780",Tehran,2588000.00,,,,,,,,,,,,,,,,,toman,"{""Tehran"": 2588000.0}",,,,stale,51,100,regional_fx_board,2026-10-01T10:05:59+00:00,Tehran,2588000.0,single_value,USD
arzchande,ارز چنده؟ | Bonbast | بن بست,قیمت طلا 💰 هر اونس طلا : 0 دلار 🔻 کاهش: 1815 دلار 💰 یک مثقال طلای 17 عیار : 0 تومان 🔻 کاهش: 9733000 تومان 💰 یک گرم طلای 18 عیار : 0 تومان 🔻 کاهش: 2246871 تومان 💰 سکه تمام بهار آزادی : 0 تومان 🔻 کاهش: 24600000 تومان 💰 نیم سکه بهار آزادی : 0 ...,Armenia|Turkey,,,,,,,,,,,,,,,,,4641000.00,toman,"{""Armenia"": 4641000.0, ""Turkey"": 4766490.0}",,,,old,50,100,regional_fx_board,2025-01-28T16:37:10+00:00,Armenia,4641000.0,single_value,AMD
arzchande,ارز چنده؟ | Bonbast | بن بست,قیمت طلا 💰 هر اونس طلا : 0 دلار 🔻 کاهش: 1815 دلار 💰 یک مثقال طلای 17 عیار : 0 تومان 🔻 کاهش: 9733000 تومان 💰 یک گرم طلای 18 عیار : 0 تومان 🔻 کاهش: 2246871 تومان 💰 سکه تمام بهار آزادی : 0 تومان 🔻 کاهش: 24600000 تومان 💰 نیم سکه بهار آزادی : 0 ...,Armenia|Turkey,,,,,,,,,,,,,,,,,,toman,"{""Turkey"": 4766490.0}",,,,old,50,100,regional_fx_board,2025-01-28T16:37:10+00:00,Turkey,4766490.0,single_value,TRY
avatodaydollar,Avatoday Dollar exchange آواتودی دلار,"💸 دلار فردایی تهران 💵 191,500 خـرید 💸 💸 دلار فردایی تهران 💵 191,550 فروش 💵 💸 دلار فردایی تهران 💵 191,500 معامله ✅ 🆔 @avatodaydollar",Tehran,1915000.00,,,,,,,,,,,,,,,,,toman,"{""Tehran"": 1915000.0}",,191550,,old,50,45,regional_market_channel,2026-07-19T19:44:07+00:00,Tehran,1915000.0,single_value,USD
avatodaydollar,Avatoday Dollar exchange آواتودی دلار,"💸 دلار فردایی تهران 💵 193,200 خـرید 💸 💸 دلار فردایی تهران 💵 193,250 فروش 💵 💸 دلار فردایی تهران 💵 193,250 معامله ✅ 🆔 @avatodaydollar",Tehran,1932000.00,,,,,,,,,,,,,,,,,toman,"{""Tehran"": 1932000.0}",,193250,,old,50,45,regional_market_channel,2026-07-22T23:14:50+00:00,Tehran,1932000.0,single_value,USD
avatodaydollar,Avatoday Dollar exchange آواتودی دلار,"💸 دلار فردایی تهران 💵 193,300 خـرید 💸 💸 دلار فردایی تهران 💵 193,350 فروش 💵 💸 دلار فردایی تهران 💵 193,300 معامله ✅ 🆔 @avatodaydollar",Tehran,1933000.00,,,,,,,,,,,,,,,,,toman,"{""Tehran"": 1933000.0}",,193350,,old,50,45,regional_market_channel,2026-07-24T14:14:37+00:00,Tehran,1933000.0,single_value,USD
bourseengineering1,مهندسی بورس,"#قاسم در ۵۵۲۱۰ مناسب خرید ⭐️
#قاسم گزارش فعالیت ماهانه #دوره_1_ماهه منتهی به 1398/12/29 ▪️ شرکت قاسم ایران در دوره 1 ماهه منتهی به اسفند 1398از محل فروش و یا ارائه خدمات خود مبلغ 3,528,543 میلیون ریال درآمد محقق نمود که نسبت به دوره 1 ماهه ...",Iran,,,,,,,,,,,,,,,,,,rial,"{""Iran"": 3528543.0}",55210,3528543,13486196.50,old,50,55,aggregator,2020-03-28T08:31:57+00:00,Iran,3528543.0,sell,USD
dolarsaghez,دلار سقز,"دلار فردایی تهران 164,‌‌‌200 خـرید دلار فردایی تهران 164,250 فروش دلار فردایی تهران 164,200 معامله",Tehran,1642500.00,,,,,,,,,,,,,,,,,toman,"{""Tehran"": 1642500.0}",,164250,,old,50,100,regional_market_channel,2026-02-20T17:29:53+00:00,Tehran,1642500.0,sell,USD
dolarsaghez,دلار سقز,"دلار فردایی تهران 164,‌‌‌900 خـرید دلار فردایی تهران 164,950 فروش دلار فردایی تهران 164,900 معامله",Tehran,1649500.00,,,,,,,,,,,,,,,,,toman,"{""Tehran"": 1649500.0}",,164950,,old,50,100,regional_market_channel,2026-02-21T20:12:48+00:00,Tehran,1649500.0,sell,USD
dolarsaghez,دلار سقز,"دلار فردایی تهران 165,‌100 خـرید دلار فردایی تهران 165,150 فروش دلار فردایی تهران 165,100 معامله",Tehran,1651500.00,,,,,,,,,,,,,,,,,toman,"{""Tehran"": 1651500.0}",,165150,,old,50,100,regional_market_channel,2026-02-22T11:46:59+00:00,Tehran,1651500.0,sell,USD
dolarsaghez,دلار سقز,"دلار فردایی تهران 166,‌800 خـرید دلار فردایی تهران 166,850 فروش دلار فردایی تهران 166,800 معامله",Tehran,1668500.00,,,,,,,,,,,,,,,,,toman,"{""Tehran"": 1668500.0}",,166850,,old,50,100,regional_market_channel,2026-02-27T15:29:37+00:00,Tehran,1668500.0,sell,USD
dolarsaghez,دلار سقز,"دلار فردایی تهران 177,‌000 خـرید دلار فردایی تهران 177,050 فروش دلار فردایی تهران 177,000 معامله",Tehran,1770500.00,,,,,,,,,,,,,,,,,toman,"{""Tehran"": 1770500.0}",,177050,,old,50,100,regional_market_channel,2026-02-28T07:00:58+00:00,Tehran,1770500.0,sell,USD
dolarsaghez,دلار سقز,"دلار فردایی تهران 163,‌800 خـرید دلار فردایی تهران 163,850 فروش دلار فردایی تهران 163,800 معامله",Tehran,1638500.00,,,,,,,,,,,,,,,,,toman,"{""Tehran"": 1638500.0}",,163850,,old,50,100,regional_market_channel,2026-06-15T05:02:49+00:00,Tehran,1638500.0,sell,USD
ashrafikhodro,🔰اخبار بازار خودرو مشهد (اشرفی),"دلار فردایی تهران ⏳ 256,300 مـعامله شد ✅",Tehran,2563000.00,,,,,,,,,,,,,,,,,toman,"{""Tehran"": 2563000.0}",,,,stale,49,60,aggregator,2026-09-30T09:59:10+00:00,Tehran,2563000.0,single_value,USD
barghme_com,سیم و کابل برق می | BARGHME,"🟠 نبض بازار مس و آلومینیوم اطلاعات لحظه‌ای قیمت‌ها | ویژه فعالان بازار 🇺🇸 دلار 💰 قیمت لحظه‌ای: 1,564,700 ریال 📊 نرخ‌های فروش نهایی مورد انتظار بازار 📅 تاریخ: ۱۴۰۴/۱۱/۱۹ 🔹 مفتول کاتدی بورس کالا (بدون ارزش افزوده): 17,398,800 ریال 🔹 کاتد مس ب...",Kabul,,,,,,,,,,,,,,,,,,rial,"{""Kabul"": 1564700.0}",,1564700,,old,49,100,regional_market_channel,2026-02-08T08:28:27+00:00,Kabul,1564700.0,sell,USD
dollariraqi,سعر الدولار في العراق لحظة بلحظة بورصة الكفاح و الحارثية $,🟢 آخر أسعار الدولار في البورصات المحلية 🕰 🔻 🔻 ⚡️ : 🏛️ سموأل 1553.00 | 1553.50 🏛️ كفاح 1555.00 | 1555.00 🏛️ حارثية 1554.00 | 1554.50 🏛️ البصرة 1552.00 | 1552.50 🏛️ أربيل 1555.00 | 1555.50 🏛️ سليمانية 1555.50 | 1556.50 🏛️ دهوك 1556.50 | 1557....,Sulaymaniyah,,,1555000.00,,,,,,,,,,,,,,,toman,"{""Sulaymaniyah"": 1555000.0}",155400,155600,155500.00,old,47,100,regional_fx_board,2026-09-27T08:57:14+00:00,Sulaymaniyah,1555000.0,midpoint,USD
exchangeratescountries,نرخ ارز ساعتی £ $ €,". ⭕️ قیمت ارزهای آزاد | سه شنبه 31 شهریور 1405 - 18:58 🇺🇸 دلار : 2,335,000 ریال 🇪🇺 یورو : 2,674,600 ریال 🇬🇧 پوند انگلیس : 3,116,000 ریال 🇦🇪 درهم امارات : 636,080 ریال 🇹🇷 لیر ترکیه : 48,765 ریال 🇨🇭 فرانک سوئیس : 2,846,700 ریال 🇩🇰 کرون دانمار...",Armenia|Dubai|Iraq|Qatar|Turkey|UK,,,,,,1944040.00,2336003.80,,,,,,,,2334696.00,,2577900.00,rial,"{""Armenia"": 2577900.0, ""Dubai"": 2336003.8, ""Iraq"": 1944040.0, ""Qatar"": 2334696.0, ""Turkey"": 2203202.7, ""UK"": 2396923.08}",,,,old,47,100,regional_fx_board,2026-09-23T10:50:05+00:00,Armenia,2577900.0,single_value,AMD
exchangeratescountries,نرخ ارز ساعتی £ $ €,". ⭕️ قیمت ارزهای آزاد | شنبه 4 مهر 1405 - 12:11 🇺🇸 دلار : 2,341,950 ریال 🇪🇺 یورو : 2,669,700 ریال 🇬🇧 پوند انگلیس : 3,104,600 ریال 🇦🇪 درهم امارات : 637,710 ریال 🇹🇷 لیر ترکیه : 48,865 ریال 🇨🇭 فرانک سوئیس : 2,828,700 ریال 🇩🇰 کرون دانمارک : 356...",Armenia|Dubai|Iraq|Qatar|Turkey|UK,,,,,,1965000.00,2341989.98,,,,,,,,2340884.00,,2511600.00,rial,"{""Armenia"": 2511600.0, ""Dubai"": 2341989.98, ""Iraq"": 1965000.0, ""Qatar"": 2340884.0, ""Turkey"": 2207720.7, ""UK"": 2388153.85}",,,,old,47,100,regional_fx_board,2026-09-26T09:15:53+00:00,Armenia,2511600.0,single_value,AMD
exchangeratescountries,نرخ ارز ساعتی £ $ €,". ⭕️ قیمت ارزهای آزاد | یکشنبه 5 مهر 1405 - 12:21 🇺🇸 دلار : 2,350,700 ریال 🇪🇺 یورو : 2,679,300 ریال 🇬🇧 پوند انگلیس : 3,115,800 ریال 🇦🇪 درهم امارات : 640,010 ریال 🇹🇷 لیر ترکیه : 49,065 ریال 🇨🇭 فرانک سوئیس : 2,838,900 ریال 🇩🇰 کرون دانمارک : 3...",Armenia|Dubai|Iraq|Qatar|Turkey|UK,,,,,,1974170.00,2350436.73,,,,,,,,2356536.00,,2523300.00,rial,"{""Armenia"": 2523300.0, ""Dubai"": 2350436.73, ""Iraq"": 1974170.0, ""Qatar"": 2356536.0, ""Turkey"": 2216756.7, ""UK"": 2396769.23}",,,,old,47,100,regional_fx_board,2026-09-27T09:01:47+00:00,Armenia,2523300.0,single_value,AMD
exchangeratescountries,نرخ ارز ساعتی £ $ €,". ⭕️ قیمت ارزهای آزاد | سه شنبه 31 شهریور 1405 - 18:58 🇺🇸 دلار : 2,335,000 ریال 🇪🇺 یورو : 2,674,600 ریال 🇬🇧 پوند انگلیس : 3,116,000 ریال 🇦🇪 درهم امارات : 636,080 ریال 🇹🇷 لیر ترکیه : 48,765 ریال 🇨🇭 فرانک سوئیس : 2,846,700 ریال 🇩🇰 کرون دانمار...",Armenia|Dubai|Iraq|Qatar|Turkey|UK,,,,,,1944040.00,2336003.80,,,,,,,,,,,rial,"{""Dubai"": 2336003.8, ""Iraq"": 1944040.0}",,,,old,47,100,regional_fx_board,2026-09-23T10:50:05+00:00,Dubai,2336003.8,single_value,AED
exchangeratescountries,نرخ ارز ساعتی £ $ €,". ⭕️ قیمت ارزهای آزاد | شنبه 4 مهر 1405 - 12:11 🇺🇸 دلار : 2,341,950 ریال 🇪🇺 یورو : 2,669,700 ریال 🇬🇧 پوند انگلیس : 3,104,600 ریال 🇦🇪 درهم امارات : 637,710 ریال 🇹🇷 لیر ترکیه : 48,865 ریال 🇨🇭 فرانک سوئیس : 2,828,700 ریال 🇩🇰 کرون دانمارک : 356...",Armenia|Dubai|Iraq|Qatar|Turkey|UK,,,,,,1965000.00,2341989.98,,,,,,,,,,,rial,"{""Dubai"": 2341989.98, ""Iraq"": 1965000.0}",,,,old,47,100,regional_fx_board,2026-09-26T09:15:53+00:00,Dubai,2341989.975,single_value,AED
exchangeratescountries,نرخ ارز ساعتی £ $ €,". ⭕️ قیمت ارزهای آزاد | یکشنبه 5 مهر 1405 - 12:21 🇺🇸 دلار : 2,350,700 ریال 🇪🇺 یورو : 2,679,300 ریال 🇬🇧 پوند انگلیس : 3,115,800 ریال 🇦🇪 درهم امارات : 640,010 ریال 🇹🇷 لیر ترکیه : 49,065 ریال 🇨🇭 فرانک سوئیس : 2,838,900 ریال 🇩🇰 کرون دانمارک : 3...",Armenia|Dubai|Iraq|Qatar|Turkey|UK,,,,,,1974170.00,2350436.73,,,,,,,,,,,rial,"{""Dubai"": 2350436.73, ""Iraq"": 1974170.0}",,,,old,47,100,regional_fx_board,2026-09-27T09:01:47+00:00,Dubai,2350436.725,single_value,AED
exchangeratescountries,نرخ ارز ساعتی £ $ €,". ⭕️ قیمت ارزهای آزاد | سه شنبه 31 شهریور 1405 - 18:58 🇺🇸 دلار : 2,335,000 ریال 🇪🇺 یورو : 2,674,600 ریال 🇬🇧 پوند انگلیس : 3,116,000 ریال 🇦🇪 درهم امارات : 636,080 ریال 🇹🇷 لیر ترکیه : 48,765 ریال 🇨🇭 فرانک سوئیس : 2,846,700 ریال 🇩🇰 کرون دانمار...",Armenia|Dubai|Iraq|Qatar|Turkey|UK,,,,,,1944040.00,,,,,,,,,,,,rial,"{""Iraq"": 1944040.0}",,,,old,47,100,regional_fx_board,2026-09-23T10:50:05+00:00,Iraq,1944040.0,single_value,IQD
exchangeratescountries,نرخ ارز ساعتی £ $ €,". ⭕️ قیمت ارزهای آزاد | شنبه 4 مهر 1405 - 12:11 🇺🇸 دلار : 2,341,950 ریال 🇪🇺 یورو : 2,669,700 ریال 🇬🇧 پوند انگلیس : 3,104,600 ریال 🇦🇪 درهم امارات : 637,710 ریال 🇹🇷 لیر ترکیه : 48,865 ریال 🇨🇭 فرانک سوئیس : 2,828,700 ریال 🇩🇰 کرون دانمارک : 356...",Armenia|Dubai|Iraq|Qatar|Turkey|UK,,,,,,1965000.00,,,,,,,,,,,,rial,"{""Iraq"": 1965000.0}",,,,old,47,100,regional_fx_board,2026-09-26T09:15:53+00:00,Iraq,1965000.0,single_value,IQD
exchangeratescountries,نرخ ارز ساعتی £ $ €,". ⭕️ قیمت ارزهای آزاد | یکشنبه 5 مهر 1405 - 12:21 🇺🇸 دلار : 2,350,700 ریال 🇪🇺 یورو : 2,679,300 ریال 🇬🇧 پوند انگلیس : 3,115,800 ریال 🇦🇪 درهم امارات : 640,010 ریال 🇹🇷 لیر ترکیه : 49,065 ریال 🇨🇭 فرانک سوئیس : 2,838,900 ریال 🇩🇰 کرون دانمارک : 3...",Armenia|Dubai|Iraq|Qatar|Turkey|UK,,,,,,1974170.00,,,,,,,,,,,,rial,"{""Iraq"": 1974170.0}",,,,old,47,100,regional_fx_board,2026-09-27T09:01:47+00:00,Iraq,1974170.0,single_value,IQD
exchangeratescountries,نرخ ارز ساعتی £ $ €,". ⭕️ قیمت ارزهای آزاد | سه شنبه 31 شهریور 1405 - 18:58 🇺🇸 دلار : 2,335,000 ریال 🇪🇺 یورو : 2,674,600 ریال 🇬🇧 پوند انگلیس : 3,116,000 ریال 🇦🇪 درهم امارات : 636,080 ریال 🇹🇷 لیر ترکیه : 48,765 ریال 🇨🇭 فرانک سوئیس : 2,846,700 ریال 🇩🇰 کرون دانمار...",Armenia|Dubai|Iraq|Qatar|Turkey|UK,,,,,,1944040.00,2336003.80,,,,,,,,2334696.00,,,rial,"{""Dubai"": 2336003.8, ""Iraq"": 1944040.0, ""Qatar"": 2334696.0, ""Turkey"": 2203202.7, ""UK"": 2396923.08}",,,,old,47,100,regional_fx_board,2026-09-23T10:50:05+00:00,Qatar,2334696.0,single_value,QAR
exchangeratescountries,نرخ ارز ساعتی £ $ €,". ⭕️ قیمت ارزهای آزاد | شنبه 4 مهر 1405 - 12:11 🇺🇸 دلار : 2,341,950 ریال 🇪🇺 یورو : 2,669,700 ریال 🇬🇧 پوند انگلیس : 3,104,600 ریال 🇦🇪 درهم امارات : 637,710 ریال 🇹🇷 لیر ترکیه : 48,865 ریال 🇨🇭 فرانک سوئیس : 2,828,700 ریال 🇩🇰 کرون دانمارک : 356...",Armenia|Dubai|Iraq|Qatar|Turkey|UK,,,,,,1965000.00,2341989.98,,,,,,,,2340884.00,,,rial,"{""Dubai"": 2341989.98, ""Iraq"": 1965000.0, ""Qatar"": 2340884.0, ""Turkey"": 2207720.7, ""UK"": 2388153.85}",,,,old,47,100,regional_fx_board,2026-09-26T09:15:53+00:00,Qatar,2340884.0,single_value,QAR
exchangeratescountries,نرخ ارز ساعتی £ $ €,". ⭕️ قیمت ارزهای آزاد | یکشنبه 5 مهر 1405 - 12:21 🇺🇸 دلار : 2,350,700 ریال 🇪🇺 یورو : 2,679,300 ریال 🇬🇧 پوند انگلیس : 3,115,800 ریال 🇦🇪 درهم امارات : 640,010 ریال 🇹🇷 لیر ترکیه : 49,065 ریال 🇨🇭 فرانک سوئیس : 2,838,900 ریال 🇩🇰 کرون دانمارک : 3...",Armenia|Dubai|Iraq|Qatar|Turkey|UK,,,,,,1974170.00,2350436.73,,,,,,,,2356536.00,,,rial,"{""Dubai"": 2350436.73, ""Iraq"": 1974170.0, ""Qatar"": 2356536.0, ""Turkey"": 2216756.7, ""UK"": 2396769.23}",,,,old,47,100,regional_fx_board,2026-09-27T09:01:47+00:00,Qatar,2356536.0,single_value,QAR
exchangeratescountries,نرخ ارز ساعتی £ $ €,". ⭕️ قیمت ارزهای آزاد | سه شنبه 31 شهریور 1405 - 18:58 🇺🇸 دلار : 2,335,000 ریال 🇪🇺 یورو : 2,674,600 ریال 🇬🇧 پوند انگلیس : 3,116,000 ریال 🇦🇪 درهم امارات : 636,080 ریال 🇹🇷 لیر ترکیه : 48,765 ریال 🇨🇭 فرانک سوئیس : 2,846,700 ریال 🇩🇰 کرون دانمار...",Armenia|Dubai|Iraq|Qatar|Turkey|UK,,,,,,1944040.00,2336003.80,,,,,,,,,,,rial,"{""Dubai"": 2336003.8, ""Iraq"": 1944040.0, ""Turkey"": 2203202.7}",,,,old,47,100,regional_fx_board,2026-09-23T10:50:05+00:00,Turkey,2203202.7,single_value,TRY
exchangeratescountries,نرخ ارز ساعتی £ $ €,". ⭕️ قیمت ارزهای آزاد | شنبه 4 مهر 1405 - 12:11 🇺🇸 دلار : 2,341,950 ریال 🇪🇺 یورو : 2,669,700 ریال 🇬🇧 پوند انگلیس : 3,104,600 ریال 🇦🇪 درهم امارات : 637,710 ریال 🇹🇷 لیر ترکیه : 48,865 ریال 🇨🇭 فرانک سوئیس : 2,828,700 ریال 🇩🇰 کرون دانمارک : 356...",Armenia|Dubai|Iraq|Qatar|Turkey|UK,,,,,,1965000.00,2341989.98,,,,,,,,,,,rial,"{""Dubai"": 2341989.98, ""Iraq"": 1965000.0, ""Turkey"": 2207720.7}",,,,old,47,100,regional_fx_board,2026-09-26T09:15:53+00:00,Turkey,2207720.7,single_value,TRY
exchangeratescountries,نرخ ارز ساعتی £ $ €,". ⭕️ قیمت ارزهای آزاد | یکشنبه 5 مهر 1405 - 12:21 🇺🇸 دلار : 2,350,700 ریال 🇪🇺 یورو : 2,679,300 ریال 🇬🇧 پوند انگلیس : 3,115,800 ریال 🇦🇪 درهم امارات : 640,010 ریال 🇹🇷 لیر ترکیه : 49,065 ریال 🇨🇭 فرانک سوئیس : 2,838,900 ریال 🇩🇰 کرون دانمارک : 3...",Armenia|Dubai|Iraq|Qatar|Turkey|UK,,,,,,1974170.00,2350436.73,,,,,,,,,,,rial,"{""Dubai"": 2350436.73, ""Iraq"": 1974170.0, ""Turkey"": 2216756.7}",,,,old,47,100,regional_fx_board,2026-09-27T09:01:47+00:00,Turkey,2216756.7,single_value,TRY
exchangeratescountries,نرخ ارز ساعتی £ $ €,". ⭕️ قیمت ارزهای آزاد | سه شنبه 31 شهریور 1405 - 18:58 🇺🇸 دلار : 2,335,000 ریال 🇪🇺 یورو : 2,674,600 ریال 🇬🇧 پوند انگلیس : 3,116,000 ریال 🇦🇪 درهم امارات : 636,080 ریال 🇹🇷 لیر ترکیه : 48,765 ریال 🇨🇭 فرانک سوئیس : 2,846,700 ریال 🇩🇰 کرون دانمار...",Armenia|Dubai|Iraq|Qatar|Turkey|UK,,,,,,1944040.00,2336003.80,,,,,,,,,,,rial,"{""Dubai"": 2336003.8, ""Iraq"": 1944040.0, ""Turkey"": 2203202.7, ""UK"": 2396923.08}",,,,old,47,100,regional_fx_board,2026-09-23T10:50:05+00:00,UK,2396923.076923077,single_value,GBP
exchangeratescountries,نرخ ارز ساعتی £ $ €,". ⭕️ قیمت ارزهای آزاد | شنبه 4 مهر 1405 - 12:11 🇺🇸 دلار : 2,341,950 ریال 🇪🇺 یورو : 2,669,700 ریال 🇬🇧 پوند انگلیس : 3,104,600 ریال 🇦🇪 درهم امارات : 637,710 ریال 🇹🇷 لیر ترکیه : 48,865 ریال 🇨🇭 فرانک سوئیس : 2,828,700 ریال 🇩🇰 کرون دانمارک : 356...",Armenia|Dubai|Iraq|Qatar|Turkey|UK,,,,,,1965000.00,2341989.98,,,,,,,,,,,rial,"{""Dubai"": 2341989.98, ""Iraq"": 1965000.0, ""Turkey"": 2207720.7, ""UK"": 2388153.85}",,,,old,47,100,regional_fx_board,2026-09-26T09:15:53+00:00,UK,2388153.846153846,single_value,GBP
exchangeratescountries,نرخ ارز ساعتی £ $ €,". ⭕️ قیمت ارزهای آزاد | یکشنبه 5 مهر 1405 - 12:21 🇺🇸 دلار : 2,350,700 ریال 🇪🇺 یورو : 2,679,300 ریال 🇬🇧 پوند انگلیس : 3,115,800 ریال 🇦🇪 درهم امارات : 640,010 ریال 🇹🇷 لیر ترکیه : 49,065 ریال 🇨🇭 فرانک سوئیس : 2,838,900 ریال 🇩🇰 کرون دانمارک : 3...",Armenia|Dubai|Iraq|Qatar|Turkey|UK,,,,,,1974170.00,2350436.73,,,,,,,,,,,rial,"{""Dubai"": 2350436.73, ""Iraq"": 1974170.0, ""Turkey"": 2216756.7, ""UK"": 2396769.23}",,,,old,47,100,regional_fx_board,2026-09-27T09:01:47+00:00,UK,2396769.2307692305,single_value,GBP
moneytransfersarafi,Money Transfer Sarafi مانی حواله صرافي,". ⭕️ قیمت ارزهای آزاد | سه شنبه 31 شهریور 1405 - 12:11 🇺🇸 دلار : 2,346,750 ریال 🇪🇺 یورو : 2,686,800 ریال 🇬🇧 پوند انگلیس : 3,129,000 ریال 🇦🇪 درهم امارات : 639,270 ریال 🇹🇷 لیر ترکیه : 48,965 ریال 🇨🇭 فرانک سوئیس : 2,857,900 ریال 🇩🇰 کرون دانمار...",Armenia|Dubai|Iraq|Qatar|Turkey|UK,,,,,,1996440.00,2347719.07,,,,,,,,2332876.00,,2511600.00,rial,"{""Armenia"": 2511600.0, ""Dubai"": 2347719.07, ""Iraq"": 1996440.0, ""Qatar"": 2332876.0, ""Turkey"": 2212238.7, ""UK"": 2406923.08}",,,,old,47,100,regional_fx_board,2026-09-22T09:13:03+00:00,Armenia,2511600.0,single_value,AMD
moneytransfersarafi,Money Transfer Sarafi مانی حواله صرافي,". ⭕️ قیمت ارزهای آزاد | سه شنبه 31 شهریور 1405 - 18:58 🇺🇸 دلار : 2,335,000 ریال 🇪🇺 یورو : 2,674,600 ریال 🇬🇧 پوند انگلیس : 3,116,000 ریال 🇦🇪 درهم امارات : 636,080 ریال 🇹🇷 لیر ترکیه : 48,765 ریال 🇨🇭 فرانک سوئیس : 2,846,700 ریال 🇩🇰 کرون دانمار...",Armenia|Dubai|Iraq|Qatar|Turkey|UK,,,,,,1944040.00,2336003.80,,,,,,,,2334696.00,,2577900.00,rial,"{""Armenia"": 2577900.0, ""Dubai"": 2336003.8, ""Iraq"": 1944040.0, ""Qatar"": 2334696.0, ""Turkey"": 2203202.7, ""UK"": 2396923.08}",,,,old,47,100,regional_fx_board,2026-09-23T10:50:05+00:00,Armenia,2577900.0,single_value,AMD
moneytransfersarafi,Money Transfer Sarafi مانی حواله صرافي,". ⭕️ قیمت ارزهای آزاد | شنبه 4 مهر 1405 - 12:11 🇺🇸 دلار : 2,341,950 ریال 🇪🇺 یورو : 2,669,700 ریال 🇬🇧 پوند انگلیس : 3,104,600 ریال 🇦🇪 درهم امارات : 637,710 ریال 🇹🇷 لیر ترکیه : 48,865 ریال 🇨🇭 فرانک سوئیس : 2,828,700 ریال 🇩🇰 کرون دانمارک : 356...",Armenia|Dubai|Iraq|Qatar|Turkey|UK,,,,,,1965000.00,2341989.98,,,,,,,,2340884.00,,2511600.00,rial,"{""Armenia"": 2511600.0, ""Dubai"": 2341989.98, ""Iraq"": 1965000.0, ""Qatar"": 2340884.0, ""Turkey"": 2207720.7, ""UK"": 2388153.85}",,,,old,47,100,regional_fx_board,2026-09-26T09:15:53+00:00,Armenia,2511600.0,single_value,AMD
moneytransfersarafi,Money Transfer Sarafi مانی حواله صرافي,". ⭕️ قیمت ارزهای آزاد | یکشنبه 5 مهر 1405 - 12:21 🇺🇸 دلار : 2,350,700 ریال 🇪🇺 یورو : 2,679,300 ریال 🇬🇧 پوند انگلیس : 3,115,800 ریال 🇦🇪 درهم امارات : 640,010 ریال 🇹🇷 لیر ترکیه : 49,065 ریال 🇨🇭 فرانک سوئیس : 2,838,900 ریال 🇩🇰 کرون دانمارک : 3...",Armenia|Dubai|Iraq|Qatar|Turkey|UK,,,,,,1974170.00,2350436.73,,,,,,,,2356536.00,,2523300.00,rial,"{""Armenia"": 2523300.0, ""Dubai"": 2350436.73, ""Iraq"": 1974170.0, ""Qatar"": 2356536.0, ""Turkey"": 2216756.7, ""UK"": 2396769.23}",,,,old,47,100,regional_fx_board,2026-09-27T09:01:47+00:00,Armenia,2523300.0,single_value,AMD
moneytransfersarafi,Money Transfer Sarafi مانی حواله صرافي,". ⭕️ قیمت ارزهای آزاد | سه شنبه 31 شهریور 1405 - 12:11 🇺🇸 دلار : 2,346,750 ریال 🇪🇺 یورو : 2,686,800 ریال 🇬🇧 پوند انگلیس : 3,129,000 ریال 🇦🇪 درهم امارات : 639,270 ریال 🇹🇷 لیر ترکیه : 48,965 ریال 🇨🇭 فرانک سوئیس : 2,857,900 ریال 🇩🇰 کرون دانمار...",Armenia|Dubai|Iraq|Qatar|Turkey|UK,,,,,,1996440.00,2347719.07,,,,,,,,,,,rial,"{""Dubai"": 2347719.07, ""Iraq"": 1996440.0}",,,,old,47,100,regional_fx_board,2026-09-22T09:13:03+00:00,Dubai,2347719.0749999997,single_value,AED
moneytransfersarafi,Money Transfer Sarafi مانی حواله صرافي,". ⭕️ قیمت ارزهای آزاد | سه شنبه 31 شهریور 1405 - 18:58 🇺🇸 دلار : 2,335,000 ریال 🇪🇺 یورو : 2,674,600 ریال 🇬🇧 پوند انگلیس : 3,116,000 ریال 🇦🇪 درهم امارات : 636,080 ریال 🇹🇷 لیر ترکیه : 48,765 ریال 🇨🇭 فرانک سوئیس : 2,846,700 ریال 🇩🇰 کرون دانمار...",Armenia|Dubai|Iraq|Qatar|Turkey|UK,,,,,,1944040.00,2336003.80,,,,,,,,,,,rial,"{""Dubai"": 2336003.8, ""Iraq"": 1944040.0}",,,,old,47,100,regional_fx_board,2026-09-23T10:50:05+00:00,Dubai,2336003.8,single_value,AED
moneytransfersarafi,Money Transfer Sarafi مانی حواله صرافي,". ⭕️ قیمت ارزهای آزاد | شنبه 4 مهر 1405 - 12:11 🇺🇸 دلار : 2,341,950 ریال 🇪🇺 یورو : 2,669,700 ریال 🇬🇧 پوند انگلیس : 3,104,600 ریال 🇦🇪 درهم امارات : 637,710 ریال 🇹🇷 لیر ترکیه : 48,865 ریال 🇨🇭 فرانک سوئیس : 2,828,700 ریال 🇩🇰 کرون دانمارک : 356...",Armenia|Dubai|Iraq|Qatar|Turkey|UK,,,,,,1965000.00,2341989.98,,,,,,,,,,,rial,"{""Dubai"": 2341989.98, ""Iraq"": 1965000.0}",,,,old,47,100,regional_fx_board,2026-09-26T09:15:53+00:00,Dubai,2341989.975,single_value,AED
moneytransfersarafi,Money Transfer Sarafi مانی حواله صرافي,". ⭕️ قیمت ارزهای آزاد | یکشنبه 5 مهر 1405 - 12:21 🇺🇸 دلار : 2,350,700 ریال 🇪🇺 یورو : 2,679,300 ریال 🇬🇧 پوند انگلیس : 3,115,800 ریال 🇦🇪 درهم امارات : 640,010 ریال 🇹🇷 لیر ترکیه : 49,065 ریال 🇨🇭 فرانک سوئیس : 2,838,900 ریال 🇩🇰 کرون دانمارک : 3...",Armenia|Dubai|Iraq|Qatar|Turkey|UK,,,,,,1974170.00,2350436.73,,,,,,,,,,,rial,"{""Dubai"": 2350436.73, ""Iraq"": 1974170.0}",,,,old,47,100,regional_fx_board,2026-09-27T09:01:47+00:00,Dubai,2350436.725,single_value,AED
moneytransfersarafi,Money Transfer Sarafi مانی حواله صرافي,". ⭕️ قیمت ارزهای آزاد | سه شنبه 31 شهریور 1405 - 12:11 🇺🇸 دلار : 2,346,750 ریال 🇪🇺 یورو : 2,686,800 ریال 🇬🇧 پوند انگلیس : 3,129,000 ریال 🇦🇪 درهم امارات : 639,270 ریال 🇹🇷 لیر ترکیه : 48,965 ریال 🇨🇭 فرانک سوئیس : 2,857,900 ریال 🇩🇰 کرون دانمار...",Armenia|Dubai|Iraq|Qatar|Turkey|UK,,,,,,1996440.00,,,,,,,,,,,,rial,"{""Iraq"": 1996440.0}",,,,old,47,100,regional_fx_board,2026-09-22T09:13:03+00:00,Iraq,1996440.0,single_value,IQD
moneytransfersarafi,Money Transfer Sarafi مانی حواله صرافي,". ⭕️ قیمت ارزهای آزاد | سه شنبه 31 شهریور 1405 - 18:58 🇺🇸 دلار : 2,335,000 ریال 🇪🇺 یورو : 2,674,600 ریال 🇬🇧 پوند انگلیس : 3,116,000 ریال 🇦🇪 درهم امارات : 636,080 ریال 🇹🇷 لیر ترکیه : 48,765 ریال 🇨🇭 فرانک سوئیس : 2,846,700 ریال 🇩🇰 کرون دانمار...",Armenia|Dubai|Iraq|Qatar|Turkey|UK,,,,,,1944040.00,,,,,,,,,,,,rial,"{""Iraq"": 1944040.0}",,,,old,47,100,regional_fx_board,2026-09-23T10:50:05+00:00,Iraq,1944040.0,single_value,IQD
moneytransfersarafi,Money Transfer Sarafi مانی حواله صرافي,". ⭕️ قیمت ارزهای آزاد | شنبه 4 مهر 1405 - 12:11 🇺🇸 دلار : 2,341,950 ریال 🇪🇺 یورو : 2,669,700 ریال 🇬🇧 پوند انگلیس : 3,104,600 ریال 🇦🇪 درهم امارات : 637,710 ریال 🇹🇷 لیر ترکیه : 48,865 ریال 🇨🇭 فرانک سوئیس : 2,828,700 ریال 🇩🇰 کرون دانمارک : 356...",Armenia|Dubai|Iraq|Qatar|Turkey|UK,,,,,,1965000.00,,,,,,,,,,,,rial,"{""Iraq"": 1965000.0}",,,,old,47,100,regional_fx_board,2026-09-26T09:15:53+00:00,Iraq,1965000.0,single_value,IQD
moneytransfersarafi,Money Transfer Sarafi مانی حواله صرافي,". ⭕️ قیمت ارزهای آزاد | یکشنبه 5 مهر 1405 - 12:21 🇺🇸 دلار : 2,350,700 ریال 🇪🇺 یورو : 2,679,300 ریال 🇬🇧 پوند انگلیس : 3,115,800 ریال 🇦🇪 درهم امارات : 640,010 ریال 🇹🇷 لیر ترکیه : 49,065 ریال 🇨🇭 فرانک سوئیس : 2,838,900 ریال 🇩🇰 کرون دانمارک : 3...",Armenia|Dubai|Iraq|Qatar|Turkey|UK,,,,,,1974170.00,,,,,,,,,,,,rial,"{""Iraq"": 1974170.0}",,,,old,47,100,regional_fx_board,2026-09-27T09:01:47+00:00,Iraq,1974170.0,single_value,IQD
moneytransfersarafi,Money Transfer Sarafi مانی حواله صرافي,". ⭕️ قیمت ارزهای آزاد | سه شنبه 31 شهریور 1405 - 12:11 🇺🇸 دلار : 2,346,750 ریال 🇪🇺 یورو : 2,686,800 ریال 🇬🇧 پوند انگلیس : 3,129,000 ریال 🇦🇪 درهم امارات : 639,270 ریال 🇹🇷 لیر ترکیه : 48,965 ریال 🇨🇭 فرانک سوئیس : 2,857,900 ریال 🇩🇰 کرون دانمار...",Armenia|Dubai|Iraq|Qatar|Turkey|UK,,,,,,1996440.00,2347719.07,,,,,,,,2332876.00,,,rial,"{""Dubai"": 2347719.07, ""Iraq"": 1996440.0, ""Qatar"": 2332876.0, ""Turkey"": 2212238.7, ""UK"": 2406923.08}",,,,old,47,100,regional_fx_board,2026-09-22T09:13:03+00:00,Qatar,2332876.0,single_value,QAR
moneytransfersarafi,Money Transfer Sarafi مانی حواله صرافي,". ⭕️ قیمت ارزهای آزاد | سه شنبه 31 شهریور 1405 - 18:58 🇺🇸 دلار : 2,335,000 ریال 🇪🇺 یورو : 2,674,600 ریال 🇬🇧 پوند انگلیس : 3,116,000 ریال 🇦🇪 درهم امارات : 636,080 ریال 🇹🇷 لیر ترکیه : 48,765 ریال 🇨🇭 فرانک سوئیس : 2,846,700 ریال 🇩🇰 کرون دانمار...",Armenia|Dubai|Iraq|Qatar|Turkey|UK,,,,,,1944040.00,2336003.80,,,,,,,,2334696.00,,,rial,"{""Dubai"": 2336003.8, ""Iraq"": 1944040.0, ""Qatar"": 2334696.0, ""Turkey"": 2203202.7, ""UK"": 2396923.08}",,,,old,47,100,regional_fx_board,2026-09-23T10:50:05+00:00,Qatar,2334696.0,single_value,QAR
moneytransfersarafi,Money Transfer Sarafi مانی حواله صرافي,". ⭕️ قیمت ارزهای آزاد | شنبه 4 مهر 1405 - 12:11 🇺🇸 دلار : 2,341,950 ریال 🇪🇺 یورو : 2,669,700 ریال 🇬🇧 پوند انگلیس : 3,104,600 ریال 🇦🇪 درهم امارات : 637,710 ریال 🇹🇷 لیر ترکیه : 48,865 ریال 🇨🇭 فرانک سوئیس : 2,828,700 ریال 🇩🇰 کرون دانمارک : 356...",Armenia|Dubai|Iraq|Qatar|Turkey|UK,,,,,,1965000.00,2341989.98,,,,,,,,2340884.00,,,rial,"{""Dubai"": 2341989.98, ""Iraq"": 1965000.0, ""Qatar"": 2340884.0, ""Turkey"": 2207720.7, ""UK"": 2388153.85}",,,,old,47,100,regional_fx_board,2026-09-26T09:15:53+00:00,Qatar,2340884.0,single_value,QAR
moneytransfersarafi,Money Transfer Sarafi مانی حواله صرافي,". ⭕️ قیمت ارزهای آزاد | یکشنبه 5 مهر 1405 - 12:21 🇺🇸 دلار : 2,350,700 ریال 🇪🇺 یورو : 2,679,300 ریال 🇬🇧 پوند انگلیس : 3,115,800 ریال 🇦🇪 درهم امارات : 640,010 ریال 🇹🇷 لیر ترکیه : 49,065 ریال 🇨🇭 فرانک سوئیس : 2,838,900 ریال 🇩🇰 کرون دانمارک : 3...",Armenia|Dubai|Iraq|Qatar|Turkey|UK,,,,,,1974170.00,2350436.73,,,,,,,,2356536.00,,,rial,"{""Dubai"": 2350436.73, ""Iraq"": 1974170.0, ""Qatar"": 2356536.0, ""Turkey"": 2216756.7, ""UK"": 2396769.23}",,,,old,47,100,regional_fx_board,2026-09-27T09:01:47+00:00,Qatar,2356536.0,single_value,QAR
moneytransfersarafi,Money Transfer Sarafi مانی حواله صرافي,". ⭕️ قیمت ارزهای آزاد | سه شنبه 31 شهریور 1405 - 12:11 🇺🇸 دلار : 2,346,750 ریال 🇪🇺 یورو : 2,686,800 ریال 🇬🇧 پوند انگلیس : 3,129,000 ریال 🇦🇪 درهم امارات : 639,270 ریال 🇹🇷 لیر ترکیه : 48,965 ریال 🇨🇭 فرانک سوئیس : 2,857,900 ریال 🇩🇰 کرون دانمار...",Armenia|Dubai|Iraq|Qatar|Turkey|UK,,,,,,1996440.00,2347719.07,,,,,,,,,,,rial,"{""Dubai"": 2347719.07, ""Iraq"": 1996440.0, ""Turkey"": 2212238.7}",,,,old,47,100,regional_fx_board,2026-09-22T09:13:03+00:00,Turkey,2212238.7,single_value,TRY
moneytransfersarafi,Money Transfer Sarafi مانی حواله صرافي,". ⭕️ قیمت ارزهای آزاد | سه شنبه 31 شهریور 1405 - 18:58 🇺🇸 دلار : 2,335,000 ریال 🇪🇺 یورو : 2,674,600 ریال 🇬🇧 پوند انگلیس : 3,116,000 ریال 🇦🇪 درهم امارات : 636,080 ریال 🇹🇷 لیر ترکیه : 48,765 ریال 🇨🇭 فرانک سوئیس : 2,846,700 ریال 🇩🇰 کرون دانمار...",Armenia|Dubai|Iraq|Qatar|Turkey|UK,,,,,,1944040.00,2336003.80,,,,,,,,,,,rial,"{""Dubai"": 2336003.8, ""Iraq"": 1944040.0, ""Turkey"": 2203202.7}",,,,old,47,100,regional_fx_board,2026-09-23T10:50:05+00:00,Turkey,2203202.7,single_value,TRY
moneytransfersarafi,Money Transfer Sarafi مانی حواله صرافي,". ⭕️ قیمت ارزهای آزاد | شنبه 4 مهر 1405 - 12:11 🇺🇸 دلار : 2,341,950 ریال 🇪🇺 یورو : 2,669,700 ریال 🇬🇧 پوند انگلیس : 3,104,600 ریال 🇦🇪 درهم امارات : 637,710 ریال 🇹🇷 لیر ترکیه : 48,865 ریال 🇨🇭 فرانک سوئیس : 2,828,700 ریال 🇩🇰 کرون دانمارک : 356...",Armenia|Dubai|Iraq|Qatar|Turkey|UK,,,,,,1965000.00,2341989.98,,,,,,,,,,,rial,"{""Dubai"": 2341989.98, ""Iraq"": 1965000.0, ""Turkey"": 2207720.7}",,,,old,47,100,regional_fx_board,2026-09-26T09:15:53+00:00,Turkey,2207720.7,single_value,TRY
moneytransfersarafi,Money Transfer Sarafi مانی حواله صرافي,". ⭕️ قیمت ارزهای آزاد | یکشنبه 5 مهر 1405 - 12:21 🇺🇸 دلار : 2,350,700 ریال 🇪🇺 یورو : 2,679,300 ریال 🇬🇧 پوند انگلیس : 3,115,800 ریال 🇦🇪 درهم امارات : 640,010 ریال 🇹🇷 لیر ترکیه : 49,065 ریال 🇨🇭 فرانک سوئیس : 2,838,900 ریال 🇩🇰 کرون دانمارک : 3...",Armenia|Dubai|Iraq|Qatar|Turkey|UK,,,,,,1974170.00,2350436.73,,,,,,,,,,,rial,"{""Dubai"": 2350436.73, ""Iraq"": 1974170.0, ""Turkey"": 2216756.7}",,,,old,47,100,regional_fx_board,2026-09-27T09:01:47+00:00,Turkey,2216756.7,single_value,TRY
moneytransfersarafi,Money Transfer Sarafi مانی حواله صرافي,". ⭕️ قیمت ارزهای آزاد | سه شنبه 31 شهریور 1405 - 12:11 🇺🇸 دلار : 2,346,750 ریال 🇪🇺 یورو : 2,686,800 ریال 🇬🇧 پوند انگلیس : 3,129,000 ریال 🇦🇪 درهم امارات : 639,270 ریال 🇹🇷 لیر ترکیه : 48,965 ریال 🇨🇭 فرانک سوئیس : 2,857,900 ریال 🇩🇰 کرون دانمار...",Armenia|Dubai|Iraq|Qatar|Turkey|UK,,,,,,1996440.00,2347719.07,,,,,,,,,,,rial,"{""Dubai"": 2347719.07, ""Iraq"": 1996440.0, ""Turkey"": 2212238.7, ""UK"": 2406923.08}",,,,old,47,100,regional_fx_board,2026-09-22T09:13:03+00:00,UK,2406923.076923077,single_value,GBP
moneytransfersarafi,Money Transfer Sarafi مانی حواله صرافي,". ⭕️ قیمت ارزهای آزاد | سه شنبه 31 شهریور 1405 - 18:58 🇺🇸 دلار : 2,335,000 ریال 🇪🇺 یورو : 2,674,600 ریال 🇬🇧 پوند انگلیس : 3,116,000 ریال 🇦🇪 درهم امارات : 636,080 ریال 🇹🇷 لیر ترکیه : 48,765 ریال 🇨🇭 فرانک سوئیس : 2,846,700 ریال 🇩🇰 کرون دانمار...",Armenia|Dubai|Iraq|Qatar|Turkey|UK,,,,,,1944040.00,2336003.80,,,,,,,,,,,rial,"{""Dubai"": 2336003.8, ""Iraq"": 1944040.0, ""Turkey"": 2203202.7, ""UK"": 2396923.08}",,,,old,47,100,regional_fx_board,2026-09-23T10:50:05+00:00,UK,2396923.076923077,single_value,GBP
moneytransfersarafi,Money Transfer Sarafi مانی حواله صرافي,". ⭕️ قیمت ارزهای آزاد | شنبه 4 مهر 1405 - 12:11 🇺🇸 دلار : 2,341,950 ریال 🇪🇺 یورو : 2,669,700 ریال 🇬🇧 پوند انگلیس : 3,104,600 ریال 🇦🇪 درهم امارات : 637,710 ریال 🇹🇷 لیر ترکیه : 48,865 ریال 🇨🇭 فرانک سوئیس : 2,828,700 ریال 🇩🇰 کرون دانمارک : 356...",Armenia|Dubai|Iraq|Qatar|Turkey|UK,,,,,,1965000.00,2341989.98,,,,,,,,,,,rial,"{""Dubai"": 2341989.98, ""Iraq"": 1965000.0, ""Turkey"": 2207720.7, ""UK"": 2388153.85}",,,,old,47,100,regional_fx_board,2026-09-26T09:15:53+00:00,UK,2388153.846153846,single_value,GBP
moneytransfersarafi,Money Transfer Sarafi مانی حواله صرافي,". ⭕️ قیمت ارزهای آزاد | یکشنبه 5 مهر 1405 - 12:21 🇺🇸 دلار : 2,350,700 ریال 🇪🇺 یورو : 2,679,300 ریال 🇬🇧 پوند انگلیس : 3,115,800 ریال 🇦🇪 درهم امارات : 640,010 ریال 🇹🇷 لیر ترکیه : 49,065 ریال 🇨🇭 فرانک سوئیس : 2,838,900 ریال 🇩🇰 کرون دانمارک : 3...",Armenia|Dubai|Iraq|Qatar|Turkey|UK,,,,,,1974170.00,2350436.73,,,,,,,,,,,rial,"{""Dubai"": 2350436.73, ""Iraq"": 1974170.0, ""Turkey"": 2216756.7, ""UK"": 2396769.23}",,,,old,47,100,regional_fx_board,2026-09-27T09:01:47+00:00,UK,2396769.2307692305,single_value,GBP
nerkh_uk,نرخ ارز Nerkh_Uk,". ⭕️ قیمت ارزهای آزاد | سه شنبه 31 شهریور 1405 - 18:58 🇺🇸 دلار : 2,335,000 ریال 🇪🇺 یورو : 2,674,600 ریال 🇬🇧 پوند انگلیس : 3,116,000 ریال 🇦🇪 درهم امارات : 636,080 ریال 🇹🇷 لیر ترکیه : 48,765 ریال 🇨🇭 فرانک سوئیس : 2,846,700 ریال 🇩🇰 کرون دانمار...",Armenia|Dubai|Iraq|Qatar|Turkey|UK,,,,,,1944040.00,2336003.80,,,,,,,,2334696.00,,2577900.00,rial,"{""Armenia"": 2577900.0, ""Dubai"": 2336003.8, ""Iraq"": 1944040.0, ""Qatar"": 2334696.0, ""Turkey"": 2203202.7, ""UK"": 2396923.08}",,,,old,47,100,regional_fx_board,2026-09-23T10:50:05+00:00,Armenia,2577900.0,single_value,AMD
nerkh_uk,نرخ ارز Nerkh_Uk,". ⭕️ قیمت ارزهای آزاد | جمعه 3 مهر 1405 - 11:25 🇺🇸 دلار : 2,346,150 ریال 🇪🇺 یورو : 2,671,400 ریال 🇬🇧 پوند انگلیس : 3,105,800 ریال 🇦🇪 درهم امارات : 639,000 ریال 🇹🇷 لیر ترکیه : 48,965 ریال 🇨🇭 فرانک سوئیس : 2,837,000 ریال 🇩🇰 کرون دانمارک : 356...",Armenia|Dubai|Iraq|Qatar|Turkey|UK,,,,,,1968930.00,2346727.50,,,,,,,,2342340.00,,2519400.00,rial,"{""Armenia"": 2519400.0, ""Dubai"": 2346727.5, ""Iraq"": 1968930.0, ""Qatar"": 2342340.0, ""Turkey"": 2212238.7, ""UK"": 2389076.92}",,,,old,47,100,regional_fx_board,2026-09-25T08:49:35+00:00,Armenia,2519400.0,single_value,AMD
nerkh_uk,نرخ ارز Nerkh_Uk,". ⭕️ قیمت ارزهای آزاد | شنبه 4 مهر 1405 - 12:11 🇺🇸 دلار : 2,341,950 ریال 🇪🇺 یورو : 2,669,700 ریال 🇬🇧 پوند انگلیس : 3,104,600 ریال 🇦🇪 درهم امارات : 637,710 ریال 🇹🇷 لیر ترکیه : 48,865 ریال 🇨🇭 فرانک سوئیس : 2,828,700 ریال 🇩🇰 کرون دانمارک : 356...",Armenia|Dubai|Iraq|Qatar|Turkey|UK,,,,,,1965000.00,2341989.98,,,,,,,,2340884.00,,2511600.00,rial,"{""Armenia"": 2511600.0, ""Dubai"": 2341989.98, ""Iraq"": 1965000.0, ""Qatar"": 2340884.0, ""Turkey"": 2207720.7, ""UK"": 2388153.85}",,,,old,47,100,regional_fx_board,2026-09-26T09:15:52+00:00,Armenia,2511600.0,single_value,AMD
nerkh_uk,نرخ ارز Nerkh_Uk,". ⭕️ قیمت ارزهای آزاد | یکشنبه 5 مهر 1405 - 12:21 🇺🇸 دلار : 2,350,700 ریال 🇪🇺 یورو : 2,679,300 ریال 🇬🇧 پوند انگلیس : 3,115,800 ریال 🇦🇪 درهم امارات : 640,010 ریال 🇹🇷 لیر ترکیه : 49,065 ریال 🇨🇭 فرانک سوئیس : 2,838,900 ریال 🇩🇰 کرون دانمارک : 3...",Armenia|Dubai|Iraq|Qatar|Turkey|UK,,,,,,1974170.00,2350436.73,,,,,,,,2356536.00,,2523300.00,rial,"{""Armenia"": 2523300.0, ""Dubai"": 2350436.73, ""Iraq"": 1974170.0, ""Qatar"": 2356536.0, ""Turkey"": 2216756.7, ""UK"": 2396769.23}",,,,old,47,100,regional_fx_board,2026-09-27T09:01:47+00:00,Armenia,2523300.0,single_value,AMD
nerkh_uk,نرخ ارز Nerkh_Uk,". ⭕️ قیمت ارزهای آزاد | سه شنبه 31 شهریور 1405 - 18:58 🇺🇸 دلار : 2,335,000 ریال 🇪🇺 یورو : 2,674,600 ریال 🇬🇧 پوند انگلیس : 3,116,000 ریال 🇦🇪 درهم امارات : 636,080 ریال 🇹🇷 لیر ترکیه : 48,765 ریال 🇨🇭 فرانک سوئیس : 2,846,700 ریال 🇩🇰 کرون دانمار...",Armenia|Dubai|Iraq|Qatar|Turkey|UK,,,,,,1944040.00,2336003.80,,,,,,,,,,,rial,"{""Dubai"": 2336003.8, ""Iraq"": 1944040.0}",,,,old,47,100,regional_fx_board,2026-09-23T10:50:05+00:00,Dubai,2336003.8,single_value,AED
nerkh_uk,نرخ ارز Nerkh_Uk,". ⭕️ قیمت ارزهای آزاد | جمعه 3 مهر 1405 - 11:25 🇺🇸 دلار : 2,346,150 ریال 🇪🇺 یورو : 2,671,400 ریال 🇬🇧 پوند انگلیس : 3,105,800 ریال 🇦🇪 درهم امارات : 639,000 ریال 🇹🇷 لیر ترکیه : 48,965 ریال 🇨🇭 فرانک سوئیس : 2,837,000 ریال 🇩🇰 کرون دانمارک : 356...",Armenia|Dubai|Iraq|Qatar|Turkey|UK,,,,,,1968930.00,2346727.50,,,,,,,,,,,rial,"{""Dubai"": 2346727.5, ""Iraq"": 1968930.0}",,,,old,47,100,regional_fx_board,2026-09-25T08:49:35+00:00,Dubai,2346727.5,single_value,AED
nerkh_uk,نرخ ارز Nerkh_Uk,". ⭕️ قیمت ارزهای آزاد | شنبه 4 مهر 1405 - 12:11 🇺🇸 دلار : 2,341,950 ریال 🇪🇺 یورو : 2,669,700 ریال 🇬🇧 پوند انگلیس : 3,104,600 ریال 🇦🇪 درهم امارات : 637,710 ریال 🇹🇷 لیر ترکیه : 48,865 ریال 🇨🇭 فرانک سوئیس : 2,828,700 ریال 🇩🇰 کرون دانمارک : 356...",Armenia|Dubai|Iraq|Qatar|Turkey|UK,,,,,,1965000.00,2341989.98,,,,,,,,,,,rial,"{""Dubai"": 2341989.98, ""Iraq"": 1965000.0}",,,,old,47,100,regional_fx_board,2026-09-26T09:15:52+00:00,Dubai,2341989.975,single_value,AED
nerkh_uk,نرخ ارز Nerkh_Uk,". ⭕️ قیمت ارزهای آزاد | یکشنبه 5 مهر 1405 - 12:21 🇺🇸 دلار : 2,350,700 ریال 🇪🇺 یورو : 2,679,300 ریال 🇬🇧 پوند انگلیس : 3,115,800 ریال 🇦🇪 درهم امارات : 640,010 ریال 🇹🇷 لیر ترکیه : 49,065 ریال 🇨🇭 فرانک سوئیس : 2,838,900 ریال 🇩🇰 کرون دانمارک : 3...",Armenia|Dubai|Iraq|Qatar|Turkey|UK,,,,,,1974170.00,2350436.73,,,,,,,,,,,rial,"{""Dubai"": 2350436.73, ""Iraq"": 1974170.0}",,,,old,47,100,regional_fx_board,2026-09-27T09:01:47+00:00,Dubai,2350436.725,single_value,AED
nerkh_uk,نرخ ارز Nerkh_Uk,". ⭕️ قیمت ارزهای آزاد | سه شنبه 31 شهریور 1405 - 18:58 🇺🇸 دلار : 2,335,000 ریال 🇪🇺 یورو : 2,674,600 ریال 🇬🇧 پوند انگلیس : 3,116,000 ریال 🇦🇪 درهم امارات : 636,080 ریال 🇹🇷 لیر ترکیه : 48,765 ریال 🇨🇭 فرانک سوئیس : 2,846,700 ریال 🇩🇰 کرون دانمار...",Armenia|Dubai|Iraq|Qatar|Turkey|UK,,,,,,1944040.00,,,,,,,,,,,,rial,"{""Iraq"": 1944040.0}",,,,old,47,100,regional_fx_board,2026-09-23T10:50:05+00:00,Iraq,1944040.0,single_value,IQD
nerkh_uk,نرخ ارز Nerkh_Uk,". ⭕️ قیمت ارزهای آزاد | جمعه 3 مهر 1405 - 11:25 🇺🇸 دلار : 2,346,150 ریال 🇪🇺 یورو : 2,671,400 ریال 🇬🇧 پوند انگلیس : 3,105,800 ریال 🇦🇪 درهم امارات : 639,000 ریال 🇹🇷 لیر ترکیه : 48,965 ریال 🇨🇭 فرانک سوئیس : 2,837,000 ریال 🇩🇰 کرون دانمارک : 356...",Armenia|Dubai|Iraq|Qatar|Turkey|UK,,,,,,1968930.00,,,,,,,,,,,,rial,"{""Iraq"": 1968930.0}",,,,old,47,100,regional_fx_board,2026-09-25T08:49:35+00:00,Iraq,1968930.0,single_value,IQD
nerkh_uk,نرخ ارز Nerkh_Uk,". ⭕️ قیمت ارزهای آزاد | شنبه 4 مهر 1405 - 12:11 🇺🇸 دلار : 2,341,950 ریال 🇪🇺 یورو : 2,669,700 ریال 🇬🇧 پوند انگلیس : 3,104,600 ریال 🇦🇪 درهم امارات : 637,710 ریال 🇹🇷 لیر ترکیه : 48,865 ریال 🇨🇭 فرانک سوئیس : 2,828,700 ریال 🇩🇰 کرون دانمارک : 356...",Armenia|Dubai|Iraq|Qatar|Turkey|UK,,,,,,1965000.00,,,,,,,,,,,,rial,"{""Iraq"": 1965000.0}",,,,old,47,100,regional_fx_board,2026-09-26T09:15:52+00:00,Iraq,1965000.0,single_value,IQD
nerkh_uk,نرخ ارز Nerkh_Uk,". ⭕️ قیمت ارزهای آزاد | یکشنبه 5 مهر 1405 - 12:21 🇺🇸 دلار : 2,350,700 ریال 🇪🇺 یورو : 2,679,300 ریال 🇬🇧 پوند انگلیس : 3,115,800 ریال 🇦🇪 درهم امارات : 640,010 ریال 🇹🇷 لیر ترکیه : 49,065 ریال 🇨🇭 فرانک سوئیس : 2,838,900 ریال 🇩🇰 کرون دانمارک : 3...",Armenia|Dubai|Iraq|Qatar|Turkey|UK,,,,,,1974170.00,,,,,,,,,,,,rial,"{""Iraq"": 1974170.0}",,,,old,47,100,regional_fx_board,2026-09-27T09:01:47+00:00,Iraq,1974170.0,single_value,IQD
nerkh_uk,نرخ ارز Nerkh_Uk,". ⭕️ قیمت ارزهای آزاد | سه شنبه 31 شهریور 1405 - 18:58 🇺🇸 دلار : 2,335,000 ریال 🇪🇺 یورو : 2,674,600 ریال 🇬🇧 پوند انگلیس : 3,116,000 ریال 🇦🇪 درهم امارات : 636,080 ریال 🇹🇷 لیر ترکیه : 48,765 ریال 🇨🇭 فرانک سوئیس : 2,846,700 ریال 🇩🇰 کرون دانمار...",Armenia|Dubai|Iraq|Qatar|Turkey|UK,,,,,,1944040.00,2336003.80,,,,,,,,2334696.00,,,rial,"{""Dubai"": 2336003.8, ""Iraq"": 1944040.0, ""Qatar"": 2334696.0, ""Turkey"": 2203202.7, ""UK"": 2396923.08}",,,,old,47,100,regional_fx_board,2026-09-23T10:50:05+00:00,Qatar,2334696.0,single_value,QAR
nerkh_uk,نرخ ارز Nerkh_Uk,". ⭕️ قیمت ارزهای آزاد | جمعه 3 مهر 1405 - 11:25 🇺🇸 دلار : 2,346,150 ریال 🇪🇺 یورو : 2,671,400 ریال 🇬🇧 پوند انگلیس : 3,105,800 ریال 🇦🇪 درهم امارات : 639,000 ریال 🇹🇷 لیر ترکیه : 48,965 ریال 🇨🇭 فرانک سوئیس : 2,837,000 ریال 🇩🇰 کرون دانمارک : 356...",Armenia|Dubai|Iraq|Qatar|Turkey|UK,,,,,,1968930.00,2346727.50,,,,,,,,2342340.00,,,rial,"{""Dubai"": 2346727.5, ""Iraq"": 1968930.0, ""Qatar"": 2342340.0, ""Turkey"": 2212238.7, ""UK"": 2389076.92}",,,,old,47,100,regional_fx_board,2026-09-25T08:49:35+00:00,Qatar,2342340.0,single_value,QAR
nerkh_uk,نرخ ارز Nerkh_Uk,". ⭕️ قیمت ارزهای آزاد | شنبه 4 مهر 1405 - 12:11 🇺🇸 دلار : 2,341,950 ریال 🇪🇺 یورو : 2,669,700 ریال 🇬🇧 پوند انگلیس : 3,104,600 ریال 🇦🇪 درهم امارات : 637,710 ریال 🇹🇷 لیر ترکیه : 48,865 ریال 🇨🇭 فرانک سوئیس : 2,828,700 ریال 🇩🇰 کرون دانمارک : 356...",Armenia|Dubai|Iraq|Qatar|Turkey|UK,,,,,,1965000.00,2341989.98,,,,,,,,2340884.00,,,rial,"{""Dubai"": 2341989.98, ""Iraq"": 1965000.0, ""Qatar"": 2340884.0, ""Turkey"": 2207720.7, ""UK"": 2388153.85}",,,,old,47,100,regional_fx_board,2026-09-26T09:15:52+00:00,Qatar,2340884.0,single_value,QAR
nerkh_uk,نرخ ارز Nerkh_Uk,". ⭕️ قیمت ارزهای آزاد | یکشنبه 5 مهر 1405 - 12:21 🇺🇸 دلار : 2,350,700 ریال 🇪🇺 یورو : 2,679,300 ریال 🇬🇧 پوند انگلیس : 3,115,800 ریال 🇦🇪 درهم امارات : 640,010 ریال 🇹🇷 لیر ترکیه : 49,065 ریال 🇨🇭 فرانک سوئیس : 2,838,900 ریال 🇩🇰 کرون دانمارک : 3...",Armenia|Dubai|Iraq|Qatar|Turkey|UK,,,,,,1974170.00,2350436.73,,,,,,,,2356536.00,,,rial,"{""Dubai"": 2350436.73, ""Iraq"": 1974170.0, ""Qatar"": 2356536.0, ""Turkey"": 2216756.7, ""UK"": 2396769.23}",,,,old,47,100,regional_fx_board,2026-09-27T09:01:47+00:00,Qatar,2356536.0,single_value,QAR
nerkh_uk,نرخ ارز Nerkh_Uk,". ⭕️ قیمت ارزهای آزاد | سه شنبه 31 شهریور 1405 - 18:58 🇺🇸 دلار : 2,335,000 ریال 🇪🇺 یورو : 2,674,600 ریال 🇬🇧 پوند انگلیس : 3,116,000 ریال 🇦🇪 درهم امارات : 636,080 ریال 🇹🇷 لیر ترکیه : 48,765 ریال 🇨🇭 فرانک سوئیس : 2,846,700 ریال 🇩🇰 کرون دانمار...",Armenia|Dubai|Iraq|Qatar|Turkey|UK,,,,,,1944040.00,2336003.80,,,,,,,,,,,rial,"{""Dubai"": 2336003.8, ""Iraq"": 1944040.0, ""Turkey"": 2203202.7}",,,,old,47,100,regional_fx_board,2026-09-23T10:50:05+00:00,Turkey,2203202.7,single_value,TRY
nerkh_uk,نرخ ارز Nerkh_Uk,". ⭕️ قیمت ارزهای آزاد | جمعه 3 مهر 1405 - 11:25 🇺🇸 دلار : 2,346,150 ریال 🇪🇺 یورو : 2,671,400 ریال 🇬🇧 پوند انگلیس : 3,105,800 ریال 🇦🇪 درهم امارات : 639,000 ریال 🇹🇷 لیر ترکیه : 48,965 ریال 🇨🇭 فرانک سوئیس : 2,837,000 ریال 🇩🇰 کرون دانمارک : 356...",Armenia|Dubai|Iraq|Qatar|Turkey|UK,,,,,,1968930.00,2346727.50,,,,,,,,,,,rial,"{""Dubai"": 2346727.5, ""Iraq"": 1968930.0, ""Turkey"": 2212238.7}",,,,old,47,100,regional_fx_board,2026-09-25T08:49:35+00:00,Turkey,2212238.7,single_value,TRY
nerkh_uk,نرخ ارز Nerkh_Uk,". ⭕️ قیمت ارزهای آزاد | شنبه 4 مهر 1405 - 12:11 🇺🇸 دلار : 2,341,950 ریال 🇪🇺 یورو : 2,669,700 ریال 🇬🇧 پوند انگلیس : 3,104,600 ریال 🇦🇪 درهم امارات : 637,710 ریال 🇹🇷 لیر ترکیه : 48,865 ریال 🇨🇭 فرانک سوئیس : 2,828,700 ریال 🇩🇰 کرون دانمارک : 356...",Armenia|Dubai|Iraq|Qatar|Turkey|UK,,,,,,1965000.00,2341989.98,,,,,,,,,,,rial,"{""Dubai"": 2341989.98, ""Iraq"": 1965000.0, ""Turkey"": 2207720.7}",,,,old,47,100,regional_fx_board,2026-09-26T09:15:52+00:00,Turkey,2207720.7,single_value,TRY
nerkh_uk,نرخ ارز Nerkh_Uk,". ⭕️ قیمت ارزهای آزاد | یکشنبه 5 مهر 1405 - 12:21 🇺🇸 دلار : 2,350,700 ریال 🇪🇺 یورو : 2,679,300 ریال 🇬🇧 پوند انگلیس : 3,115,800 ریال 🇦🇪 درهم امارات : 640,010 ریال 🇹🇷 لیر ترکیه : 49,065 ریال 🇨🇭 فرانک سوئیس : 2,838,900 ریال 🇩🇰 کرون دانمارک : 3...",Armenia|Dubai|Iraq|Qatar|Turkey|UK,,,,,,1974170.00,2350436.73,,,,,,,,,,,rial,"{""Dubai"": 2350436.73, ""Iraq"": 1974170.0, ""Turkey"": 2216756.7}",,,,old,47,100,regional_fx_board,2026-09-27T09:01:47+00:00,Turkey,2216756.7,single_value,TRY
nerkh_uk,نرخ ارز Nerkh_Uk,". ⭕️ قیمت ارزهای آزاد | سه شنبه 31 شهریور 1405 - 18:58 🇺🇸 دلار : 2,335,000 ریال 🇪🇺 یورو : 2,674,600 ریال 🇬🇧 پوند انگلیس : 3,116,000 ریال 🇦🇪 درهم امارات : 636,080 ریال 🇹🇷 لیر ترکیه : 48,765 ریال 🇨🇭 فرانک سوئیس : 2,846,700 ریال 🇩🇰 کرون دانمار...",Armenia|Dubai|Iraq|Qatar|Turkey|UK,,,,,,1944040.00,2336003.80,,,,,,,,,,,rial,"{""Dubai"": 2336003.8, ""Iraq"": 1944040.0, ""Turkey"": 2203202.7, ""UK"": 2396923.08}",,,,old,47,100,regional_fx_board,2026-09-23T10:50:05+00:00,UK,2396923.076923077,single_value,GBP
nerkh_uk,نرخ ارز Nerkh_Uk,". ⭕️ قیمت ارزهای آزاد | جمعه 3 مهر 1405 - 11:25 🇺🇸 دلار : 2,346,150 ریال 🇪🇺 یورو : 2,671,400 ریال 🇬🇧 پوند انگلیس : 3,105,800 ریال 🇦🇪 درهم امارات : 639,000 ریال 🇹🇷 لیر ترکیه : 48,965 ریال 🇨🇭 فرانک سوئیس : 2,837,000 ریال 🇩🇰 کرون دانمارک : 356...",Armenia|Dubai|Iraq|Qatar|Turkey|UK,,,,,,1968930.00,2346727.50,,,,,,,,,,,rial,"{""Dubai"": 2346727.5, ""Iraq"": 1968930.0, ""Turkey"": 2212238.7, ""UK"": 2389076.92}",,,,old,47,100,regional_fx_board,2026-09-25T08:49:35+00:00,UK,2389076.923076923,single_value,GBP
nerkh_uk,نرخ ارز Nerkh_Uk,". ⭕️ قیمت ارزهای آزاد | شنبه 4 مهر 1405 - 12:11 🇺🇸 دلار : 2,341,950 ریال 🇪🇺 یورو : 2,669,700 ریال 🇬🇧 پوند انگلیس : 3,104,600 ریال 🇦🇪 درهم امارات : 637,710 ریال 🇹🇷 لیر ترکیه : 48,865 ریال 🇨🇭 فرانک سوئیس : 2,828,700 ریال 🇩🇰 کرون دانمارک : 356...",Armenia|Dubai|Iraq|Qatar|Turkey|UK,,,,,,1965000.00,2341989.98,,,,,,,,,,,rial,"{""Dubai"": 2341989.98, ""Iraq"": 1965000.0, ""Turkey"": 2207720.7, ""UK"": 2388153.85}",,,,old,47,100,regional_fx_board,2026-09-26T09:15:52+00:00,UK,2388153.846153846,single_value,GBP
nerkh_uk,نرخ ارز Nerkh_Uk,". ⭕️ قیمت ارزهای آزاد | یکشنبه 5 مهر 1405 - 12:21 🇺🇸 دلار : 2,350,700 ریال 🇪🇺 یورو : 2,679,300 ریال 🇬🇧 پوند انگلیس : 3,115,800 ریال 🇦🇪 درهم امارات : 640,010 ریال 🇹🇷 لیر ترکیه : 49,065 ریال 🇨🇭 فرانک سوئیس : 2,838,900 ریال 🇩🇰 کرون دانمارک : 3...",Armenia|Dubai|Iraq|Qatar|Turkey|UK,,,,,,1974170.00,2350436.73,,,,,,,,,,,rial,"{""Dubai"": 2350436.73, ""Iraq"": 1974170.0, ""Turkey"": 2216756.7, ""UK"": 2396769.23}",,,,old,47,100,regional_fx_board,2026-09-27T09:01:47+00:00,UK,2396769.2307692305,single_value,GBP
nerkhsarafionline,Nerkh Sarafi Online نرخ صرافي,". ⭕️ قیمت ارزهای آزاد | سه شنبه 31 شهریور 1405 - 12:11 🇺🇸 دلار : 2,346,750 ریال 🇪🇺 یورو : 2,686,800 ریال 🇬🇧 پوند انگلیس : 3,129,000 ریال 🇦🇪 درهم امارات : 639,270 ریال 🇹🇷 لیر ترکیه : 48,965 ریال 🇨🇭 فرانک سوئیس : 2,857,900 ریال 🇩🇰 کرون دانمار...",Armenia|Dubai|Iraq|Qatar|Turkey|UK,,,,,,1996440.00,2347719.07,,,,,,,,2332876.00,,2511600.00,rial,"{""Armenia"": 2511600.0, ""Dubai"": 2347719.07, ""Iraq"": 1996440.0, ""Qatar"": 2332876.0, ""Turkey"": 2212238.7, ""UK"": 2406923.08}",,,,old,47,100,regional_fx_board,2026-09-22T09:13:03+00:00,Armenia,2511600.0,single_value,AMD
nerkhsarafionline,Nerkh Sarafi Online نرخ صرافي,". ⭕️ قیمت ارزهای آزاد | سه شنبه 31 شهریور 1405 - 18:58 🇺🇸 دلار : 2,335,000 ریال 🇪🇺 یورو : 2,674,600 ریال 🇬🇧 پوند انگلیس : 3,116,000 ریال 🇦🇪 درهم امارات : 636,080 ریال 🇹🇷 لیر ترکیه : 48,765 ریال 🇨🇭 فرانک سوئیس : 2,846,700 ریال 🇩🇰 کرون دانمار...",Armenia|Dubai|Iraq|Qatar|Turkey|UK,,,,,,1944040.00,2336003.80,,,,,,,,2334696.00,,2577900.00,rial,"{""Armenia"": 2577900.0, ""Dubai"": 2336003.8, ""Iraq"": 1944040.0, ""Qatar"": 2334696.0, ""Turkey"": 2203202.7, ""UK"": 2396923.08}",,,,old,47,100,regional_fx_board,2026-09-23T10:50:05+00:00,Armenia,2577900.0,single_value,AMD
nerkhsarafionline,Nerkh Sarafi Online نرخ صرافي,". ⭕️ قیمت ارزهای آزاد | شنبه 4 مهر 1405 - 12:11 🇺🇸 دلار : 2,341,950 ریال 🇪🇺 یورو : 2,669,700 ریال 🇬🇧 پوند انگلیس : 3,104,600 ریال 🇦🇪 درهم امارات : 637,710 ریال 🇹🇷 لیر ترکیه : 48,865 ریال 🇨🇭 فرانک سوئیس : 2,828,700 ریال 🇩🇰 کرون دانمارک : 356...",Armenia|Dubai|Iraq|Qatar|Turkey|UK,,,,,,1965000.00,2341989.98,,,,,,,,2340884.00,,2511600.00,rial,"{""Armenia"": 2511600.0, ""Dubai"": 2341989.98, ""Iraq"": 1965000.0, ""Qatar"": 2340884.0, ""Turkey"": 2207720.7, ""UK"": 2388153.85}",,,,old,47,100,regional_fx_board,2026-09-26T09:15:53+00:00,Armenia,2511600.0,single_value,AMD
nerkhsarafionline,Nerkh Sarafi Online نرخ صرافي,". ⭕️ قیمت ارزهای آزاد | یکشنبه 5 مهر 1405 - 12:21 🇺🇸 دلار : 2,350,700 ریال 🇪🇺 یورو : 2,679,300 ریال 🇬🇧 پوند انگلیس : 3,115,800 ریال 🇦🇪 درهم امارات : 640,010 ریال 🇹🇷 لیر ترکیه : 49,065 ریال 🇨🇭 فرانک سوئیس : 2,838,900 ریال 🇩🇰 کرون دانمارک : 3...",Armenia|Dubai|Iraq|Qatar|Turkey|UK,,,,,,1974170.00,2350436.73,,,,,,,,2356536.00,,2523300.00,rial,"{""Armenia"": 2523300.0, ""Dubai"": 2350436.73, ""Iraq"": 1974170.0, ""Qatar"": 2356536.0, ""Turkey"": 2216756.7, ""UK"": 2396769.23}",,,,old,47,100,regional_fx_board,2026-09-27T09:01:47+00:00,Armenia,2523300.0,single_value,AMD
nerkhsarafionline,Nerkh Sarafi Online نرخ صرافي,". ⭕️ قیمت ارزهای آزاد | سه شنبه 31 شهریور 1405 - 12:11 🇺🇸 دلار : 2,346,750 ریال 🇪🇺 یورو : 2,686,800 ریال 🇬🇧 پوند انگلیس : 3,129,000 ریال 🇦🇪 درهم امارات : 639,270 ریال 🇹🇷 لیر ترکیه : 48,965 ریال 🇨🇭 فرانک سوئیس : 2,857,900 ریال 🇩🇰 کرون دانمار...",Armenia|Dubai|Iraq|Qatar|Turkey|UK,,,,,,1996440.00,2347719.07,,,,,,,,,,,rial,"{""Dubai"": 2347719.07, ""Iraq"": 1996440.0}",,,,old,47,100,regional_fx_board,2026-09-22T09:13:03+00:00,Dubai,2347719.0749999997,single_value,AED
nerkhsarafionline,Nerkh Sarafi Online نرخ صرافي,". ⭕️ قیمت ارزهای آزاد | سه شنبه 31 شهریور 1405 - 18:58 🇺🇸 دلار : 2,335,000 ریال 🇪🇺 یورو : 2,674,600 ریال 🇬🇧 پوند انگلیس : 3,116,000 ریال 🇦🇪 درهم امارات : 636,080 ریال 🇹🇷 لیر ترکیه : 48,765 ریال 🇨🇭 فرانک سوئیس : 2,846,700 ریال 🇩🇰 کرون دانمار...",Armenia|Dubai|Iraq|Qatar|Turkey|UK,,,,,,1944040.00,2336003.80,,,,,,,,,,,rial,"{""Dubai"": 2336003.8, ""Iraq"": 1944040.0}",,,,old,47,100,regional_fx_board,2026-09-23T10:50:05+00:00,Dubai,2336003.8,single_value,AED
nerkhsarafionline,Nerkh Sarafi Online نرخ صرافي,". ⭕️ قیمت ارزهای آزاد | شنبه 4 مهر 1405 - 12:11 🇺🇸 دلار : 2,341,950 ریال 🇪🇺 یورو : 2,669,700 ریال 🇬🇧 پوند انگلیس : 3,104,600 ریال 🇦🇪 درهم امارات : 637,710 ریال 🇹🇷 لیر ترکیه : 48,865 ریال 🇨🇭 فرانک سوئیس : 2,828,700 ریال 🇩🇰 کرون دانمارک : 356...",Armenia|Dubai|Iraq|Qatar|Turkey|UK,,,,,,1965000.00,2341989.98,,,,,,,,,,,rial,"{""Dubai"": 2341989.98, ""Iraq"": 1965000.0}",,,,old,47,100,regional_fx_board,2026-09-26T09:15:53+00:00,Dubai,2341989.975,single_value,AED
nerkhsarafionline,Nerkh Sarafi Online نرخ صرافي,". ⭕️ قیمت ارزهای آزاد | یکشنبه 5 مهر 1405 - 12:21 🇺🇸 دلار : 2,350,700 ریال 🇪🇺 یورو : 2,679,300 ریال 🇬🇧 پوند انگلیس : 3,115,800 ریال 🇦🇪 درهم امارات : 640,010 ریال 🇹🇷 لیر ترکیه : 49,065 ریال 🇨🇭 فرانک سوئیس : 2,838,900 ریال 🇩🇰 کرون دانمارک : 3...",Armenia|Dubai|Iraq|Qatar|Turkey|UK,,,,,,1974170.00,2350436.73,,,,,,,,,,,rial,"{""Dubai"": 2350436.73, ""Iraq"": 1974170.0}",,,,old,47,100,regional_fx_board,2026-09-27T09:01:47+00:00,Dubai,2350436.725,single_value,AED
nerkhsarafionline,Nerkh Sarafi Online نرخ صرافي,". ⭕️ قیمت ارزهای آزاد | سه شنبه 31 شهریور 1405 - 12:11 🇺🇸 دلار : 2,346,750 ریال 🇪🇺 یورو : 2,686,800 ریال 🇬🇧 پوند انگلیس : 3,129,000 ریال 🇦🇪 درهم امارات : 639,270 ریال 🇹🇷 لیر ترکیه : 48,965 ریال 🇨🇭 فرانک سوئیس : 2,857,900 ریال 🇩🇰 کرون دانمار...",Armenia|Dubai|Iraq|Qatar|Turkey|UK,,,,,,1996440.00,,,,,,,,,,,,rial,"{""Iraq"": 1996440.0}",,,,old,47,100,regional_fx_board,2026-09-22T09:13:03+00:00,Iraq,1996440.0,single_value,IQD
nerkhsarafionline,Nerkh Sarafi Online نرخ صرافي,". ⭕️ قیمت ارزهای آزاد | سه شنبه 31 شهریور 1405 - 18:58 🇺🇸 دلار : 2,335,000 ریال 🇪🇺 یورو : 2,674,600 ریال 🇬🇧 پوند انگلیس : 3,116,000 ریال 🇦🇪 درهم امارات : 636,080 ریال 🇹🇷 لیر ترکیه : 48,765 ریال 🇨🇭 فرانک سوئیس : 2,846,700 ریال 🇩🇰 کرون دانمار...",Armenia|Dubai|Iraq|Qatar|Turkey|UK,,,,,,1944040.00,,,,,,,,,,,,rial,"{""Iraq"": 1944040.0}",,,,old,47,100,regional_fx_board,2026-09-23T10:50:05+00:00,Iraq,1944040.0,single_value,IQD
nerkhsarafionline,Nerkh Sarafi Online نرخ صرافي,". ⭕️ قیمت ارزهای آزاد | شنبه 4 مهر 1405 - 12:11 🇺🇸 دلار : 2,341,950 ریال 🇪🇺 یورو : 2,669,700 ریال 🇬🇧 پوند انگلیس : 3,104,600 ریال 🇦🇪 درهم امارات : 637,710 ریال 🇹🇷 لیر ترکیه : 48,865 ریال 🇨🇭 فرانک سوئیس : 2,828,700 ریال 🇩🇰 کرون دانمارک : 356...",Armenia|Dubai|Iraq|Qatar|Turkey|UK,,,,,,1965000.00,,,,,,,,,,,,rial,"{""Iraq"": 1965000.0}",,,,old,47,100,regional_fx_board,2026-09-26T09:15:53+00:00,Iraq,1965000.0,single_value,IQD
nerkhsarafionline,Nerkh Sarafi Online نرخ صرافي,". ⭕️ قیمت ارزهای آزاد | یکشنبه 5 مهر 1405 - 12:21 🇺🇸 دلار : 2,350,700 ریال 🇪🇺 یورو : 2,679,300 ریال 🇬🇧 پوند انگلیس : 3,115,800 ریال 🇦🇪 درهم امارات : 640,010 ریال 🇹🇷 لیر ترکیه : 49,065 ریال 🇨🇭 فرانک سوئیس : 2,838,900 ریال 🇩🇰 کرون دانمارک : 3...",Armenia|Dubai|Iraq|Qatar|Turkey|UK,,,,,,1974170.00,,,,,,,,,,,,rial,"{""Iraq"": 1974170.0}",,,,old,47,100,regional_fx_board,2026-09-27T09:01:47+00:00,Iraq,1974170.0,single_value,IQD
nerkhsarafionline,Nerkh Sarafi Online نرخ صرافي,". ⭕️ قیمت ارزهای آزاد | سه شنبه 31 شهریور 1405 - 12:11 🇺🇸 دلار : 2,346,750 ریال 🇪🇺 یورو : 2,686,800 ریال 🇬🇧 پوند انگلیس : 3,129,000 ریال 🇦🇪 درهم امارات : 639,270 ریال 🇹🇷 لیر ترکیه : 48,965 ریال 🇨🇭 فرانک سوئیس : 2,857,900 ریال 🇩🇰 کرون دانمار...",Armenia|Dubai|Iraq|Qatar|Turkey|UK,,,,,,1996440.00,2347719.07,,,,,,,,2332876.00,,,rial,"{""Dubai"": 2347719.07, ""Iraq"": 1996440.0, ""Qatar"": 2332876.0, ""Turkey"": 2212238.7, ""UK"": 2406923.08}",,,,old,47,100,regional_fx_board,2026-09-22T09:13:03+00:00,Qatar,2332876.0,single_value,QAR
nerkhsarafionline,Nerkh Sarafi Online نرخ صرافي,". ⭕️ قیمت ارزهای آزاد | سه شنبه 31 شهریور 1405 - 18:58 🇺🇸 دلار : 2,335,000 ریال 🇪🇺 یورو : 2,674,600 ریال 🇬🇧 پوند انگلیس : 3,116,000 ریال 🇦🇪 درهم امارات : 636,080 ریال 🇹🇷 لیر ترکیه : 48,765 ریال 🇨🇭 فرانک سوئیس : 2,846,700 ریال 🇩🇰 کرون دانمار...",Armenia|Dubai|Iraq|Qatar|Turkey|UK,,,,,,1944040.00,2336003.80,,,,,,,,2334696.00,,,rial,"{""Dubai"": 2336003.8, ""Iraq"": 1944040.0, ""Qatar"": 2334696.0, ""Turkey"": 2203202.7, ""UK"": 2396923.08}",,,,old,47,100,regional_fx_board,2026-09-23T10:50:05+00:00,Qatar,2334696.0,single_value,QAR
nerkhsarafionline,Nerkh Sarafi Online نرخ صرافي,". ⭕️ قیمت ارزهای آزاد | شنبه 4 مهر 1405 - 12:11 🇺🇸 دلار : 2,341,950 ریال 🇪🇺 یورو : 2,669,700 ریال 🇬🇧 پوند انگلیس : 3,104,600 ریال 🇦🇪 درهم امارات : 637,710 ریال 🇹🇷 لیر ترکیه : 48,865 ریال 🇨🇭 فرانک سوئیس : 2,828,700 ریال 🇩🇰 کرون دانمارک : 356...",Armenia|Dubai|Iraq|Qatar|Turkey|UK,,,,,,1965000.00,2341989.98,,,,,,,,2340884.00,,,rial,"{""Dubai"": 2341989.98, ""Iraq"": 1965000.0, ""Qatar"": 2340884.0, ""Turkey"": 2207720.7, ""UK"": 2388153.85}",,,,old,47,100,regional_fx_board,2026-09-26T09:15:53+00:00,Qatar,2340884.0,single_value,QAR
nerkhsarafionline,Nerkh Sarafi Online نرخ صرافي,". ⭕️ قیمت ارزهای آزاد | یکشنبه 5 مهر 1405 - 12:21 🇺🇸 دلار : 2,350,700 ریال 🇪🇺 یورو : 2,679,300 ریال 🇬🇧 پوند انگلیس : 3,115,800 ریال 🇦🇪 درهم امارات : 640,010 ریال 🇹🇷 لیر ترکیه : 49,065 ریال 🇨🇭 فرانک سوئیس : 2,838,900 ریال 🇩🇰 کرون دانمارک : 3...",Armenia|Dubai|Iraq|Qatar|Turkey|UK,,,,,,1974170.00,2350436.73,,,,,,,,2356536.00,,,rial,"{""Dubai"": 2350436.73, ""Iraq"": 1974170.0, ""Qatar"": 2356536.0, ""Turkey"": 2216756.7, ""UK"": 2396769.23}",,,,old,47,100,regional_fx_board,2026-09-27T09:01:47+00:00,Qatar,2356536.0,single_value,QAR
nerkhsarafionline,Nerkh Sarafi Online نرخ صرافي,". ⭕️ قیمت ارزهای آزاد | سه شنبه 31 شهریور 1405 - 12:11 🇺🇸 دلار : 2,346,750 ریال 🇪🇺 یورو : 2,686,800 ریال 🇬🇧 پوند انگلیس : 3,129,000 ریال 🇦🇪 درهم امارات : 639,270 ریال 🇹🇷 لیر ترکیه : 48,965 ریال 🇨🇭 فرانک سوئیس : 2,857,900 ریال 🇩🇰 کرون دانمار...",Armenia|Dubai|Iraq|Qatar|Turkey|UK,,,,,,1996440.00,2347719.07,,,,,,,,,,,rial,"{""Dubai"": 2347719.07, ""Iraq"": 1996440.0, ""Turkey"": 2212238.7}",,,,old,47,100,regional_fx_board,2026-09-22T09:13:03+00:00,Turkey,2212238.7,single_value,TRY
nerkhsarafionline,Nerkh Sarafi Online نرخ صرافي,". ⭕️ قیمت ارزهای آزاد | سه شنبه 31 شهریور 1405 - 18:58 🇺🇸 دلار : 2,335,000 ریال 🇪🇺 یورو : 2,674,600 ریال 🇬🇧 پوند انگلیس : 3,116,000 ریال 🇦🇪 درهم امارات : 636,080 ریال 🇹🇷 لیر ترکیه : 48,765 ریال 🇨🇭 فرانک سوئیس : 2,846,700 ریال 🇩🇰 کرون دانمار...",Armenia|Dubai|Iraq|Qatar|Turkey|UK,,,,,,1944040.00,2336003.80,,,,,,,,,,,rial,"{""Dubai"": 2336003.8, ""Iraq"": 1944040.0, ""Turkey"": 2203202.7}",,,,old,47,100,regional_fx_board,2026-09-23T10:50:05+00:00,Turkey,2203202.7,single_value,TRY
nerkhsarafionline,Nerkh Sarafi Online نرخ صرافي,". ⭕️ قیمت ارزهای آزاد | شنبه 4 مهر 1405 - 12:11 🇺🇸 دلار : 2,341,950 ریال 🇪🇺 یورو : 2,669,700 ریال 🇬🇧 پوند انگلیس : 3,104,600 ریال 🇦🇪 درهم امارات : 637,710 ریال 🇹🇷 لیر ترکیه : 48,865 ریال 🇨🇭 فرانک سوئیس : 2,828,700 ریال 🇩🇰 کرون دانمارک : 356...",Armenia|Dubai|Iraq|Qatar|Turkey|UK,,,,,,1965000.00,2341989.98,,,,,,,,,,,rial,"{""Dubai"": 2341989.98, ""Iraq"": 1965000.0, ""Turkey"": 2207720.7}",,,,old,47,100,regional_fx_board,2026-09-26T09:15:53+00:00,Turkey,2207720.7,single_value,TRY
nerkhsarafionline,Nerkh Sarafi Online نرخ صرافي,". ⭕️ قیمت ارزهای آزاد | یکشنبه 5 مهر 1405 - 12:21 🇺🇸 دلار : 2,350,700 ریال 🇪🇺 یورو : 2,679,300 ریال 🇬🇧 پوند انگلیس : 3,115,800 ریال 🇦🇪 درهم امارات : 640,010 ریال 🇹🇷 لیر ترکیه : 49,065 ریال 🇨🇭 فرانک سوئیس : 2,838,900 ریال 🇩🇰 کرون دانمارک : 3...",Armenia|Dubai|Iraq|Qatar|Turkey|UK,,,,,,1974170.00,2350436.73,,,,,,,,,,,rial,"{""Dubai"": 2350436.73, ""Iraq"": 1974170.0, ""Turkey"": 2216756.7}",,,,old,47,100,regional_fx_board,2026-09-27T09:01:47+00:00,Turkey,2216756.7,single_value,TRY
nerkhsarafionline,Nerkh Sarafi Online نرخ صرافي,". ⭕️ قیمت ارزهای آزاد | سه شنبه 31 شهریور 1405 - 12:11 🇺🇸 دلار : 2,346,750 ریال 🇪🇺 یورو : 2,686,800 ریال 🇬🇧 پوند انگلیس : 3,129,000 ریال 🇦🇪 درهم امارات : 639,270 ریال 🇹🇷 لیر ترکیه : 48,965 ریال 🇨🇭 فرانک سوئیس : 2,857,900 ریال 🇩🇰 کرون دانمار...",Armenia|Dubai|Iraq|Qatar|Turkey|UK,,,,,,1996440.00,2347719.07,,,,,,,,,,,rial,"{""Dubai"": 2347719.07, ""Iraq"": 1996440.0, ""Turkey"": 2212238.7, ""UK"": 2406923.08}",,,,old,47,100,regional_fx_board,2026-09-22T09:13:03+00:00,UK,2406923.076923077,single_value,GBP
nerkhsarafionline,Nerkh Sarafi Online نرخ صرافي,". ⭕️ قیمت ارزهای آزاد | سه شنبه 31 شهریور 1405 - 18:58 🇺🇸 دلار : 2,335,000 ریال 🇪🇺 یورو : 2,674,600 ریال 🇬🇧 پوند انگلیس : 3,116,000 ریال 🇦🇪 درهم امارات : 636,080 ریال 🇹🇷 لیر ترکیه : 48,765 ریال 🇨🇭 فرانک سوئیس : 2,846,700 ریال 🇩🇰 کرون دانمار...",Armenia|Dubai|Iraq|Qatar|Turkey|UK,,,,,,1944040.00,2336003.80,,,,,,,,,,,rial,"{""Dubai"": 2336003.8, ""Iraq"": 1944040.0, ""Turkey"": 2203202.7, ""UK"": 2396923.08}",,,,old,47,100,regional_fx_board,2026-09-23T10:50:05+00:00,UK,2396923.076923077,single_value,GBP
nerkhsarafionline,Nerkh Sarafi Online نرخ صرافي,". ⭕️ قیمت ارزهای آزاد | شنبه 4 مهر 1405 - 12:11 🇺🇸 دلار : 2,341,950 ریال 🇪🇺 یورو : 2,669,700 ریال 🇬🇧 پوند انگلیس : 3,104,600 ریال 🇦🇪 درهم امارات : 637,710 ریال 🇹🇷 لیر ترکیه : 48,865 ریال 🇨🇭 فرانک سوئیس : 2,828,700 ریال 🇩🇰 کرون دانمارک : 356...",Armenia|Dubai|Iraq|Qatar|Turkey|UK,,,,,,1965000.00,2341989.98,,,,,,,,,,,rial,"{""Dubai"": 2341989.98, ""Iraq"": 1965000.0, ""Turkey"": 2207720.7, ""UK"": 2388153.85}",,,,old,47,100,regional_fx_board,2026-09-26T09:15:53+00:00,UK,2388153.846153846,single_value,GBP
nerkhsarafionline,Nerkh Sarafi Online نرخ صرافي,". ⭕️ قیمت ارزهای آزاد | یکشنبه 5 مهر 1405 - 12:21 🇺🇸 دلار : 2,350,700 ریال 🇪🇺 یورو : 2,679,300 ریال 🇬🇧 پوند انگلیس : 3,115,800 ریال 🇦🇪 درهم امارات : 640,010 ریال 🇹🇷 لیر ترکیه : 49,065 ریال 🇨🇭 فرانک سوئیس : 2,838,900 ریال 🇩🇰 کرون دانمارک : 3...",Armenia|Dubai|Iraq|Qatar|Turkey|UK,,,,,,1974170.00,2350436.73,,,,,,,,,,,rial,"{""Dubai"": 2350436.73, ""Iraq"": 1974170.0, ""Turkey"": 2216756.7, ""UK"": 2396769.23}",,,,old,47,100,regional_fx_board,2026-09-27T09:01:47+00:00,UK,2396769.2307692305,single_value,GBP
qheimat_dolar_sabze,نرخ دلار و طلا و سکه تهران,"📌 قیمت لحظه‌ای ارز | ۱۴۰۵/۰۵/۱۹ 💵 دلار آمریکا | 185,600 تومان 📈 0.16 | 🔺 186,720 | 🔻 185,280 💶 یورو | 214,530 تومان 📈 0.15 | 🔺 215,830 | 🔻 214,170 🇦🇪 درهم امارات | 50,538 تومان 📈 0.75 | 🔺 51,117 | 🔻 50,452 ₿ بیت کوین | 64,971.00 دلار (≈ 12,...",Dubai,,,,,,,1856008.05,,,,,,,,,,,toman,"{""Dubai"": 1856008.05}",,,,old,47,100,regional_market_channel,2026-08-10T05:24:58+00:00,Dubai,1856008.05,single_value,AED
qheimat_dolar_sabze,نرخ دلار و طلا و سکه تهران,"📌 قیمت لحظه‌ای ارز | ۱۴۰۵/۰۵/۱۹ 💵 دلار آمریکا | 185,600 تومان 📈 0.16 | 🔺 186,720 | 🔻 185,280 💶 یورو | 214,530 تومان 📈 0.15 | 🔺 215,830 | 🔻 214,170 🇦🇪 درهم امارات | 50,538 تومان 📈 0.75 | 🔺 51,117 | 🔻 50,452 ₿ بیت کوین | 65,153.00 دلار (≈ 12,...",Dubai,,,,,,,1856008.05,,,,,,,,,,,toman,"{""Dubai"": 1856008.05}",,,,old,47,100,regional_market_channel,2026-08-10T06:25:11+00:00,Dubai,1856008.05,single_value,AED
qheimat_dolar_sabze,نرخ دلار و طلا و سکه تهران,"📌 قیمت لحظه‌ای ارز | ۱۴۰۵/۰۵/۱۹ 💵 دلار آمریکا | 185,600 تومان 📈 0.16 | 🔺 186,720 | 🔻 185,280 💶 یورو | 214,530 تومان 📈 0.15 | 🔺 215,830 | 🔻 214,170 🇦🇪 درهم امارات | 50,538 تومان 📈 0.75 | 🔺 51,117 | 🔻 50,452 ₿ بیت کوین | 65,236.00 دلار (≈ 12,...",Dubai,,,,,,,1856008.05,,,,,,,,,,,toman,"{""Dubai"": 1856008.05}",,,,old,47,100,regional_market_channel,2026-08-10T07:25:26+00:00,Dubai,1856008.05,single_value,AED
qheimat_dolar_sabze,نرخ دلار و طلا و سکه تهران,"📌 قیمت لحظه‌ای ارز | ۱۴۰۵/۰۵/۱۹ 💵 دلار آمریکا | 185,985 تومان 📈 0.05 | 🔺 186,720 | 🔻 184,680 💶 یورو | 214,940 تومان 📈 0.04 | 🔺 215,830 | 🔻 213,560 🇦🇪 درهم امارات | 50,669 تومان 📈 0.49 | 🔺 51,117 | 🔻 50,307 ₿ بیت کوین | 65,030.00 دلار (≈ 12,...",Dubai,,,,,,,1860819.02,,,,,,,,,,,toman,"{""Dubai"": 1860819.02}",,,,old,47,100,regional_market_channel,2026-08-10T11:41:10+00:00,Dubai,1860819.025,single_value,AED
qheimat_dolar_sabze,نرخ دلار و طلا و سکه تهران,"📌 قیمت لحظه‌ای ارز | ۱۴۰۵/۰۵/۲۰ 💵 دلار آمریکا | 187,690 تومان 📈 1.13 | 🔺 187,820 | 🔻 185,180 💶 یورو | 216,520 تومان 📈 0.93 | 🔺 216,710 | 🔻 213,640 🇦🇪 درهم امارات | 51,124 تومان 📈 1.16 | 🔺 51,162 | 🔻 50,443 ₿ بیت کوین | 64,130.00 دلار (≈ 12,...",Dubai,,,,,,,1877528.90,,,,,,,,,,,toman,"{""Dubai"": 1877528.9}",,,,old,47,100,regional_market_channel,2026-08-11T09:39:55+00:00,Dubai,1877528.9,single_value,AED
aghohmpeq1,💱تحلیل آبشده نقدی دلار هرات💱,هدف دلار هرات 162000 هدف بعدی 163000 ✅,Herat,,1620000.00,,,,,,,,,,,,,,,,toman,"{""Herat"": 1620000.0}",,,,old,46,35,aggregator,2026-02-12T09:18:49+00:00,Herat,1620000.0,single_value,USD
avatodaydollar,Avatoday Dollar exchange آواتودی دلار,"دلار فردایی تهران ⏳ 176,000 فروش 🆔 @ @avatodaydollar",Tehran,1760000.00,,,,,,,,,,,,,,,,,toman,"{""Tehran"": 1760000.0}",,176000,,old,45,45,regional_market_channel,2026-07-03T14:42:13+00:00,Tehran,1760000.0,sell,USD
avatodaydollar,Avatoday Dollar exchange آواتودی دلار,"دلار تهران: 178,930 خرید 🆔 @avatodaydollar",Tehran,1789300.00,,,,,,,,,,,,,,,,,toman,"{""Tehran"": 1789300.0}",178930,,,old,45,45,regional_market_channel,2026-07-12T19:15:07+00:00,Tehran,1789300.0,buy,USD
avatodaydollar,Avatoday Dollar exchange آواتودی دلار,"🔻 🔺 دلار تهران: 180,660 فروش 🆔 @avatodaydollar",Tehran,1806600.00,,,,,,,,,,,,,,,,,toman,"{""Tehran"": 1806600.0}",,180660,,old,45,45,regional_market_channel,2026-07-13T16:04:59+00:00,Tehran,1806600.0,sell,USD
avatodaydollar,Avatoday Dollar exchange آواتودی دلار,"دلار نــقدی تهران 💵 187,600 فروش 🆔 @avatodaydollar",Tehran,1876000.00,,,,,,,,,,,,,,,,,toman,"{""Tehran"": 1876000.0}",,187600,,old,45,45,regional_market_channel,2026-07-16T08:47:39+00:00,Tehran,1876000.0,sell,USD
avatodaydollar,Avatoday Dollar exchange آواتودی دلار,"دلار فردایی تهران ⏳ 193,500 فروش 🆔 @avatodaydollar",Tehran,1935000.00,,,,,,,,,,,,,,,,,toman,"{""Tehran"": 1935000.0}",,193500,,old,45,45,regional_market_channel,2026-07-23T14:21:22+00:00,Tehran,1935000.0,sell,USD
dolarsaghez,دلار سقز,"دلار فردایی تهران 163,‌600 خـرید دلار فردایی تهران 163,650 فروش دلار فردایی تهران 163,‌600 معامله",Tehran,1636500.00,,,,,,,,,,,,,,,,,toman,"{""Tehran"": 1636500.0}",,163650,,old,45,100,regional_market_channel,2026-02-19T11:46:54+00:00,Tehran,1636500.0,sell,USD
dollarlahzei1,قیمت لحظه ای دلار خودرو💲,"دلار فردایی تهران ⏳ 172,500 فروش 🔴",Tehran,1725000.00,,,,,,,,,,,,,,,,,toman,"{""Tehran"": 1725000.0}",,172500,,old,45,0,unknown,2026-05-26T16:52:09+00:00,Tehran,1725000.0,sell,USD
dollarlahzei1,قیمت لحظه ای دلار خودرو💲,"دلار فردایی تهران ⏳ 172,000 فروش 🔴",Tehran,1720000.00,,,,,,,,,,,,,,,,,toman,"{""Tehran"": 1720000.0}",,172000,,old,45,0,unknown,2026-05-26T16:57:11+00:00,Tehran,1720000.0,sell,USD
dollarlahzei1,قیمت لحظه ای دلار خودرو💲,"دلار فردایی تهران ⏳ 173,000 فروش 🔴",Tehran,1730000.00,,,,,,,,,,,,,,,,,toman,"{""Tehran"": 1730000.0}",,173000,,old,45,0,unknown,2026-05-27T08:52:08+00:00,Tehran,1730000.0,sell,USD
dollarlahzei1,قیمت لحظه ای دلار خودرو💲,"دلار فردایی تهران ⏳ 173,500 فروش 🔴",Tehran,1735000.00,,,,,,,,,,,,,,,,,toman,"{""Tehran"": 1735000.0}",,173500,,old,45,0,unknown,2026-05-27T10:57:09+00:00,Tehran,1735000.0,sell,USD
arianaexchange,Ariana exchange صرافي آريانا💰,"🔵 نرخ خريد ويژه 161,000 (استراليا به ايران) 📌 مبالغ بالاي 10,000$",Iran,,,,,,,,,,,,,,,,,,toman,"{""Iran"": 1610000.0}",,,,stale,44,100,exchange_shop,2026-09-28T03:34:25+00:00,Iran,1610000.0,single_value,USD
arianaexchange,Ariana exchange صرافي آريانا💰,"🔵 نرخ خريد ويژه 169,000 (استراليا به ايران) 📌 مبالغ بالاي 10,000$",Iran,,,,,,,,,,,,,,,,,,toman,"{""Iran"": 1690000.0}",,,,stale,44,100,exchange_shop,2026-09-30T06:30:11+00:00,Iran,1690000.0,single_value,USD
arianaexchange,Ariana exchange صرافي آريانا💰,"🔵 نرخ خريد ويژه 171,000 (استراليا به ايران) 📌 مبالغ بالاي 10,000$",Iran,,,,,,,,,,,,,,,,,,toman,"{""Iran"": 1710000.0}",,,,stale,44,100,exchange_shop,2026-10-01T05:45:43+00:00,Iran,1710000.0,single_value,USD
hamburg_euro,هامبورگ یورو,🔹 #فروش_یورو #هامبورگ آلمان مقدار: 2000 یورو نرخ: 190000 تومان 👤 ارتباط با شخص | @HamburgEuroo توضیحات: توافقی,Hamburg,,,,,,,,,1666666.67,,,,,,,,,toman,"{""Hamburg"": 1666666.67}",,,,old,43,100,regional_market_channel,2026-08-08T17:29:50+00:00,Hamburg,1666666.6666666667,single_value,EUR
hamburg_euro,هامبورگ یورو,🔹 #فروش_یورو #هامبورگ آلمان مقدار: 1000 یورو نرخ: 190000 تومان 👤 ارتباط با شخص | @HamburgEuroo توضیحات: توافقی,Hamburg,,,,,,,,,1666666.67,,,,,,,,,toman,"{""Hamburg"": 1666666.67}",,,,old,43,100,regional_market_channel,2026-09-21T11:32:14+00:00,Hamburg,1666666.6666666667,single_value,EUR
lubrinol,lubrinol,🗓 1400/04/10 23:40 نرخ های پایان امروز : دلار #آزاد در تهران : 25.100 🇺🇸 ➖ یورو اتحادیه اروپا : 29.750 🇪🇺 ➖ پوند انگلیس : 34.350 🏴󠁧󠁢󠁥󠁮󠁧󠁿 🔺 درهم امارات : 6.850 🇦🇪 ➖ 🥇 سکه نقدی/امامی : 10.725.000 🔻 🥇 نیم سکه : 5.750.000 ➖ 🥇 ربع سکه : 3.700.00...,Dubai,,,,,,,1220445.20,,,,,,,,,,,toman,"{""Dubai"": 1220445.2}",,,,old,43,100,regional_market_channel,2021-07-02T04:37:13+00:00,Dubai,1220445.2,single_value,AED
darbastan,Darbastan.com,"💰 قیمت لوله داربستی 🏭 کارخانه تهرانشرق —————————————— ▫️ ضخامت(mm): ۲ ▫️ طول: ۶ ▫️ شاخه: ۱۳.۷ تا ۱۴ ▫️ وزن: کیلوگرم ▫️ قیمت (تومان): ۱۴۴,۸۰۰ ▫️ ضخامت(mm): ۲.۵ ▫️ طول: ۶ ▫️ شاخه: ۱۶.۲ تا ۱۶.۵ ▫️ وزن: کیلوگرم ▫️ قیمت (تومان): ۱۴۵,۸۰۰ ▫️ ضخامت...",Tehran,1448000.00,,,,,,,,,,,,,,,,,toman,"{""Tehran"": 1448000.0}",,,,old,42,95,regional_market_channel,2026-09-20T14:33:32+00:00,Tehran,1448000.0,single_value,USD
tomandollar110,💵نرخ تومان دلار 💵,مشهد کف بازار 252400,Mashhad,,,,,,,,,,,,,,,,,,toman,"{""Mashhad"": 2524000.0}",,,,stale,41,75,regional_fx_board,2026-10-01T05:48:44+00:00,Mashhad,2524000.0,single_value,USD
avatodaydollar,Avatoday Dollar exchange آواتودی دلار,"دلار فردایی تهران ⏳ 174,000 مـعامله شد ✅ 🆔 @avatodaydollar",Tehran,1740000.00,,,,,,,,,,,,,,,,,toman,"{""Tehran"": 1740000.0}",,,,old,39,45,regional_market_channel,2026-07-01T15:23:50+00:00,Tehran,1740000.0,single_value,USD
avatodaydollar,Avatoday Dollar exchange آواتودی دلار,"دلار فردایی تهران ⏳ 176,000 مـعامله شد ✅ 🆔 @avatodaydollar",Tehran,1760000.00,,,,,,,,,,,,,,,,,toman,"{""Tehran"": 1760000.0}",,,,old,39,45,regional_market_channel,2026-07-02T17:26:27+00:00,Tehran,1760000.0,single_value,USD
avatodaydollar,Avatoday Dollar exchange آواتودی دلار,"🔻 🔺 دلار تهران: 180,250 معامله ✅ 🆔 @ @avatodaydollar",Tehran,1802500.00,,,,,,,,,,,,,,,,,toman,"{""Tehran"": 1802500.0}",,,,old,39,45,regional_market_channel,2026-07-09T15:59:44+00:00,Tehran,1802500.0,single_value,USD
avatodaydollar,Avatoday Dollar exchange آواتودی دلار,"دلار فردایی تهران ⏳ 187,800 مـعامله شد ✅ 🆔 @avatodaydollar",Tehran,1878000.00,,,,,,,,,,,,,,,,,toman,"{""Tehran"": 1878000.0}",,,,old,39,45,regional_market_channel,2026-07-15T15:24:26+00:00,Tehran,1878000.0,single_value,USD
avatodaydollar,Avatoday Dollar exchange آواتودی دلار,"دلار نــقدی تهران 💵 190,200 🆔 @avatodaydollar",Tehran,1902000.00,,,,,,,,,,,,,,,,,toman,"{""Tehran"": 1902000.0}",,,,old,39,45,regional_market_channel,2026-07-21T12:31:13+00:00,Tehran,1902000.0,single_value,USD
avatodaydollar,Avatoday Dollar exchange آواتودی دلار,"دلار تهران: 190,650 معامله ✅ 🆔 @javanmardi77",Tehran,1906500.00,,,,,,,,,,,,,,,,,toman,"{""Tehran"": 1906500.0}",,,,old,39,45,regional_market_channel,2026-07-28T15:42:49+00:00,Tehran,1906500.0,single_value,USD
avatodaydollar,Avatoday Dollar exchange آواتودی دلار,"🔻 دلار فردایی تهران 200,700 مـعامله شد ✅ 🆔 @avatodaydollar",Tehran,2007000.00,,,,,,,,,,,,,,,,,toman,"{""Tehran"": 2007000.0}",,,,old,39,45,regional_market_channel,2026-08-25T18:46:19+00:00,Tehran,2007000.0,single_value,USD
dollarlahzei1,قیمت لحظه ای دلار خودرو💲,"دلار فردایی تهران ⏳ 172,000 خــرید 🔵",Tehran,1720000.00,,,,,,,,,,,,,,,,,toman,"{""Tehran"": 1720000.0}",,,,old,39,0,unknown,2026-05-26T16:52:08+00:00,Tehran,1720000.0,single_value,USD
dollarlahzei1,قیمت لحظه ای دلار خودرو💲,"دلار فردایی تهران ⏳ 172,000 مـعامله شد ✅",Tehran,1720000.00,,,,,,,,,,,,,,,,,toman,"{""Tehran"": 1720000.0}",,,,old,39,0,unknown,2026-05-26T16:57:11+00:00,Tehran,1720000.0,single_value,USD
dollarlahzei1,قیمت لحظه ای دلار خودرو💲,"دلار فردایی تهران ⏳ 171,500 خــرید 🔵",Tehran,1715000.00,,,,,,,,,,,,,,,,,toman,"{""Tehran"": 1715000.0}",,,,old,39,0,unknown,2026-05-26T16:57:11+00:00,Tehran,1715000.0,single_value,USD
dollarlahzei1,قیمت لحظه ای دلار خودرو💲,"دلار فردایی تهران ⏳ 172,500 خــرید 🔵",Tehran,1725000.00,,,,,,,,,,,,,,,,,toman,"{""Tehran"": 1725000.0}",,,,old,39,0,unknown,2026-05-27T08:52:08+00:00,Tehran,1725000.0,single_value,USD
dollarlahzei1,قیمت لحظه ای دلار خودرو💲,"دلار فردایی تهران ⏳ 173,000 مـعامله شد ✅",Tehran,1730000.00,,,,,,,,,,,,,,,,,toman,"{""Tehran"": 1730000.0}",,,,old,39,0,unknown,2026-05-27T10:57:09+00:00,Tehran,1730000.0,single_value,USD
dollarlahzei1,قیمت لحظه ای دلار خودرو💲,"دلار فردایی تهران ⏳ 173,000 خــرید 🔵",Tehran,1730000.00,,,,,,,,,,,,,,,,,toman,"{""Tehran"": 1730000.0}",,,,old,39,0,unknown,2026-05-27T10:57:09+00:00,Tehran,1730000.0,single_value,USD
dornareport,Dornareport,📢 دبی، فرودگاه جهان؛ ۱۰ سال صدرنشینی DXB به‌عنوان شلوغ‌ترین هاب بین‌المللی فرودگاه بین‌المللی دبی (DXB) برای دهمین سال متوالی، عنوان شلوغ‌ترین فرودگاه بین‌المللی جهان را حفظ کرده است. 🔹 دستاوردهای ۱۰ سال گذشته: ✅ ۷۰۰ میلیون مسافر ✅ ۳.۳ میلی...,Dubai,,,,,,,1617001.75,,,,,,,,,,,rial,"{""Dubai"": 1617001.75}",,,,old,36,90,regional_fx_board,2025-01-30T12:37:37+00:00,Dubai,1617001.75,single_value,AED
dubai,Dubai,"The floor just disappeared. Since April 2026, Dubai's two-year property investor visa has no minimum purchase value at all — the AED 750,000 threshold is gone. The ten-year Golden Visa still sits at AED 2 million, and multiple properties ca...",Dubai,,,,,,,2754375.00,,,,,,,,,,,rial,"{""Dubai"": 2754375.0}",,,,old,36,20,regional_market_channel,2026-09-10T07:01:12+00:00,Dubai,2754375.0,single_value,AED
pargarexchangegroup,Exchange USD/EUR/IRR,هشت نفر تا پایان ثبت نام وبینار در واقع هواپیما پرواز به آینده با خلبانی پرگار به سرزمین جدید آرزوها فقط هشت تا مسافر ظرفیت داره اینو انصافا با عشق میخوام واستون بنویسم: من (علیرضا) توی جلسه ای که اواخر سپتامبر با دکتر سامان و امیر و حبیب و...,Iran,,,,,,,,,,,,,,,,,,toman,"{""Iran"": 1666820.0}",,,,old,36,100,regional_fx_board,2025-11-03T19:17:45+00:00,Iran,1666820.0,single_value,USD
dornareport,Dornareport,"افتتاح یک مرکز خرید عظیم در دبی در آوریل ۲۰۲۵ 🔹 دبی میزبان یک مرکز خرید جدید و بزرگ خواهد بود مرکز خرید جدید ند الشبا مال در منطقه ند الشبا دبی، با مساحت ۵۰۰,۰۰۰ فوت مربع، در آوریل ۲۰۲۵ افتتاح می‌شود. این مجموعه بیش از ۱۰۰ فروشگاه در حوزه‌ه...",Dubai,,,,,,,1836250.00,,,,,,,,,,,rial,"{""Dubai"": 1836250.0}",,,,old,28,90,regional_fx_board,2025-02-01T09:17:43+00:00,Dubai,1836250.0,single_value,AED
